ISO-10303-21;
HEADER;
/* Generated by software containing ST-Developer
 * from STEP Tools, Inc. (www.steptools.com) 
 */

FILE_DESCRIPTION(
/* description */ (''),
/* implementation_level */ '2;1');

FILE_NAME(
/* name */ 'Hackpad Upper model FINAL.step',
/* time_stamp */ '2025-12-18T14:15:24+05:30',
/* author */ (''),
/* organization */ (''),
/* preprocessor_version */ 'ST-DEVELOPER v20.1',
/* originating_system */ 'Autodesk Translation Framework v14.21.0.0',
/* authorisation */ '');

FILE_SCHEMA (('AUTOMOTIVE_DESIGN { 1 0 10303 214 3 1 1 }'));
ENDSEC;

DATA;
#10=MECHANICAL_DESIGN_GEOMETRIC_PRESENTATION_REPRESENTATION('',(#13),#8031);
#11=SHAPE_REPRESENTATION_RELATIONSHIP('SRR','None',#8038,#12);
#12=ADVANCED_BREP_SHAPE_REPRESENTATION('',(#14),#8030);
#13=STYLED_ITEM('',(#8047),#14);
#14=MANIFOLD_SOLID_BREP('Body2',#4227);
#15=CYLINDRICAL_SURFACE('',#4317,5.);
#16=CYLINDRICAL_SURFACE('',#4321,5.);
#17=CYLINDRICAL_SURFACE('',#4324,5.);
#18=CYLINDRICAL_SURFACE('',#4326,5.);
#19=CYLINDRICAL_SURFACE('',#4329,0.499999999999998);
#20=CYLINDRICAL_SURFACE('',#4332,0.499999999999998);
#21=CYLINDRICAL_SURFACE('',#4335,0.499999999999998);
#22=CYLINDRICAL_SURFACE('',#4338,0.499999999999998);
#23=CYLINDRICAL_SURFACE('',#4341,0.499999999999998);
#24=CYLINDRICAL_SURFACE('',#4344,0.499999999999998);
#25=CYLINDRICAL_SURFACE('',#4347,0.499999999999998);
#26=CYLINDRICAL_SURFACE('',#4350,0.499999999999998);
#27=CYLINDRICAL_SURFACE('',#4353,0.499999999999998);
#28=CYLINDRICAL_SURFACE('',#4356,0.499999999999998);
#29=CYLINDRICAL_SURFACE('',#4359,0.500000000000003);
#30=CYLINDRICAL_SURFACE('',#4362,0.499999999999998);
#31=CYLINDRICAL_SURFACE('',#4365,0.5);
#32=CYLINDRICAL_SURFACE('',#4368,0.499999999999998);
#33=CYLINDRICAL_SURFACE('',#4371,0.499999999999998);
#34=CYLINDRICAL_SURFACE('',#4374,0.499999999999998);
#35=CYLINDRICAL_SURFACE('',#4384,1.7);
#36=CYLINDRICAL_SURFACE('',#4387,0.5);
#37=CYLINDRICAL_SURFACE('',#4390,0.500000000000003);
#38=CYLINDRICAL_SURFACE('',#4393,0.499999999999998);
#39=CYLINDRICAL_SURFACE('',#4396,0.499999999999998);
#40=CYLINDRICAL_SURFACE('',#4399,0.5);
#41=CYLINDRICAL_SURFACE('',#4402,0.499999999999998);
#42=CYLINDRICAL_SURFACE('',#4405,0.499999999999998);
#43=CYLINDRICAL_SURFACE('',#4408,0.499999999999998);
#44=CYLINDRICAL_SURFACE('',#4411,0.499999999999998);
#45=CYLINDRICAL_SURFACE('',#4414,0.499999999999998);
#46=CYLINDRICAL_SURFACE('',#4417,0.500000000000003);
#47=CYLINDRICAL_SURFACE('',#4420,0.499999999999998);
#48=CYLINDRICAL_SURFACE('',#4423,0.499999999999998);
#49=CYLINDRICAL_SURFACE('',#4426,0.500000000000003);
#50=CYLINDRICAL_SURFACE('',#4429,0.500000000000003);
#51=CYLINDRICAL_SURFACE('',#4432,0.499999999999998);
#52=CYLINDRICAL_SURFACE('',#4434,1.7);
#53=CYLINDRICAL_SURFACE('',#4436,1.7);
#54=CYLINDRICAL_SURFACE('',#4438,1.7);
#55=CIRCLE('',#4276,5.);
#56=CIRCLE('',#4277,5.);
#57=CIRCLE('',#4278,5.);
#58=CIRCLE('',#4279,5.);
#59=CIRCLE('',#4280,1.7);
#60=CIRCLE('',#4281,1.7);
#61=CIRCLE('',#4282,1.7);
#62=CIRCLE('',#4283,0.499999999999998);
#63=CIRCLE('',#4284,0.499999999999998);
#64=CIRCLE('',#4285,0.500000000000003);
#65=CIRCLE('',#4286,0.500000000000003);
#66=CIRCLE('',#4287,0.499999999999998);
#67=CIRCLE('',#4288,0.499999999999998);
#68=CIRCLE('',#4289,0.499999999999998);
#69=CIRCLE('',#4290,0.500000000000003);
#70=CIRCLE('',#4291,0.499999999999998);
#71=CIRCLE('',#4292,0.5);
#72=CIRCLE('',#4293,0.499999999999998);
#73=CIRCLE('',#4294,0.499999999999998);
#74=CIRCLE('',#4295,0.499999999999998);
#75=CIRCLE('',#4296,0.5);
#76=CIRCLE('',#4297,0.500000000000003);
#77=CIRCLE('',#4298,0.499999999999998);
#78=CIRCLE('',#4299,1.7);
#79=CIRCLE('',#4300,0.499999999999998);
#80=CIRCLE('',#4301,0.5);
#81=CIRCLE('',#4302,0.499999999999998);
#82=CIRCLE('',#4303,0.499999999999998);
#83=CIRCLE('',#4304,0.499999999999998);
#84=CIRCLE('',#4305,0.499999999999998);
#85=CIRCLE('',#4306,0.499999999999998);
#86=CIRCLE('',#4307,0.500000000000003);
#87=CIRCLE('',#4308,0.499999999999998);
#88=CIRCLE('',#4309,0.499999999999998);
#89=CIRCLE('',#4310,0.499999999999998);
#90=CIRCLE('',#4311,0.499999999999998);
#91=CIRCLE('',#4312,0.499999999999998);
#92=CIRCLE('',#4313,0.499999999999998);
#93=CIRCLE('',#4314,0.499999999999998);
#94=CIRCLE('',#4315,0.499999999999998);
#95=CIRCLE('',#4318,5.);
#96=CIRCLE('',#4322,5.);
#97=CIRCLE('',#4325,5.);
#98=CIRCLE('',#4327,5.);
#99=CIRCLE('',#4330,0.499999999999998);
#100=CIRCLE('',#4333,0.499999999999998);
#101=CIRCLE('',#4336,0.499999999999998);
#102=CIRCLE('',#4339,0.499999999999998);
#103=CIRCLE('',#4342,0.499999999999998);
#104=CIRCLE('',#4345,0.499999999999998);
#105=CIRCLE('',#4348,0.499999999999998);
#106=CIRCLE('',#4351,0.499999999999998);
#107=CIRCLE('',#4354,0.499999999999998);
#108=CIRCLE('',#4357,0.499999999999998);
#109=CIRCLE('',#4360,0.500000000000003);
#110=CIRCLE('',#4363,0.499999999999998);
#111=CIRCLE('',#4366,0.5);
#112=CIRCLE('',#4369,0.499999999999998);
#113=CIRCLE('',#4372,0.499999999999998);
#114=CIRCLE('',#4375,0.499999999999998);
#115=CIRCLE('',#4385,1.7);
#116=CIRCLE('',#4388,0.5);
#117=CIRCLE('',#4391,0.500000000000003);
#118=CIRCLE('',#4394,0.499999999999998);
#119=CIRCLE('',#4397,0.499999999999998);
#120=CIRCLE('',#4400,0.5);
#121=CIRCLE('',#4403,0.499999999999998);
#122=CIRCLE('',#4406,0.499999999999998);
#123=CIRCLE('',#4409,0.499999999999998);
#124=CIRCLE('',#4412,0.499999999999998);
#125=CIRCLE('',#4415,0.499999999999998);
#126=CIRCLE('',#4418,0.500000000000003);
#127=CIRCLE('',#4421,0.499999999999998);
#128=CIRCLE('',#4424,0.499999999999998);
#129=CIRCLE('',#4427,0.500000000000003);
#130=CIRCLE('',#4430,0.500000000000003);
#131=CIRCLE('',#4433,0.499999999999998);
#132=CIRCLE('',#4435,1.7);
#133=CIRCLE('',#4437,1.7);
#134=CIRCLE('',#4439,1.7);
#135=FACE_BOUND('',#497,.T.);
#136=FACE_BOUND('',#536,.T.);
#137=FACE_BOUND('',#601,.T.);
#138=FACE_BOUND('',#602,.T.);
#139=FACE_BOUND('',#603,.T.);
#140=FACE_BOUND('',#604,.T.);
#141=FACE_BOUND('',#605,.T.);
#142=FACE_BOUND('',#606,.T.);
#143=FACE_BOUND('',#607,.T.);
#144=FACE_BOUND('',#608,.T.);
#145=FACE_BOUND('',#609,.T.);
#146=FACE_BOUND('',#610,.T.);
#147=FACE_BOUND('',#611,.T.);
#148=FACE_BOUND('',#612,.T.);
#149=FACE_BOUND('',#613,.T.);
#150=FACE_BOUND('',#614,.T.);
#151=FACE_BOUND('',#615,.T.);
#152=FACE_BOUND('',#616,.T.);
#153=FACE_BOUND('',#617,.T.);
#154=FACE_BOUND('',#618,.T.);
#155=FACE_BOUND('',#619,.T.);
#156=FACE_BOUND('',#711,.T.);
#157=FACE_BOUND('',#712,.T.);
#158=FACE_BOUND('',#713,.T.);
#159=FACE_BOUND('',#714,.T.);
#160=FACE_BOUND('',#715,.T.);
#161=FACE_BOUND('',#716,.T.);
#162=FACE_BOUND('',#717,.T.);
#163=FACE_BOUND('',#718,.T.);
#164=FACE_BOUND('',#719,.T.);
#165=FACE_BOUND('',#720,.T.);
#166=FACE_BOUND('',#721,.T.);
#167=FACE_BOUND('',#722,.T.);
#168=FACE_BOUND('',#723,.T.);
#169=FACE_BOUND('',#724,.T.);
#170=PLANE('',#4241);
#171=PLANE('',#4242);
#172=PLANE('',#4243);
#173=PLANE('',#4244);
#174=PLANE('',#4245);
#175=PLANE('',#4246);
#176=PLANE('',#4247);
#177=PLANE('',#4248);
#178=PLANE('',#4249);
#179=PLANE('',#4250);
#180=PLANE('',#4251);
#181=PLANE('',#4252);
#182=PLANE('',#4253);
#183=PLANE('',#4254);
#184=PLANE('',#4255);
#185=PLANE('',#4256);
#186=PLANE('',#4257);
#187=PLANE('',#4258);
#188=PLANE('',#4259);
#189=PLANE('',#4260);
#190=PLANE('',#4261);
#191=PLANE('',#4262);
#192=PLANE('',#4263);
#193=PLANE('',#4264);
#194=PLANE('',#4265);
#195=PLANE('',#4266);
#196=PLANE('',#4267);
#197=PLANE('',#4268);
#198=PLANE('',#4269);
#199=PLANE('',#4270);
#200=PLANE('',#4271);
#201=PLANE('',#4272);
#202=PLANE('',#4273);
#203=PLANE('',#4274);
#204=PLANE('',#4275);
#205=PLANE('',#4316);
#206=PLANE('',#4319);
#207=PLANE('',#4320);
#208=PLANE('',#4323);
#209=PLANE('',#4328);
#210=PLANE('',#4331);
#211=PLANE('',#4334);
#212=PLANE('',#4337);
#213=PLANE('',#4340);
#214=PLANE('',#4343);
#215=PLANE('',#4346);
#216=PLANE('',#4349);
#217=PLANE('',#4352);
#218=PLANE('',#4355);
#219=PLANE('',#4358);
#220=PLANE('',#4361);
#221=PLANE('',#4364);
#222=PLANE('',#4367);
#223=PLANE('',#4370);
#224=PLANE('',#4373);
#225=PLANE('',#4376);
#226=PLANE('',#4377);
#227=PLANE('',#4378);
#228=PLANE('',#4379);
#229=PLANE('',#4380);
#230=PLANE('',#4381);
#231=PLANE('',#4382);
#232=PLANE('',#4383);
#233=PLANE('',#4386);
#234=PLANE('',#4389);
#235=PLANE('',#4392);
#236=PLANE('',#4395);
#237=PLANE('',#4398);
#238=PLANE('',#4401);
#239=PLANE('',#4404);
#240=PLANE('',#4407);
#241=PLANE('',#4410);
#242=PLANE('',#4413);
#243=PLANE('',#4416);
#244=PLANE('',#4419);
#245=PLANE('',#4422);
#246=PLANE('',#4425);
#247=PLANE('',#4428);
#248=PLANE('',#4431);
#249=PLANE('',#4440);
#250=PLANE('',#4441);
#251=PLANE('',#4442);
#252=PLANE('',#4443);
#253=PLANE('',#4444);
#254=PLANE('',#4445);
#255=PLANE('',#4446);
#256=FACE_OUTER_BOUND('',#473,.T.);
#257=FACE_OUTER_BOUND('',#474,.T.);
#258=FACE_OUTER_BOUND('',#475,.T.);
#259=FACE_OUTER_BOUND('',#476,.T.);
#260=FACE_OUTER_BOUND('',#477,.T.);
#261=FACE_OUTER_BOUND('',#478,.T.);
#262=FACE_OUTER_BOUND('',#479,.T.);
#263=FACE_OUTER_BOUND('',#480,.T.);
#264=FACE_OUTER_BOUND('',#481,.T.);
#265=FACE_OUTER_BOUND('',#482,.T.);
#266=FACE_OUTER_BOUND('',#483,.T.);
#267=FACE_OUTER_BOUND('',#484,.T.);
#268=FACE_OUTER_BOUND('',#485,.T.);
#269=FACE_OUTER_BOUND('',#486,.T.);
#270=FACE_OUTER_BOUND('',#487,.T.);
#271=FACE_OUTER_BOUND('',#488,.T.);
#272=FACE_OUTER_BOUND('',#489,.T.);
#273=FACE_OUTER_BOUND('',#490,.T.);
#274=FACE_OUTER_BOUND('',#491,.T.);
#275=FACE_OUTER_BOUND('',#492,.T.);
#276=FACE_OUTER_BOUND('',#493,.T.);
#277=FACE_OUTER_BOUND('',#494,.T.);
#278=FACE_OUTER_BOUND('',#495,.T.);
#279=FACE_OUTER_BOUND('',#496,.T.);
#280=FACE_OUTER_BOUND('',#498,.T.);
#281=FACE_OUTER_BOUND('',#499,.T.);
#282=FACE_OUTER_BOUND('',#500,.T.);
#283=FACE_OUTER_BOUND('',#501,.T.);
#284=FACE_OUTER_BOUND('',#502,.T.);
#285=FACE_OUTER_BOUND('',#503,.T.);
#286=FACE_OUTER_BOUND('',#504,.T.);
#287=FACE_OUTER_BOUND('',#505,.T.);
#288=FACE_OUTER_BOUND('',#506,.T.);
#289=FACE_OUTER_BOUND('',#507,.T.);
#290=FACE_OUTER_BOUND('',#508,.T.);
#291=FACE_OUTER_BOUND('',#509,.T.);
#292=FACE_OUTER_BOUND('',#510,.T.);
#293=FACE_OUTER_BOUND('',#511,.T.);
#294=FACE_OUTER_BOUND('',#512,.T.);
#295=FACE_OUTER_BOUND('',#513,.T.);
#296=FACE_OUTER_BOUND('',#514,.T.);
#297=FACE_OUTER_BOUND('',#515,.T.);
#298=FACE_OUTER_BOUND('',#516,.T.);
#299=FACE_OUTER_BOUND('',#517,.T.);
#300=FACE_OUTER_BOUND('',#518,.T.);
#301=FACE_OUTER_BOUND('',#519,.T.);
#302=FACE_OUTER_BOUND('',#520,.T.);
#303=FACE_OUTER_BOUND('',#521,.T.);
#304=FACE_OUTER_BOUND('',#522,.T.);
#305=FACE_OUTER_BOUND('',#523,.T.);
#306=FACE_OUTER_BOUND('',#524,.T.);
#307=FACE_OUTER_BOUND('',#525,.T.);
#308=FACE_OUTER_BOUND('',#526,.T.);
#309=FACE_OUTER_BOUND('',#527,.T.);
#310=FACE_OUTER_BOUND('',#528,.T.);
#311=FACE_OUTER_BOUND('',#529,.T.);
#312=FACE_OUTER_BOUND('',#530,.T.);
#313=FACE_OUTER_BOUND('',#531,.T.);
#314=FACE_OUTER_BOUND('',#532,.T.);
#315=FACE_OUTER_BOUND('',#533,.T.);
#316=FACE_OUTER_BOUND('',#534,.T.);
#317=FACE_OUTER_BOUND('',#535,.T.);
#318=FACE_OUTER_BOUND('',#537,.T.);
#319=FACE_OUTER_BOUND('',#538,.T.);
#320=FACE_OUTER_BOUND('',#539,.T.);
#321=FACE_OUTER_BOUND('',#540,.T.);
#322=FACE_OUTER_BOUND('',#541,.T.);
#323=FACE_OUTER_BOUND('',#542,.T.);
#324=FACE_OUTER_BOUND('',#543,.T.);
#325=FACE_OUTER_BOUND('',#544,.T.);
#326=FACE_OUTER_BOUND('',#545,.T.);
#327=FACE_OUTER_BOUND('',#546,.T.);
#328=FACE_OUTER_BOUND('',#547,.T.);
#329=FACE_OUTER_BOUND('',#548,.T.);
#330=FACE_OUTER_BOUND('',#549,.T.);
#331=FACE_OUTER_BOUND('',#550,.T.);
#332=FACE_OUTER_BOUND('',#551,.T.);
#333=FACE_OUTER_BOUND('',#552,.T.);
#334=FACE_OUTER_BOUND('',#553,.T.);
#335=FACE_OUTER_BOUND('',#554,.T.);
#336=FACE_OUTER_BOUND('',#555,.T.);
#337=FACE_OUTER_BOUND('',#556,.T.);
#338=FACE_OUTER_BOUND('',#557,.T.);
#339=FACE_OUTER_BOUND('',#558,.T.);
#340=FACE_OUTER_BOUND('',#559,.T.);
#341=FACE_OUTER_BOUND('',#560,.T.);
#342=FACE_OUTER_BOUND('',#561,.T.);
#343=FACE_OUTER_BOUND('',#562,.T.);
#344=FACE_OUTER_BOUND('',#563,.T.);
#345=FACE_OUTER_BOUND('',#564,.T.);
#346=FACE_OUTER_BOUND('',#565,.T.);
#347=FACE_OUTER_BOUND('',#566,.T.);
#348=FACE_OUTER_BOUND('',#567,.T.);
#349=FACE_OUTER_BOUND('',#568,.T.);
#350=FACE_OUTER_BOUND('',#569,.T.);
#351=FACE_OUTER_BOUND('',#570,.T.);
#352=FACE_OUTER_BOUND('',#571,.T.);
#353=FACE_OUTER_BOUND('',#572,.T.);
#354=FACE_OUTER_BOUND('',#573,.T.);
#355=FACE_OUTER_BOUND('',#574,.T.);
#356=FACE_OUTER_BOUND('',#575,.T.);
#357=FACE_OUTER_BOUND('',#576,.T.);
#358=FACE_OUTER_BOUND('',#577,.T.);
#359=FACE_OUTER_BOUND('',#578,.T.);
#360=FACE_OUTER_BOUND('',#579,.T.);
#361=FACE_OUTER_BOUND('',#580,.T.);
#362=FACE_OUTER_BOUND('',#581,.T.);
#363=FACE_OUTER_BOUND('',#582,.T.);
#364=FACE_OUTER_BOUND('',#583,.T.);
#365=FACE_OUTER_BOUND('',#584,.T.);
#366=FACE_OUTER_BOUND('',#585,.T.);
#367=FACE_OUTER_BOUND('',#586,.T.);
#368=FACE_OUTER_BOUND('',#587,.T.);
#369=FACE_OUTER_BOUND('',#588,.T.);
#370=FACE_OUTER_BOUND('',#589,.T.);
#371=FACE_OUTER_BOUND('',#590,.T.);
#372=FACE_OUTER_BOUND('',#591,.T.);
#373=FACE_OUTER_BOUND('',#592,.T.);
#374=FACE_OUTER_BOUND('',#593,.T.);
#375=FACE_OUTER_BOUND('',#594,.T.);
#376=FACE_OUTER_BOUND('',#595,.T.);
#377=FACE_OUTER_BOUND('',#596,.T.);
#378=FACE_OUTER_BOUND('',#597,.T.);
#379=FACE_OUTER_BOUND('',#598,.T.);
#380=FACE_OUTER_BOUND('',#599,.T.);
#381=FACE_OUTER_BOUND('',#600,.T.);
#382=FACE_OUTER_BOUND('',#620,.T.);
#383=FACE_OUTER_BOUND('',#621,.T.);
#384=FACE_OUTER_BOUND('',#622,.T.);
#385=FACE_OUTER_BOUND('',#623,.T.);
#386=FACE_OUTER_BOUND('',#624,.T.);
#387=FACE_OUTER_BOUND('',#625,.T.);
#388=FACE_OUTER_BOUND('',#626,.T.);
#389=FACE_OUTER_BOUND('',#627,.T.);
#390=FACE_OUTER_BOUND('',#628,.T.);
#391=FACE_OUTER_BOUND('',#629,.T.);
#392=FACE_OUTER_BOUND('',#630,.T.);
#393=FACE_OUTER_BOUND('',#631,.T.);
#394=FACE_OUTER_BOUND('',#632,.T.);
#395=FACE_OUTER_BOUND('',#633,.T.);
#396=FACE_OUTER_BOUND('',#634,.T.);
#397=FACE_OUTER_BOUND('',#635,.T.);
#398=FACE_OUTER_BOUND('',#636,.T.);
#399=FACE_OUTER_BOUND('',#637,.T.);
#400=FACE_OUTER_BOUND('',#638,.T.);
#401=FACE_OUTER_BOUND('',#639,.T.);
#402=FACE_OUTER_BOUND('',#640,.T.);
#403=FACE_OUTER_BOUND('',#641,.T.);
#404=FACE_OUTER_BOUND('',#642,.T.);
#405=FACE_OUTER_BOUND('',#643,.T.);
#406=FACE_OUTER_BOUND('',#644,.T.);
#407=FACE_OUTER_BOUND('',#645,.T.);
#408=FACE_OUTER_BOUND('',#646,.T.);
#409=FACE_OUTER_BOUND('',#647,.T.);
#410=FACE_OUTER_BOUND('',#648,.T.);
#411=FACE_OUTER_BOUND('',#649,.T.);
#412=FACE_OUTER_BOUND('',#650,.T.);
#413=FACE_OUTER_BOUND('',#651,.T.);
#414=FACE_OUTER_BOUND('',#652,.T.);
#415=FACE_OUTER_BOUND('',#653,.T.);
#416=FACE_OUTER_BOUND('',#654,.T.);
#417=FACE_OUTER_BOUND('',#655,.T.);
#418=FACE_OUTER_BOUND('',#656,.T.);
#419=FACE_OUTER_BOUND('',#657,.T.);
#420=FACE_OUTER_BOUND('',#658,.T.);
#421=FACE_OUTER_BOUND('',#659,.T.);
#422=FACE_OUTER_BOUND('',#660,.T.);
#423=FACE_OUTER_BOUND('',#661,.T.);
#424=FACE_OUTER_BOUND('',#662,.T.);
#425=FACE_OUTER_BOUND('',#663,.T.);
#426=FACE_OUTER_BOUND('',#664,.T.);
#427=FACE_OUTER_BOUND('',#665,.T.);
#428=FACE_OUTER_BOUND('',#666,.T.);
#429=FACE_OUTER_BOUND('',#667,.T.);
#430=FACE_OUTER_BOUND('',#668,.T.);
#431=FACE_OUTER_BOUND('',#669,.T.);
#432=FACE_OUTER_BOUND('',#670,.T.);
#433=FACE_OUTER_BOUND('',#671,.T.);
#434=FACE_OUTER_BOUND('',#672,.T.);
#435=FACE_OUTER_BOUND('',#673,.T.);
#436=FACE_OUTER_BOUND('',#674,.T.);
#437=FACE_OUTER_BOUND('',#675,.T.);
#438=FACE_OUTER_BOUND('',#676,.T.);
#439=FACE_OUTER_BOUND('',#677,.T.);
#440=FACE_OUTER_BOUND('',#678,.T.);
#441=FACE_OUTER_BOUND('',#679,.T.);
#442=FACE_OUTER_BOUND('',#680,.T.);
#443=FACE_OUTER_BOUND('',#681,.T.);
#444=FACE_OUTER_BOUND('',#682,.T.);
#445=FACE_OUTER_BOUND('',#683,.T.);
#446=FACE_OUTER_BOUND('',#684,.T.);
#447=FACE_OUTER_BOUND('',#685,.T.);
#448=FACE_OUTER_BOUND('',#686,.T.);
#449=FACE_OUTER_BOUND('',#687,.T.);
#450=FACE_OUTER_BOUND('',#688,.T.);
#451=FACE_OUTER_BOUND('',#689,.T.);
#452=FACE_OUTER_BOUND('',#690,.T.);
#453=FACE_OUTER_BOUND('',#691,.T.);
#454=FACE_OUTER_BOUND('',#692,.T.);
#455=FACE_OUTER_BOUND('',#693,.T.);
#456=FACE_OUTER_BOUND('',#694,.T.);
#457=FACE_OUTER_BOUND('',#695,.T.);
#458=FACE_OUTER_BOUND('',#696,.T.);
#459=FACE_OUTER_BOUND('',#697,.T.);
#460=FACE_OUTER_BOUND('',#698,.T.);
#461=FACE_OUTER_BOUND('',#699,.T.);
#462=FACE_OUTER_BOUND('',#700,.T.);
#463=FACE_OUTER_BOUND('',#701,.T.);
#464=FACE_OUTER_BOUND('',#702,.T.);
#465=FACE_OUTER_BOUND('',#703,.T.);
#466=FACE_OUTER_BOUND('',#704,.T.);
#467=FACE_OUTER_BOUND('',#705,.T.);
#468=FACE_OUTER_BOUND('',#706,.T.);
#469=FACE_OUTER_BOUND('',#707,.T.);
#470=FACE_OUTER_BOUND('',#708,.T.);
#471=FACE_OUTER_BOUND('',#709,.T.);
#472=FACE_OUTER_BOUND('',#710,.T.);
#473=EDGE_LOOP('',(#2671,#2672,#2673,#2674));
#474=EDGE_LOOP('',(#2675,#2676,#2677,#2678));
#475=EDGE_LOOP('',(#2679,#2680,#2681,#2682));
#476=EDGE_LOOP('',(#2683,#2684,#2685,#2686));
#477=EDGE_LOOP('',(#2687,#2688,#2689,#2690));
#478=EDGE_LOOP('',(#2691,#2692,#2693,#2694));
#479=EDGE_LOOP('',(#2695,#2696,#2697,#2698));
#480=EDGE_LOOP('',(#2699,#2700,#2701,#2702));
#481=EDGE_LOOP('',(#2703,#2704,#2705,#2706));
#482=EDGE_LOOP('',(#2707,#2708,#2709,#2710));
#483=EDGE_LOOP('',(#2711,#2712,#2713,#2714));
#484=EDGE_LOOP('',(#2715,#2716,#2717,#2718));
#485=EDGE_LOOP('',(#2719,#2720,#2721,#2722));
#486=EDGE_LOOP('',(#2723,#2724,#2725,#2726));
#487=EDGE_LOOP('',(#2727,#2728,#2729,#2730));
#488=EDGE_LOOP('',(#2731,#2732,#2733,#2734));
#489=EDGE_LOOP('',(#2735,#2736,#2737,#2738));
#490=EDGE_LOOP('',(#2739,#2740,#2741,#2742));
#491=EDGE_LOOP('',(#2743,#2744,#2745,#2746));
#492=EDGE_LOOP('',(#2747,#2748,#2749,#2750));
#493=EDGE_LOOP('',(#2751,#2752,#2753,#2754));
#494=EDGE_LOOP('',(#2755,#2756,#2757,#2758));
#495=EDGE_LOOP('',(#2759,#2760,#2761,#2762));
#496=EDGE_LOOP('',(#2763,#2764,#2765,#2766,#2767,#2768,#2769,#2770,#2771,
#2772,#2773,#2774,#2775,#2776,#2777));
#497=EDGE_LOOP('',(#2778,#2779,#2780,#2781,#2782,#2783,#2784,#2785));
#498=EDGE_LOOP('',(#2786,#2787,#2788,#2789));
#499=EDGE_LOOP('',(#2790,#2791,#2792,#2793));
#500=EDGE_LOOP('',(#2794,#2795,#2796,#2797));
#501=EDGE_LOOP('',(#2798,#2799,#2800,#2801));
#502=EDGE_LOOP('',(#2802,#2803,#2804,#2805));
#503=EDGE_LOOP('',(#2806,#2807,#2808,#2809));
#504=EDGE_LOOP('',(#2810,#2811,#2812,#2813));
#505=EDGE_LOOP('',(#2814,#2815,#2816,#2817));
#506=EDGE_LOOP('',(#2818,#2819,#2820,#2821));
#507=EDGE_LOOP('',(#2822,#2823,#2824,#2825));
#508=EDGE_LOOP('',(#2826,#2827,#2828,#2829));
#509=EDGE_LOOP('',(#2830,#2831,#2832,#2833));
#510=EDGE_LOOP('',(#2834,#2835,#2836,#2837));
#511=EDGE_LOOP('',(#2838,#2839,#2840,#2841));
#512=EDGE_LOOP('',(#2842,#2843,#2844,#2845));
#513=EDGE_LOOP('',(#2846,#2847,#2848,#2849));
#514=EDGE_LOOP('',(#2850,#2851,#2852,#2853));
#515=EDGE_LOOP('',(#2854,#2855,#2856,#2857));
#516=EDGE_LOOP('',(#2858,#2859,#2860,#2861));
#517=EDGE_LOOP('',(#2862,#2863,#2864,#2865));
#518=EDGE_LOOP('',(#2866,#2867,#2868,#2869));
#519=EDGE_LOOP('',(#2870,#2871,#2872,#2873));
#520=EDGE_LOOP('',(#2874,#2875,#2876,#2877));
#521=EDGE_LOOP('',(#2878,#2879,#2880,#2881));
#522=EDGE_LOOP('',(#2882,#2883,#2884,#2885));
#523=EDGE_LOOP('',(#2886,#2887,#2888,#2889));
#524=EDGE_LOOP('',(#2890,#2891,#2892,#2893));
#525=EDGE_LOOP('',(#2894,#2895,#2896,#2897));
#526=EDGE_LOOP('',(#2898,#2899,#2900,#2901));
#527=EDGE_LOOP('',(#2902,#2903,#2904,#2905));
#528=EDGE_LOOP('',(#2906,#2907,#2908,#2909));
#529=EDGE_LOOP('',(#2910,#2911,#2912,#2913));
#530=EDGE_LOOP('',(#2914,#2915,#2916,#2917));
#531=EDGE_LOOP('',(#2918,#2919,#2920,#2921));
#532=EDGE_LOOP('',(#2922,#2923,#2924,#2925));
#533=EDGE_LOOP('',(#2926,#2927,#2928,#2929));
#534=EDGE_LOOP('',(#2930,#2931,#2932,#2933));
#535=EDGE_LOOP('',(#2934,#2935,#2936,#2937,#2938,#2939,#2940,#2941,#2942,
#2943,#2944,#2945,#2946,#2947,#2948,#2949,#2950,#2951,#2952,#2953,#2954,
#2955,#2956,#2957,#2958,#2959,#2960));
#536=EDGE_LOOP('',(#2961,#2962,#2963,#2964,#2965,#2966,#2967,#2968,#2969,
#2970));
#537=EDGE_LOOP('',(#2971,#2972,#2973,#2974));
#538=EDGE_LOOP('',(#2975,#2976,#2977,#2978));
#539=EDGE_LOOP('',(#2979,#2980,#2981,#2982));
#540=EDGE_LOOP('',(#2983,#2984,#2985,#2986));
#541=EDGE_LOOP('',(#2987,#2988,#2989,#2990));
#542=EDGE_LOOP('',(#2991,#2992,#2993,#2994));
#543=EDGE_LOOP('',(#2995,#2996,#2997,#2998));
#544=EDGE_LOOP('',(#2999,#3000,#3001,#3002));
#545=EDGE_LOOP('',(#3003,#3004,#3005,#3006));
#546=EDGE_LOOP('',(#3007,#3008,#3009,#3010));
#547=EDGE_LOOP('',(#3011,#3012,#3013,#3014));
#548=EDGE_LOOP('',(#3015,#3016,#3017,#3018));
#549=EDGE_LOOP('',(#3019,#3020,#3021,#3022));
#550=EDGE_LOOP('',(#3023,#3024,#3025,#3026,#3027,#3028,#3029,#3030,#3031,
#3032,#3033,#3034,#3035));
#551=EDGE_LOOP('',(#3036,#3037,#3038,#3039));
#552=EDGE_LOOP('',(#3040,#3041,#3042,#3043));
#553=EDGE_LOOP('',(#3044,#3045,#3046,#3047));
#554=EDGE_LOOP('',(#3048,#3049,#3050,#3051));
#555=EDGE_LOOP('',(#3052,#3053,#3054,#3055));
#556=EDGE_LOOP('',(#3056,#3057,#3058,#3059));
#557=EDGE_LOOP('',(#3060,#3061,#3062,#3063));
#558=EDGE_LOOP('',(#3064,#3065,#3066,#3067));
#559=EDGE_LOOP('',(#3068,#3069,#3070,#3071));
#560=EDGE_LOOP('',(#3072,#3073,#3074,#3075));
#561=EDGE_LOOP('',(#3076,#3077,#3078,#3079));
#562=EDGE_LOOP('',(#3080,#3081,#3082,#3083));
#563=EDGE_LOOP('',(#3084,#3085,#3086,#3087,#3088,#3089,#3090,#3091,#3092,
#3093,#3094,#3095));
#564=EDGE_LOOP('',(#3096,#3097,#3098,#3099));
#565=EDGE_LOOP('',(#3100,#3101,#3102,#3103));
#566=EDGE_LOOP('',(#3104,#3105,#3106,#3107));
#567=EDGE_LOOP('',(#3108,#3109,#3110,#3111));
#568=EDGE_LOOP('',(#3112,#3113,#3114,#3115));
#569=EDGE_LOOP('',(#3116,#3117,#3118,#3119));
#570=EDGE_LOOP('',(#3120,#3121,#3122,#3123));
#571=EDGE_LOOP('',(#3124,#3125,#3126,#3127));
#572=EDGE_LOOP('',(#3128,#3129,#3130,#3131));
#573=EDGE_LOOP('',(#3132,#3133,#3134,#3135));
#574=EDGE_LOOP('',(#3136,#3137,#3138,#3139));
#575=EDGE_LOOP('',(#3140,#3141,#3142,#3143));
#576=EDGE_LOOP('',(#3144,#3145,#3146,#3147));
#577=EDGE_LOOP('',(#3148,#3149,#3150,#3151));
#578=EDGE_LOOP('',(#3152,#3153,#3154,#3155));
#579=EDGE_LOOP('',(#3156,#3157,#3158,#3159));
#580=EDGE_LOOP('',(#3160,#3161,#3162,#3163));
#581=EDGE_LOOP('',(#3164,#3165,#3166,#3167));
#582=EDGE_LOOP('',(#3168,#3169,#3170,#3171));
#583=EDGE_LOOP('',(#3172,#3173,#3174,#3175));
#584=EDGE_LOOP('',(#3176,#3177,#3178,#3179));
#585=EDGE_LOOP('',(#3180,#3181,#3182,#3183));
#586=EDGE_LOOP('',(#3184,#3185,#3186,#3187));
#587=EDGE_LOOP('',(#3188,#3189,#3190,#3191));
#588=EDGE_LOOP('',(#3192,#3193,#3194,#3195));
#589=EDGE_LOOP('',(#3196,#3197,#3198,#3199));
#590=EDGE_LOOP('',(#3200,#3201,#3202,#3203));
#591=EDGE_LOOP('',(#3204,#3205,#3206,#3207));
#592=EDGE_LOOP('',(#3208,#3209,#3210,#3211));
#593=EDGE_LOOP('',(#3212,#3213,#3214,#3215));
#594=EDGE_LOOP('',(#3216,#3217,#3218,#3219));
#595=EDGE_LOOP('',(#3220,#3221,#3222,#3223));
#596=EDGE_LOOP('',(#3224,#3225,#3226,#3227));
#597=EDGE_LOOP('',(#3228,#3229,#3230,#3231));
#598=EDGE_LOOP('',(#3232,#3233,#3234,#3235));
#599=EDGE_LOOP('',(#3236,#3237,#3238,#3239,#3240,#3241,#3242,#3243,#3244,
#3245,#3246,#3247,#3248,#3249,#3250,#3251,#3252,#3253,#3254,#3255,#3256,
#3257,#3258,#3259,#3260,#3261,#3262,#3263,#3264,#3265,#3266,#3267,#3268,
#3269,#3270));
#600=EDGE_LOOP('',(#3271,#3272,#3273,#3274,#3275,#3276,#3277,#3278,#3279,
#3280,#3281,#3282));
#601=EDGE_LOOP('',(#3283,#3284,#3285,#3286,#3287,#3288,#3289,#3290,#3291,
#3292,#3293,#3294,#3295,#3296,#3297));
#602=EDGE_LOOP('',(#3298,#3299,#3300,#3301,#3302,#3303,#3304,#3305,#3306,
#3307,#3308,#3309,#3310,#3311,#3312,#3313,#3314,#3315,#3316,#3317,#3318,
#3319,#3320,#3321,#3322,#3323,#3324));
#603=EDGE_LOOP('',(#3325,#3326,#3327,#3328,#3329,#3330,#3331,#3332,#3333,
#3334,#3335,#3336,#3337));
#604=EDGE_LOOP('',(#3338,#3339,#3340,#3341,#3342,#3343,#3344,#3345,#3346,
#3347,#3348,#3349));
#605=EDGE_LOOP('',(#3350,#3351,#3352,#3353,#3354,#3355,#3356,#3357,#3358,
#3359,#3360,#3361,#3362,#3363,#3364,#3365,#3366,#3367,#3368,#3369,#3370,
#3371,#3372,#3373,#3374,#3375,#3376,#3377,#3378,#3379,#3380,#3381,#3382,
#3383,#3384));
#606=EDGE_LOOP('',(#3385));
#607=EDGE_LOOP('',(#3386));
#608=EDGE_LOOP('',(#3387));
#609=EDGE_LOOP('',(#3388,#3389,#3390,#3391,#3392,#3393,#3394,#3395));
#610=EDGE_LOOP('',(#3396,#3397,#3398,#3399,#3400,#3401,#3402,#3403));
#611=EDGE_LOOP('',(#3404,#3405,#3406,#3407,#3408,#3409,#3410,#3411));
#612=EDGE_LOOP('',(#3412,#3413,#3414,#3415,#3416,#3417,#3418,#3419));
#613=EDGE_LOOP('',(#3420));
#614=EDGE_LOOP('',(#3421,#3422,#3423,#3424));
#615=EDGE_LOOP('',(#3425,#3426,#3427,#3428));
#616=EDGE_LOOP('',(#3429,#3430,#3431,#3432,#3433,#3434,#3435,#3436));
#617=EDGE_LOOP('',(#3437,#3438,#3439,#3440,#3441,#3442,#3443,#3444));
#618=EDGE_LOOP('',(#3445,#3446,#3447,#3448,#3449,#3450,#3451,#3452));
#619=EDGE_LOOP('',(#3453,#3454,#3455,#3456,#3457,#3458,#3459,#3460));
#620=EDGE_LOOP('',(#3461,#3462,#3463,#3464,#3465,#3466,#3467,#3468,#3469,
#3470));
#621=EDGE_LOOP('',(#3471,#3472,#3473,#3474));
#622=EDGE_LOOP('',(#3475,#3476,#3477,#3478));
#623=EDGE_LOOP('',(#3479,#3480,#3481,#3482,#3483,#3484,#3485,#3486));
#624=EDGE_LOOP('',(#3487,#3488,#3489,#3490));
#625=EDGE_LOOP('',(#3491,#3492,#3493,#3494));
#626=EDGE_LOOP('',(#3495,#3496,#3497,#3498));
#627=EDGE_LOOP('',(#3499,#3500,#3501,#3502));
#628=EDGE_LOOP('',(#3503,#3504,#3505,#3506));
#629=EDGE_LOOP('',(#3507,#3508,#3509,#3510));
#630=EDGE_LOOP('',(#3511,#3512,#3513,#3514));
#631=EDGE_LOOP('',(#3515,#3516,#3517,#3518));
#632=EDGE_LOOP('',(#3519,#3520,#3521,#3522));
#633=EDGE_LOOP('',(#3523,#3524,#3525,#3526));
#634=EDGE_LOOP('',(#3527,#3528,#3529,#3530));
#635=EDGE_LOOP('',(#3531,#3532,#3533,#3534));
#636=EDGE_LOOP('',(#3535,#3536,#3537,#3538));
#637=EDGE_LOOP('',(#3539,#3540,#3541,#3542));
#638=EDGE_LOOP('',(#3543,#3544,#3545,#3546));
#639=EDGE_LOOP('',(#3547,#3548,#3549,#3550));
#640=EDGE_LOOP('',(#3551,#3552,#3553,#3554));
#641=EDGE_LOOP('',(#3555,#3556,#3557,#3558));
#642=EDGE_LOOP('',(#3559,#3560,#3561,#3562));
#643=EDGE_LOOP('',(#3563,#3564,#3565,#3566));
#644=EDGE_LOOP('',(#3567,#3568,#3569,#3570));
#645=EDGE_LOOP('',(#3571,#3572,#3573,#3574));
#646=EDGE_LOOP('',(#3575,#3576,#3577,#3578));
#647=EDGE_LOOP('',(#3579,#3580,#3581,#3582));
#648=EDGE_LOOP('',(#3583,#3584,#3585,#3586));
#649=EDGE_LOOP('',(#3587,#3588,#3589,#3590));
#650=EDGE_LOOP('',(#3591,#3592,#3593,#3594));
#651=EDGE_LOOP('',(#3595,#3596,#3597,#3598));
#652=EDGE_LOOP('',(#3599,#3600,#3601,#3602));
#653=EDGE_LOOP('',(#3603,#3604,#3605,#3606));
#654=EDGE_LOOP('',(#3607,#3608,#3609,#3610));
#655=EDGE_LOOP('',(#3611,#3612,#3613,#3614));
#656=EDGE_LOOP('',(#3615,#3616,#3617,#3618));
#657=EDGE_LOOP('',(#3619,#3620,#3621,#3622));
#658=EDGE_LOOP('',(#3623,#3624,#3625,#3626));
#659=EDGE_LOOP('',(#3627,#3628,#3629,#3630));
#660=EDGE_LOOP('',(#3631,#3632,#3633,#3634));
#661=EDGE_LOOP('',(#3635,#3636,#3637,#3638));
#662=EDGE_LOOP('',(#3639,#3640,#3641,#3642));
#663=EDGE_LOOP('',(#3643,#3644,#3645,#3646));
#664=EDGE_LOOP('',(#3647,#3648,#3649,#3650));
#665=EDGE_LOOP('',(#3651,#3652,#3653,#3654));
#666=EDGE_LOOP('',(#3655,#3656,#3657,#3658));
#667=EDGE_LOOP('',(#3659,#3660,#3661,#3662));
#668=EDGE_LOOP('',(#3663,#3664,#3665,#3666));
#669=EDGE_LOOP('',(#3667,#3668,#3669,#3670));
#670=EDGE_LOOP('',(#3671,#3672,#3673,#3674));
#671=EDGE_LOOP('',(#3675,#3676,#3677,#3678));
#672=EDGE_LOOP('',(#3679,#3680,#3681,#3682));
#673=EDGE_LOOP('',(#3683,#3684,#3685,#3686));
#674=EDGE_LOOP('',(#3687,#3688,#3689,#3690));
#675=EDGE_LOOP('',(#3691,#3692,#3693,#3694));
#676=EDGE_LOOP('',(#3695,#3696,#3697,#3698));
#677=EDGE_LOOP('',(#3699,#3700,#3701,#3702));
#678=EDGE_LOOP('',(#3703,#3704,#3705,#3706));
#679=EDGE_LOOP('',(#3707,#3708,#3709,#3710));
#680=EDGE_LOOP('',(#3711,#3712,#3713,#3714));
#681=EDGE_LOOP('',(#3715,#3716,#3717,#3718));
#682=EDGE_LOOP('',(#3719,#3720,#3721,#3722));
#683=EDGE_LOOP('',(#3723,#3724,#3725,#3726));
#684=EDGE_LOOP('',(#3727,#3728,#3729,#3730));
#685=EDGE_LOOP('',(#3731,#3732,#3733,#3734));
#686=EDGE_LOOP('',(#3735,#3736,#3737,#3738));
#687=EDGE_LOOP('',(#3739,#3740,#3741,#3742));
#688=EDGE_LOOP('',(#3743,#3744,#3745,#3746));
#689=EDGE_LOOP('',(#3747,#3748,#3749,#3750));
#690=EDGE_LOOP('',(#3751,#3752,#3753,#3754));
#691=EDGE_LOOP('',(#3755,#3756,#3757,#3758));
#692=EDGE_LOOP('',(#3759,#3760,#3761,#3762));
#693=EDGE_LOOP('',(#3763,#3764,#3765,#3766));
#694=EDGE_LOOP('',(#3767,#3768,#3769,#3770));
#695=EDGE_LOOP('',(#3771,#3772,#3773,#3774));
#696=EDGE_LOOP('',(#3775,#3776,#3777,#3778));
#697=EDGE_LOOP('',(#3779,#3780,#3781,#3782));
#698=EDGE_LOOP('',(#3783,#3784,#3785,#3786));
#699=EDGE_LOOP('',(#3787,#3788,#3789,#3790));
#700=EDGE_LOOP('',(#3791,#3792,#3793,#3794));
#701=EDGE_LOOP('',(#3795,#3796,#3797,#3798));
#702=EDGE_LOOP('',(#3799,#3800,#3801,#3802));
#703=EDGE_LOOP('',(#3803,#3804,#3805,#3806));
#704=EDGE_LOOP('',(#3807,#3808,#3809,#3810));
#705=EDGE_LOOP('',(#3811,#3812,#3813,#3814));
#706=EDGE_LOOP('',(#3815,#3816,#3817,#3818));
#707=EDGE_LOOP('',(#3819,#3820,#3821,#3822));
#708=EDGE_LOOP('',(#3823,#3824,#3825,#3826));
#709=EDGE_LOOP('',(#3827,#3828,#3829,#3830));
#710=EDGE_LOOP('',(#3831,#3832,#3833,#3834,#3835,#3836,#3837,#3838,#3839,
#3840,#3841,#3842));
#711=EDGE_LOOP('',(#3843));
#712=EDGE_LOOP('',(#3844));
#713=EDGE_LOOP('',(#3845));
#714=EDGE_LOOP('',(#3846,#3847,#3848,#3849,#3850,#3851,#3852,#3853));
#715=EDGE_LOOP('',(#3854,#3855,#3856,#3857,#3858,#3859,#3860,#3861));
#716=EDGE_LOOP('',(#3862,#3863,#3864,#3865,#3866,#3867,#3868,#3869));
#717=EDGE_LOOP('',(#3870,#3871,#3872,#3873,#3874,#3875,#3876,#3877));
#718=EDGE_LOOP('',(#3878));
#719=EDGE_LOOP('',(#3879,#3880,#3881,#3882));
#720=EDGE_LOOP('',(#3883,#3884,#3885,#3886));
#721=EDGE_LOOP('',(#3887,#3888,#3889,#3890,#3891,#3892,#3893,#3894));
#722=EDGE_LOOP('',(#3895,#3896,#3897,#3898,#3899,#3900,#3901,#3902));
#723=EDGE_LOOP('',(#3903,#3904,#3905,#3906,#3907,#3908,#3909,#3910));
#724=EDGE_LOOP('',(#3911,#3912,#3913,#3914,#3915,#3916,#3917,#3918));
#725=LINE('',#5242,#1087);
#726=LINE('',#5249,#1088);
#727=LINE('',#5267,#1089);
#728=LINE('',#5290,#1090);
#729=LINE('',#5313,#1091);
#730=LINE('',#5336,#1092);
#731=LINE('',#5359,#1093);
#732=LINE('',#5382,#1094);
#733=LINE('',#5411,#1095);
#734=LINE('',#5413,#1096);
#735=LINE('',#5415,#1097);
#736=LINE('',#5416,#1098);
#737=LINE('',#5434,#1099);
#738=LINE('',#5457,#1100);
#739=LINE('',#5480,#1101);
#740=LINE('',#5503,#1102);
#741=LINE('',#5526,#1103);
#742=LINE('',#5549,#1104);
#743=LINE('',#5572,#1105);
#744=LINE('',#5595,#1106);
#745=LINE('',#5618,#1107);
#746=LINE('',#5641,#1108);
#747=LINE('',#5649,#1109);
#748=LINE('',#5651,#1110);
#749=LINE('',#5652,#1111);
#750=LINE('',#5655,#1112);
#751=LINE('',#5657,#1113);
#752=LINE('',#5658,#1114);
#753=LINE('',#5661,#1115);
#754=LINE('',#5663,#1116);
#755=LINE('',#5664,#1117);
#756=LINE('',#5666,#1118);
#757=LINE('',#5667,#1119);
#758=LINE('',#5687,#1120);
#759=LINE('',#5694,#1121);
#760=LINE('',#5712,#1122);
#761=LINE('',#5735,#1123);
#762=LINE('',#5758,#1124);
#763=LINE('',#5781,#1125);
#764=LINE('',#5804,#1126);
#765=LINE('',#5827,#1127);
#766=LINE('',#5850,#1128);
#767=LINE('',#5873,#1129);
#768=LINE('',#5880,#1130);
#769=LINE('',#5881,#1131);
#770=LINE('',#5885,#1132);
#771=LINE('',#5887,#1133);
#772=LINE('',#5889,#1134);
#773=LINE('',#5890,#1135);
#774=LINE('',#5908,#1136);
#775=LINE('',#5931,#1137);
#776=LINE('',#5939,#1138);
#777=LINE('',#5941,#1139);
#778=LINE('',#5942,#1140);
#779=LINE('',#5960,#1141);
#780=LINE('',#5983,#1142);
#781=LINE('',#6006,#1143);
#782=LINE('',#6029,#1144);
#783=LINE('',#6052,#1145);
#784=LINE('',#6075,#1146);
#785=LINE('',#6098,#1147);
#786=LINE('',#6106,#1148);
#787=LINE('',#6108,#1149);
#788=LINE('',#6109,#1150);
#789=LINE('',#6127,#1151);
#790=LINE('',#6150,#1152);
#791=LINE('',#6173,#1153);
#792=LINE('',#6196,#1154);
#793=LINE('',#6219,#1155);
#794=LINE('',#6242,#1156);
#795=LINE('',#6265,#1157);
#796=LINE('',#6288,#1158);
#797=LINE('',#6311,#1159);
#798=LINE('',#6334,#1160);
#799=LINE('',#6357,#1161);
#800=LINE('',#6380,#1162);
#801=LINE('',#6403,#1163);
#802=LINE('',#6426,#1164);
#803=LINE('',#6456,#1165);
#804=LINE('',#6458,#1166);
#805=LINE('',#6460,#1167);
#806=LINE('',#6461,#1168);
#807=LINE('',#6479,#1169);
#808=LINE('',#6502,#1170);
#809=LINE('',#6525,#1171);
#810=LINE('',#6548,#1172);
#811=LINE('',#6556,#1173);
#812=LINE('',#6558,#1174);
#813=LINE('',#6559,#1175);
#814=LINE('',#6577,#1176);
#815=LINE('',#6600,#1177);
#816=LINE('',#6623,#1178);
#817=LINE('',#6631,#1179);
#818=LINE('',#6633,#1180);
#819=LINE('',#6634,#1181);
#820=LINE('',#6637,#1182);
#821=LINE('',#6639,#1183);
#822=LINE('',#6640,#1184);
#823=LINE('',#6643,#1185);
#824=LINE('',#6645,#1186);
#825=LINE('',#6646,#1187);
#826=LINE('',#6648,#1188);
#827=LINE('',#6649,#1189);
#828=LINE('',#6654,#1190);
#829=LINE('',#6656,#1191);
#830=LINE('',#6658,#1192);
#831=LINE('',#6659,#1193);
#832=LINE('',#6662,#1194);
#833=LINE('',#6664,#1195);
#834=LINE('',#6665,#1196);
#835=LINE('',#6668,#1197);
#836=LINE('',#6670,#1198);
#837=LINE('',#6671,#1199);
#838=LINE('',#6674,#1200);
#839=LINE('',#6676,#1201);
#840=LINE('',#6677,#1202);
#841=LINE('',#6680,#1203);
#842=LINE('',#6682,#1204);
#843=LINE('',#6683,#1205);
#844=LINE('',#6686,#1206);
#845=LINE('',#6688,#1207);
#846=LINE('',#6689,#1208);
#847=LINE('',#6692,#1209);
#848=LINE('',#6694,#1210);
#849=LINE('',#6695,#1211);
#850=LINE('',#6698,#1212);
#851=LINE('',#6700,#1213);
#852=LINE('',#6701,#1214);
#853=LINE('',#6704,#1215);
#854=LINE('',#6706,#1216);
#855=LINE('',#6707,#1217);
#856=LINE('',#6710,#1218);
#857=LINE('',#6712,#1219);
#858=LINE('',#6713,#1220);
#859=LINE('',#6716,#1221);
#860=LINE('',#6718,#1222);
#861=LINE('',#6719,#1223);
#862=LINE('',#6721,#1224);
#863=LINE('',#6722,#1225);
#864=LINE('',#6742,#1226);
#865=LINE('',#6749,#1227);
#866=LINE('',#6767,#1228);
#867=LINE('',#6790,#1229);
#868=LINE('',#6813,#1230);
#869=LINE('',#6836,#1231);
#870=LINE('',#6859,#1232);
#871=LINE('',#6882,#1233);
#872=LINE('',#6905,#1234);
#873=LINE('',#6928,#1235);
#874=LINE('',#6951,#1236);
#875=LINE('',#6974,#1237);
#876=LINE('',#6997,#1238);
#877=LINE('',#7020,#1239);
#878=LINE('',#7043,#1240);
#879=LINE('',#7051,#1241);
#880=LINE('',#7053,#1242);
#881=LINE('',#7054,#1243);
#882=LINE('',#7072,#1244);
#883=LINE('',#7095,#1245);
#884=LINE('',#7118,#1246);
#885=LINE('',#7141,#1247);
#886=LINE('',#7164,#1248);
#887=LINE('',#7187,#1249);
#888=LINE('',#7210,#1250);
#889=LINE('',#7233,#1251);
#890=LINE('',#7256,#1252);
#891=LINE('',#7279,#1253);
#892=LINE('',#7302,#1254);
#893=LINE('',#7325,#1255);
#894=LINE('',#7348,#1256);
#895=LINE('',#7371,#1257);
#896=LINE('',#7394,#1258);
#897=LINE('',#7417,#1259);
#898=LINE('',#7440,#1260);
#899=LINE('',#7463,#1261);
#900=LINE('',#7471,#1262);
#901=LINE('',#7473,#1263);
#902=LINE('',#7474,#1264);
#903=LINE('',#7501,#1265);
#904=LINE('',#7503,#1266);
#905=LINE('',#7505,#1267);
#906=LINE('',#7507,#1268);
#907=LINE('',#7509,#1269);
#908=LINE('',#7513,#1270);
#909=LINE('',#7517,#1271);
#910=LINE('',#7520,#1272);
#911=LINE('',#7531,#1273);
#912=LINE('',#7535,#1274);
#913=LINE('',#7539,#1275);
#914=LINE('',#7542,#1276);
#915=LINE('',#7547,#1277);
#916=LINE('',#7551,#1278);
#917=LINE('',#7555,#1279);
#918=LINE('',#7558,#1280);
#919=LINE('',#7563,#1281);
#920=LINE('',#7567,#1282);
#921=LINE('',#7571,#1283);
#922=LINE('',#7574,#1284);
#923=LINE('',#7579,#1285);
#924=LINE('',#7583,#1286);
#925=LINE('',#7587,#1287);
#926=LINE('',#7590,#1288);
#927=LINE('',#7595,#1289);
#928=LINE('',#7597,#1290);
#929=LINE('',#7599,#1291);
#930=LINE('',#7600,#1292);
#931=LINE('',#7603,#1293);
#932=LINE('',#7605,#1294);
#933=LINE('',#7607,#1295);
#934=LINE('',#7608,#1296);
#935=LINE('',#7613,#1297);
#936=LINE('',#7617,#1298);
#937=LINE('',#7621,#1299);
#938=LINE('',#7624,#1300);
#939=LINE('',#7629,#1301);
#940=LINE('',#7633,#1302);
#941=LINE('',#7637,#1303);
#942=LINE('',#7640,#1304);
#943=LINE('',#7645,#1305);
#944=LINE('',#7649,#1306);
#945=LINE('',#7653,#1307);
#946=LINE('',#7656,#1308);
#947=LINE('',#7661,#1309);
#948=LINE('',#7665,#1310);
#949=LINE('',#7669,#1311);
#950=LINE('',#7672,#1312);
#951=LINE('',#7678,#1313);
#952=LINE('',#7679,#1314);
#953=LINE('',#7682,#1315);
#954=LINE('',#7683,#1316);
#955=LINE('',#7689,#1317);
#956=LINE('',#7690,#1318);
#957=LINE('',#7693,#1319);
#958=LINE('',#7694,#1320);
#959=LINE('',#7698,#1321);
#960=LINE('',#7702,#1322);
#961=LINE('',#7705,#1323);
#962=LINE('',#7707,#1324);
#963=LINE('',#7708,#1325);
#964=LINE('',#7712,#1326);
#965=LINE('',#7715,#1327);
#966=LINE('',#7716,#1328);
#967=LINE('',#7720,#1329);
#968=LINE('',#7723,#1330);
#969=LINE('',#7724,#1331);
#970=LINE('',#7728,#1332);
#971=LINE('',#7731,#1333);
#972=LINE('',#7732,#1334);
#973=LINE('',#7737,#1335);
#974=LINE('',#7739,#1336);
#975=LINE('',#7740,#1337);
#976=LINE('',#7744,#1338);
#977=LINE('',#7747,#1339);
#978=LINE('',#7748,#1340);
#979=LINE('',#7752,#1341);
#980=LINE('',#7755,#1342);
#981=LINE('',#7756,#1343);
#982=LINE('',#7760,#1344);
#983=LINE('',#7763,#1345);
#984=LINE('',#7764,#1346);
#985=LINE('',#7769,#1347);
#986=LINE('',#7771,#1348);
#987=LINE('',#7772,#1349);
#988=LINE('',#7776,#1350);
#989=LINE('',#7779,#1351);
#990=LINE('',#7780,#1352);
#991=LINE('',#7784,#1353);
#992=LINE('',#7787,#1354);
#993=LINE('',#7788,#1355);
#994=LINE('',#7792,#1356);
#995=LINE('',#7795,#1357);
#996=LINE('',#7796,#1358);
#997=LINE('',#7801,#1359);
#998=LINE('',#7803,#1360);
#999=LINE('',#7804,#1361);
#1000=LINE('',#7808,#1362);
#1001=LINE('',#7811,#1363);
#1002=LINE('',#7812,#1364);
#1003=LINE('',#7816,#1365);
#1004=LINE('',#7819,#1366);
#1005=LINE('',#7820,#1367);
#1006=LINE('',#7824,#1368);
#1007=LINE('',#7827,#1369);
#1008=LINE('',#7828,#1370);
#1009=LINE('',#7833,#1371);
#1010=LINE('',#7835,#1372);
#1011=LINE('',#7836,#1373);
#1012=LINE('',#7839,#1374);
#1013=LINE('',#7840,#1375);
#1014=LINE('',#7843,#1376);
#1015=LINE('',#7844,#1377);
#1016=LINE('',#7846,#1378);
#1017=LINE('',#7849,#1379);
#1018=LINE('',#7851,#1380);
#1019=LINE('',#7852,#1381);
#1020=LINE('',#7855,#1382);
#1021=LINE('',#7856,#1383);
#1022=LINE('',#7859,#1384);
#1023=LINE('',#7860,#1385);
#1024=LINE('',#7862,#1386);
#1025=LINE('',#7866,#1387);
#1026=LINE('',#7869,#1388);
#1027=LINE('',#7871,#1389);
#1028=LINE('',#7872,#1390);
#1029=LINE('',#7876,#1391);
#1030=LINE('',#7879,#1392);
#1031=LINE('',#7880,#1393);
#1032=LINE('',#7884,#1394);
#1033=LINE('',#7887,#1395);
#1034=LINE('',#7888,#1396);
#1035=LINE('',#7892,#1397);
#1036=LINE('',#7895,#1398);
#1037=LINE('',#7896,#1399);
#1038=LINE('',#7901,#1400);
#1039=LINE('',#7903,#1401);
#1040=LINE('',#7904,#1402);
#1041=LINE('',#7908,#1403);
#1042=LINE('',#7911,#1404);
#1043=LINE('',#7912,#1405);
#1044=LINE('',#7916,#1406);
#1045=LINE('',#7919,#1407);
#1046=LINE('',#7920,#1408);
#1047=LINE('',#7924,#1409);
#1048=LINE('',#7927,#1410);
#1049=LINE('',#7928,#1411);
#1050=LINE('',#7933,#1412);
#1051=LINE('',#7935,#1413);
#1052=LINE('',#7936,#1414);
#1053=LINE('',#7940,#1415);
#1054=LINE('',#7943,#1416);
#1055=LINE('',#7944,#1417);
#1056=LINE('',#7948,#1418);
#1057=LINE('',#7951,#1419);
#1058=LINE('',#7952,#1420);
#1059=LINE('',#7956,#1421);
#1060=LINE('',#7959,#1422);
#1061=LINE('',#7960,#1423);
#1062=LINE('',#7965,#1424);
#1063=LINE('',#7967,#1425);
#1064=LINE('',#7968,#1426);
#1065=LINE('',#7972,#1427);
#1066=LINE('',#7975,#1428);
#1067=LINE('',#7976,#1429);
#1068=LINE('',#7980,#1430);
#1069=LINE('',#7983,#1431);
#1070=LINE('',#7984,#1432);
#1071=LINE('',#7988,#1433);
#1072=LINE('',#7991,#1434);
#1073=LINE('',#7992,#1435);
#1074=LINE('',#7998,#1436);
#1075=LINE('',#8002,#1437);
#1076=LINE('',#8006,#1438);
#1077=LINE('',#8009,#1439);
#1078=LINE('',#8010,#1440);
#1079=LINE('',#8012,#1441);
#1080=LINE('',#8015,#1442);
#1081=LINE('',#8016,#1443);
#1082=LINE('',#8019,#1444);
#1083=LINE('',#8020,#1445);
#1084=LINE('',#8023,#1446);
#1085=LINE('',#8024,#1447);
#1086=LINE('',#8026,#1448);
#1087=VECTOR('',#4449,10.);
#1088=VECTOR('',#4450,10.);
#1089=VECTOR('',#4451,10.);
#1090=VECTOR('',#4452,10.);
#1091=VECTOR('',#4453,10.);
#1092=VECTOR('',#4454,10.);
#1093=VECTOR('',#4455,10.);
#1094=VECTOR('',#4456,10.);
#1095=VECTOR('',#4459,10.);
#1096=VECTOR('',#4460,10.);
#1097=VECTOR('',#4461,10.);
#1098=VECTOR('',#4462,10.);
#1099=VECTOR('',#4463,10.);
#1100=VECTOR('',#4464,10.);
#1101=VECTOR('',#4465,10.);
#1102=VECTOR('',#4466,10.);
#1103=VECTOR('',#4467,10.);
#1104=VECTOR('',#4468,10.);
#1105=VECTOR('',#4469,10.);
#1106=VECTOR('',#4470,10.);
#1107=VECTOR('',#4471,10.);
#1108=VECTOR('',#4472,10.);
#1109=VECTOR('',#4475,10.);
#1110=VECTOR('',#4476,10.);
#1111=VECTOR('',#4477,10.);
#1112=VECTOR('',#4480,10.);
#1113=VECTOR('',#4481,10.);
#1114=VECTOR('',#4482,10.);
#1115=VECTOR('',#4485,10.);
#1116=VECTOR('',#4486,10.);
#1117=VECTOR('',#4487,10.);
#1118=VECTOR('',#4490,10.);
#1119=VECTOR('',#4491,10.);
#1120=VECTOR('',#4494,10.);
#1121=VECTOR('',#4495,10.);
#1122=VECTOR('',#4496,10.);
#1123=VECTOR('',#4497,10.);
#1124=VECTOR('',#4498,10.);
#1125=VECTOR('',#4499,10.);
#1126=VECTOR('',#4500,10.);
#1127=VECTOR('',#4501,10.);
#1128=VECTOR('',#4502,10.);
#1129=VECTOR('',#4503,10.);
#1130=VECTOR('',#4506,10.);
#1131=VECTOR('',#4507,10.);
#1132=VECTOR('',#4510,10.);
#1133=VECTOR('',#4511,10.);
#1134=VECTOR('',#4512,10.);
#1135=VECTOR('',#4513,10.);
#1136=VECTOR('',#4514,10.);
#1137=VECTOR('',#4515,10.);
#1138=VECTOR('',#4518,10.);
#1139=VECTOR('',#4519,10.);
#1140=VECTOR('',#4520,10.);
#1141=VECTOR('',#4521,10.);
#1142=VECTOR('',#4522,10.);
#1143=VECTOR('',#4523,10.);
#1144=VECTOR('',#4524,10.);
#1145=VECTOR('',#4525,10.);
#1146=VECTOR('',#4526,10.);
#1147=VECTOR('',#4527,10.);
#1148=VECTOR('',#4530,10.);
#1149=VECTOR('',#4531,10.);
#1150=VECTOR('',#4532,10.);
#1151=VECTOR('',#4533,10.);
#1152=VECTOR('',#4534,10.);
#1153=VECTOR('',#4535,10.);
#1154=VECTOR('',#4536,10.);
#1155=VECTOR('',#4537,10.);
#1156=VECTOR('',#4538,10.);
#1157=VECTOR('',#4539,10.);
#1158=VECTOR('',#4540,10.);
#1159=VECTOR('',#4541,10.);
#1160=VECTOR('',#4542,10.);
#1161=VECTOR('',#4543,10.);
#1162=VECTOR('',#4544,10.);
#1163=VECTOR('',#4545,10.);
#1164=VECTOR('',#4546,10.);
#1165=VECTOR('',#4551,10.);
#1166=VECTOR('',#4552,10.);
#1167=VECTOR('',#4553,10.);
#1168=VECTOR('',#4554,10.);
#1169=VECTOR('',#4555,10.);
#1170=VECTOR('',#4556,10.);
#1171=VECTOR('',#4557,10.);
#1172=VECTOR('',#4558,10.);
#1173=VECTOR('',#4561,10.);
#1174=VECTOR('',#4562,10.);
#1175=VECTOR('',#4563,10.);
#1176=VECTOR('',#4564,10.);
#1177=VECTOR('',#4565,10.);
#1178=VECTOR('',#4566,10.);
#1179=VECTOR('',#4569,10.);
#1180=VECTOR('',#4570,10.);
#1181=VECTOR('',#4571,10.);
#1182=VECTOR('',#4574,10.);
#1183=VECTOR('',#4575,10.);
#1184=VECTOR('',#4576,10.);
#1185=VECTOR('',#4579,10.);
#1186=VECTOR('',#4580,10.);
#1187=VECTOR('',#4581,10.);
#1188=VECTOR('',#4584,10.);
#1189=VECTOR('',#4585,10.);
#1190=VECTOR('',#4590,10.);
#1191=VECTOR('',#4591,10.);
#1192=VECTOR('',#4592,10.);
#1193=VECTOR('',#4593,10.);
#1194=VECTOR('',#4596,10.);
#1195=VECTOR('',#4597,10.);
#1196=VECTOR('',#4598,10.);
#1197=VECTOR('',#4601,10.);
#1198=VECTOR('',#4602,10.);
#1199=VECTOR('',#4603,10.);
#1200=VECTOR('',#4606,10.);
#1201=VECTOR('',#4607,10.);
#1202=VECTOR('',#4608,10.);
#1203=VECTOR('',#4611,10.);
#1204=VECTOR('',#4612,10.);
#1205=VECTOR('',#4613,10.);
#1206=VECTOR('',#4616,10.);
#1207=VECTOR('',#4617,10.);
#1208=VECTOR('',#4618,10.);
#1209=VECTOR('',#4621,10.);
#1210=VECTOR('',#4622,10.);
#1211=VECTOR('',#4623,10.);
#1212=VECTOR('',#4626,10.);
#1213=VECTOR('',#4627,10.);
#1214=VECTOR('',#4628,10.);
#1215=VECTOR('',#4631,10.);
#1216=VECTOR('',#4632,10.);
#1217=VECTOR('',#4633,10.);
#1218=VECTOR('',#4636,10.);
#1219=VECTOR('',#4637,10.);
#1220=VECTOR('',#4638,10.);
#1221=VECTOR('',#4641,10.);
#1222=VECTOR('',#4642,10.);
#1223=VECTOR('',#4643,10.);
#1224=VECTOR('',#4646,10.);
#1225=VECTOR('',#4647,10.);
#1226=VECTOR('',#4650,10.);
#1227=VECTOR('',#4651,10.);
#1228=VECTOR('',#4652,10.);
#1229=VECTOR('',#4653,10.);
#1230=VECTOR('',#4654,10.);
#1231=VECTOR('',#4655,10.);
#1232=VECTOR('',#4656,10.);
#1233=VECTOR('',#4657,10.);
#1234=VECTOR('',#4658,10.);
#1235=VECTOR('',#4659,10.);
#1236=VECTOR('',#4660,10.);
#1237=VECTOR('',#4661,10.);
#1238=VECTOR('',#4662,10.);
#1239=VECTOR('',#4663,10.);
#1240=VECTOR('',#4664,10.);
#1241=VECTOR('',#4667,10.);
#1242=VECTOR('',#4668,10.);
#1243=VECTOR('',#4669,10.);
#1244=VECTOR('',#4670,10.);
#1245=VECTOR('',#4671,10.);
#1246=VECTOR('',#4672,10.);
#1247=VECTOR('',#4673,10.);
#1248=VECTOR('',#4674,10.);
#1249=VECTOR('',#4675,10.);
#1250=VECTOR('',#4676,10.);
#1251=VECTOR('',#4677,10.);
#1252=VECTOR('',#4678,10.);
#1253=VECTOR('',#4679,10.);
#1254=VECTOR('',#4680,10.);
#1255=VECTOR('',#4681,10.);
#1256=VECTOR('',#4682,10.);
#1257=VECTOR('',#4683,10.);
#1258=VECTOR('',#4684,10.);
#1259=VECTOR('',#4685,10.);
#1260=VECTOR('',#4686,10.);
#1261=VECTOR('',#4687,10.);
#1262=VECTOR('',#4690,10.);
#1263=VECTOR('',#4691,10.);
#1264=VECTOR('',#4692,10.);
#1265=VECTOR('',#4699,10.);
#1266=VECTOR('',#4700,10.);
#1267=VECTOR('',#4701,10.);
#1268=VECTOR('',#4702,10.);
#1269=VECTOR('',#4703,10.);
#1270=VECTOR('',#4706,10.);
#1271=VECTOR('',#4709,10.);
#1272=VECTOR('',#4712,10.);
#1273=VECTOR('',#4721,10.);
#1274=VECTOR('',#4724,10.);
#1275=VECTOR('',#4727,10.);
#1276=VECTOR('',#4730,10.);
#1277=VECTOR('',#4733,10.);
#1278=VECTOR('',#4736,10.);
#1279=VECTOR('',#4739,10.);
#1280=VECTOR('',#4742,10.);
#1281=VECTOR('',#4745,10.);
#1282=VECTOR('',#4748,10.);
#1283=VECTOR('',#4751,10.);
#1284=VECTOR('',#4754,10.);
#1285=VECTOR('',#4757,10.);
#1286=VECTOR('',#4760,10.);
#1287=VECTOR('',#4763,10.);
#1288=VECTOR('',#4766,10.);
#1289=VECTOR('',#4769,10.);
#1290=VECTOR('',#4770,10.);
#1291=VECTOR('',#4771,10.);
#1292=VECTOR('',#4772,10.);
#1293=VECTOR('',#4773,10.);
#1294=VECTOR('',#4774,10.);
#1295=VECTOR('',#4775,10.);
#1296=VECTOR('',#4776,10.);
#1297=VECTOR('',#4779,10.);
#1298=VECTOR('',#4782,10.);
#1299=VECTOR('',#4785,10.);
#1300=VECTOR('',#4788,10.);
#1301=VECTOR('',#4791,10.);
#1302=VECTOR('',#4794,10.);
#1303=VECTOR('',#4797,10.);
#1304=VECTOR('',#4800,10.);
#1305=VECTOR('',#4803,10.);
#1306=VECTOR('',#4806,10.);
#1307=VECTOR('',#4809,10.);
#1308=VECTOR('',#4812,10.);
#1309=VECTOR('',#4815,10.);
#1310=VECTOR('',#4818,10.);
#1311=VECTOR('',#4821,10.);
#1312=VECTOR('',#4824,10.);
#1313=VECTOR('',#4831,10.);
#1314=VECTOR('',#4832,10.);
#1315=VECTOR('',#4835,10.);
#1316=VECTOR('',#4836,10.);
#1317=VECTOR('',#4843,10.);
#1318=VECTOR('',#4844,10.);
#1319=VECTOR('',#4847,10.);
#1320=VECTOR('',#4848,10.);
#1321=VECTOR('',#4853,10.);
#1322=VECTOR('',#4858,10.);
#1323=VECTOR('',#4861,10.);
#1324=VECTOR('',#4862,10.);
#1325=VECTOR('',#4863,10.);
#1326=VECTOR('',#4868,10.);
#1327=VECTOR('',#4871,10.);
#1328=VECTOR('',#4872,10.);
#1329=VECTOR('',#4877,10.);
#1330=VECTOR('',#4880,10.);
#1331=VECTOR('',#4881,10.);
#1332=VECTOR('',#4886,10.);
#1333=VECTOR('',#4889,10.);
#1334=VECTOR('',#4890,10.);
#1335=VECTOR('',#4897,10.);
#1336=VECTOR('',#4898,10.);
#1337=VECTOR('',#4899,10.);
#1338=VECTOR('',#4904,10.);
#1339=VECTOR('',#4907,10.);
#1340=VECTOR('',#4908,10.);
#1341=VECTOR('',#4913,10.);
#1342=VECTOR('',#4916,10.);
#1343=VECTOR('',#4917,10.);
#1344=VECTOR('',#4922,10.);
#1345=VECTOR('',#4925,10.);
#1346=VECTOR('',#4926,10.);
#1347=VECTOR('',#4933,10.);
#1348=VECTOR('',#4934,10.);
#1349=VECTOR('',#4935,10.);
#1350=VECTOR('',#4940,10.);
#1351=VECTOR('',#4943,10.);
#1352=VECTOR('',#4944,10.);
#1353=VECTOR('',#4949,10.);
#1354=VECTOR('',#4952,10.);
#1355=VECTOR('',#4953,10.);
#1356=VECTOR('',#4958,10.);
#1357=VECTOR('',#4961,10.);
#1358=VECTOR('',#4962,10.);
#1359=VECTOR('',#4969,10.);
#1360=VECTOR('',#4970,10.);
#1361=VECTOR('',#4971,10.);
#1362=VECTOR('',#4976,10.);
#1363=VECTOR('',#4979,10.);
#1364=VECTOR('',#4980,10.);
#1365=VECTOR('',#4985,10.);
#1366=VECTOR('',#4988,10.);
#1367=VECTOR('',#4989,10.);
#1368=VECTOR('',#4994,10.);
#1369=VECTOR('',#4997,10.);
#1370=VECTOR('',#4998,10.);
#1371=VECTOR('',#5005,10.);
#1372=VECTOR('',#5006,10.);
#1373=VECTOR('',#5007,10.);
#1374=VECTOR('',#5010,10.);
#1375=VECTOR('',#5011,10.);
#1376=VECTOR('',#5014,10.);
#1377=VECTOR('',#5015,10.);
#1378=VECTOR('',#5018,10.);
#1379=VECTOR('',#5021,10.);
#1380=VECTOR('',#5022,10.);
#1381=VECTOR('',#5023,10.);
#1382=VECTOR('',#5026,10.);
#1383=VECTOR('',#5027,10.);
#1384=VECTOR('',#5030,10.);
#1385=VECTOR('',#5031,10.);
#1386=VECTOR('',#5034,10.);
#1387=VECTOR('',#5039,1.7);
#1388=VECTOR('',#5042,10.);
#1389=VECTOR('',#5043,10.);
#1390=VECTOR('',#5044,10.);
#1391=VECTOR('',#5049,10.);
#1392=VECTOR('',#5052,10.);
#1393=VECTOR('',#5053,10.);
#1394=VECTOR('',#5058,10.);
#1395=VECTOR('',#5061,10.);
#1396=VECTOR('',#5062,10.);
#1397=VECTOR('',#5067,10.);
#1398=VECTOR('',#5070,10.);
#1399=VECTOR('',#5071,10.);
#1400=VECTOR('',#5078,10.);
#1401=VECTOR('',#5079,10.);
#1402=VECTOR('',#5080,10.);
#1403=VECTOR('',#5085,10.);
#1404=VECTOR('',#5088,10.);
#1405=VECTOR('',#5089,10.);
#1406=VECTOR('',#5094,10.);
#1407=VECTOR('',#5097,10.);
#1408=VECTOR('',#5098,10.);
#1409=VECTOR('',#5103,10.);
#1410=VECTOR('',#5106,10.);
#1411=VECTOR('',#5107,10.);
#1412=VECTOR('',#5114,10.);
#1413=VECTOR('',#5115,10.);
#1414=VECTOR('',#5116,10.);
#1415=VECTOR('',#5121,10.);
#1416=VECTOR('',#5124,10.);
#1417=VECTOR('',#5125,10.);
#1418=VECTOR('',#5130,10.);
#1419=VECTOR('',#5133,10.);
#1420=VECTOR('',#5134,10.);
#1421=VECTOR('',#5139,10.);
#1422=VECTOR('',#5142,10.);
#1423=VECTOR('',#5143,10.);
#1424=VECTOR('',#5150,10.);
#1425=VECTOR('',#5151,10.);
#1426=VECTOR('',#5152,10.);
#1427=VECTOR('',#5157,10.);
#1428=VECTOR('',#5160,10.);
#1429=VECTOR('',#5161,10.);
#1430=VECTOR('',#5166,10.);
#1431=VECTOR('',#5169,10.);
#1432=VECTOR('',#5170,10.);
#1433=VECTOR('',#5175,10.);
#1434=VECTOR('',#5178,10.);
#1435=VECTOR('',#5179,10.);
#1436=VECTOR('',#5188,1.7);
#1437=VECTOR('',#5193,1.7);
#1438=VECTOR('',#5198,1.7);
#1439=VECTOR('',#5201,10.);
#1440=VECTOR('',#5202,10.);
#1441=VECTOR('',#5205,10.);
#1442=VECTOR('',#5208,10.);
#1443=VECTOR('',#5209,10.);
#1444=VECTOR('',#5212,10.);
#1445=VECTOR('',#5213,10.);
#1446=VECTOR('',#5216,10.);
#1447=VECTOR('',#5217,10.);
#1448=VECTOR('',#5220,10.);
#1449=B_SPLINE_CURVE_WITH_KNOTS('',3,(#5236,#5237,#5238,#5239,#5240),
 .UNSPECIFIED.,.F.,.F.,(4,1,4),(0.,0.0761647398092614,0.16122355670881),
 .UNSPECIFIED.);
#1450=B_SPLINE_CURVE_WITH_KNOTS('',3,(#5244,#5245,#5246,#5247,#5248),
 .UNSPECIFIED.,.F.,.F.,(4,1,4),(0.,0.0761647398092614,0.16122355670881),
 .UNSPECIFIED.);
#1451=B_SPLINE_CURVE_WITH_KNOTS('',3,(#5261,#5262,#5263,#5264,#5265),
 .UNSPECIFIED.,.F.,.F.,(4,1,4),(0.,0.0810935865989358,0.156667132872082),
 .UNSPECIFIED.);
#1452=B_SPLINE_CURVE_WITH_KNOTS('',3,(#5268,#5269,#5270,#5271,#5272),
 .UNSPECIFIED.,.F.,.F.,(4,1,4),(0.,0.0810935865989358,0.156667132872082),
 .UNSPECIFIED.);
#1453=B_SPLINE_CURVE_WITH_KNOTS('',3,(#5284,#5285,#5286,#5287,#5288),
 .UNSPECIFIED.,.F.,.F.,(4,1,4),(0.,0.121912100884127,0.218196488037758),
 .UNSPECIFIED.);
#1454=B_SPLINE_CURVE_WITH_KNOTS('',3,(#5291,#5292,#5293,#5294,#5295),
 .UNSPECIFIED.,.F.,.F.,(4,1,4),(0.,0.121912100884127,0.218196488037758),
 .UNSPECIFIED.);
#1455=B_SPLINE_CURVE_WITH_KNOTS('',3,(#5307,#5308,#5309,#5310,#5311),
 .UNSPECIFIED.,.F.,.F.,(4,1,4),(0.,0.0984959318248359,0.225613891158506),
 .UNSPECIFIED.);
#1456=B_SPLINE_CURVE_WITH_KNOTS('',3,(#5314,#5315,#5316,#5317,#5318),
 .UNSPECIFIED.,.F.,.F.,(4,1,4),(0.,0.0984959318248359,0.225613891158506),
 .UNSPECIFIED.);
#1457=B_SPLINE_CURVE_WITH_KNOTS('',3,(#5330,#5331,#5332,#5333,#5334),
 .UNSPECIFIED.,.F.,.F.,(4,1,4),(0.,0.0779187950768483,0.160494468037232),
 .UNSPECIFIED.);
#1458=B_SPLINE_CURVE_WITH_KNOTS('',3,(#5337,#5338,#5339,#5340,#5341),
 .UNSPECIFIED.,.F.,.F.,(4,1,4),(0.,0.0779187950768483,0.160494468037232),
 .UNSPECIFIED.);
#1459=B_SPLINE_CURVE_WITH_KNOTS('',3,(#5353,#5354,#5355,#5356,#5357),
 .UNSPECIFIED.,.F.,.F.,(4,1,4),(0.,0.0801909585286748,0.156564380300061),
 .UNSPECIFIED.);
#1460=B_SPLINE_CURVE_WITH_KNOTS('',3,(#5360,#5361,#5362,#5363,#5364),
 .UNSPECIFIED.,.F.,.F.,(4,1,4),(0.,0.0801909585286748,0.156564380300061),
 .UNSPECIFIED.);
#1461=B_SPLINE_CURVE_WITH_KNOTS('',3,(#5376,#5377,#5378,#5379,#5380),
 .UNSPECIFIED.,.F.,.F.,(4,1,4),(0.,0.1224103748316,0.217511949687577),
 .UNSPECIFIED.);
#1462=B_SPLINE_CURVE_WITH_KNOTS('',3,(#5383,#5384,#5385,#5386,#5387),
 .UNSPECIFIED.,.F.,.F.,(4,1,4),(0.,0.1224103748316,0.217511949687577),
 .UNSPECIFIED.);
#1463=B_SPLINE_CURVE_WITH_KNOTS('',3,(#5398,#5399,#5400,#5401,#5402),
 .UNSPECIFIED.,.F.,.F.,(4,1,4),(0.,0.100707336526639,0.224837583605518),
 .UNSPECIFIED.);
#1464=B_SPLINE_CURVE_WITH_KNOTS('',3,(#5403,#5404,#5405,#5406,#5407),
 .UNSPECIFIED.,.F.,.F.,(4,1,4),(0.,0.100707336526639,0.224837583605518),
 .UNSPECIFIED.);
#1465=B_SPLINE_CURVE_WITH_KNOTS('',3,(#5428,#5429,#5430,#5431,#5432),
 .UNSPECIFIED.,.F.,.F.,(4,1,4),(0.,0.0532335022911979,0.104060714249443),
 .UNSPECIFIED.);
#1466=B_SPLINE_CURVE_WITH_KNOTS('',3,(#5435,#5436,#5437,#5438,#5439),
 .UNSPECIFIED.,.F.,.F.,(4,1,4),(0.,0.0532335022911979,0.104060714249443),
 .UNSPECIFIED.);
#1467=B_SPLINE_CURVE_WITH_KNOTS('',3,(#5451,#5452,#5453,#5454,#5455),
 .UNSPECIFIED.,.F.,.F.,(4,1,4),(0.,0.0585961479640735,0.11404296187068),
 .UNSPECIFIED.);
#1468=B_SPLINE_CURVE_WITH_KNOTS('',3,(#5458,#5459,#5460,#5461,#5462),
 .UNSPECIFIED.,.F.,.F.,(4,1,4),(0.,0.0585961479640735,0.11404296187068),
 .UNSPECIFIED.);
#1469=B_SPLINE_CURVE_WITH_KNOTS('',3,(#5474,#5475,#5476,#5477,#5478),
 .UNSPECIFIED.,.F.,.F.,(4,1,4),(0.,0.0857385627222217,0.16853192475341),
 .UNSPECIFIED.);
#1470=B_SPLINE_CURVE_WITH_KNOTS('',3,(#5481,#5482,#5483,#5484,#5485),
 .UNSPECIFIED.,.F.,.F.,(4,1,4),(0.,0.0857385627222217,0.16853192475341),
 .UNSPECIFIED.);
#1471=B_SPLINE_CURVE_WITH_KNOTS('',3,(#5497,#5498,#5499,#5500,#5501),
 .UNSPECIFIED.,.F.,.F.,(4,1,4),(0.,0.0926053618814825,0.181112943322921),
 .UNSPECIFIED.);
#1472=B_SPLINE_CURVE_WITH_KNOTS('',3,(#5504,#5505,#5506,#5507,#5508),
 .UNSPECIFIED.,.F.,.F.,(4,1,4),(0.,0.0926053618814825,0.181112943322921),
 .UNSPECIFIED.);
#1473=B_SPLINE_CURVE_WITH_KNOTS('',3,(#5520,#5521,#5522,#5523,#5524),
 .UNSPECIFIED.,.F.,.F.,(4,1,4),(0.,0.106114568305126,0.205297749656038),
 .UNSPECIFIED.);
#1474=B_SPLINE_CURVE_WITH_KNOTS('',3,(#5527,#5528,#5529,#5530,#5531),
 .UNSPECIFIED.,.F.,.F.,(4,1,4),(0.,0.106114568305126,0.205297749656038),
 .UNSPECIFIED.);
#1475=B_SPLINE_CURVE_WITH_KNOTS('',3,(#5543,#5544,#5545,#5546,#5547),
 .UNSPECIFIED.,.F.,.F.,(4,1,4),(0.,0.0950968684915687,0.195011985492316),
 .UNSPECIFIED.);
#1476=B_SPLINE_CURVE_WITH_KNOTS('',3,(#5550,#5551,#5552,#5553,#5554),
 .UNSPECIFIED.,.F.,.F.,(4,1,4),(0.,0.0950968684915687,0.195011985492316),
 .UNSPECIFIED.);
#1477=B_SPLINE_CURVE_WITH_KNOTS('',3,(#5566,#5567,#5568,#5569,#5570),
 .UNSPECIFIED.,.F.,.F.,(4,1,4),(0.,0.0847753677408991,0.174028205525654),
 .UNSPECIFIED.);
#1478=B_SPLINE_CURVE_WITH_KNOTS('',3,(#5573,#5574,#5575,#5576,#5577),
 .UNSPECIFIED.,.F.,.F.,(4,1,4),(0.,0.0847753677408991,0.174028205525654),
 .UNSPECIFIED.);
#1479=B_SPLINE_CURVE_WITH_KNOTS('',3,(#5589,#5590,#5591,#5592,#5593),
 .UNSPECIFIED.,.F.,.F.,(4,1,4),(0.,0.0881247062580097,0.172500028866243),
 .UNSPECIFIED.);
#1480=B_SPLINE_CURVE_WITH_KNOTS('',3,(#5596,#5597,#5598,#5599,#5600),
 .UNSPECIFIED.,.F.,.F.,(4,1,4),(0.,0.0881247062580097,0.172500028866243),
 .UNSPECIFIED.);
#1481=B_SPLINE_CURVE_WITH_KNOTS('',3,(#5612,#5613,#5614,#5615,#5616),
 .UNSPECIFIED.,.F.,.F.,(4,1,4),(0.,0.0588499433597561,0.124867086250066),
 .UNSPECIFIED.);
#1482=B_SPLINE_CURVE_WITH_KNOTS('',3,(#5619,#5620,#5621,#5622,#5623),
 .UNSPECIFIED.,.F.,.F.,(4,1,4),(0.,0.0588499433597561,0.124867086250066),
 .UNSPECIFIED.);
#1483=B_SPLINE_CURVE_WITH_KNOTS('',3,(#5635,#5636,#5637,#5638,#5639),
 .UNSPECIFIED.,.F.,.F.,(4,1,4),(0.,0.0641213365620633,0.12263517674741),
 .UNSPECIFIED.);
#1484=B_SPLINE_CURVE_WITH_KNOTS('',3,(#5642,#5643,#5644,#5645,#5646),
 .UNSPECIFIED.,.F.,.F.,(4,1,4),(0.,0.0641213365620633,0.12263517674741),
 .UNSPECIFIED.);
#1485=B_SPLINE_CURVE_WITH_KNOTS('',3,(#5681,#5682,#5683,#5684,#5685),
 .UNSPECIFIED.,.F.,.F.,(4,1,4),(0.,0.0535951114848943,0.125048850360675),
 .UNSPECIFIED.);
#1486=B_SPLINE_CURVE_WITH_KNOTS('',3,(#5689,#5690,#5691,#5692,#5693),
 .UNSPECIFIED.,.F.,.F.,(4,1,4),(0.,0.0535951114848943,0.125048850360675),
 .UNSPECIFIED.);
#1487=B_SPLINE_CURVE_WITH_KNOTS('',3,(#5706,#5707,#5708,#5709,#5710),
 .UNSPECIFIED.,.F.,.F.,(4,1,4),(0.,0.0603889192890566,0.118926680151198),
 .UNSPECIFIED.);
#1488=B_SPLINE_CURVE_WITH_KNOTS('',3,(#5713,#5714,#5715,#5716,#5717),
 .UNSPECIFIED.,.F.,.F.,(4,1,4),(0.,0.0603889192890566,0.118926680151198),
 .UNSPECIFIED.);
#1489=B_SPLINE_CURVE_WITH_KNOTS('',3,(#5729,#5730,#5731,#5732,#5733),
 .UNSPECIFIED.,.F.,.F.,(4,1,4),(0.,0.0674668941129955,0.131055214165066),
 .UNSPECIFIED.);
#1490=B_SPLINE_CURVE_WITH_KNOTS('',3,(#5736,#5737,#5738,#5739,#5740),
 .UNSPECIFIED.,.F.,.F.,(4,1,4),(0.,0.0674668941129955,0.131055214165066),
 .UNSPECIFIED.);
#1491=B_SPLINE_CURVE_WITH_KNOTS('',3,(#5752,#5753,#5754,#5755,#5756),
 .UNSPECIFIED.,.F.,.F.,(4,1,4),(0.,0.0519572702126881,0.11549835984805),
 .UNSPECIFIED.);
#1492=B_SPLINE_CURVE_WITH_KNOTS('',3,(#5759,#5760,#5761,#5762,#5763),
 .UNSPECIFIED.,.F.,.F.,(4,1,4),(0.,0.0519572702126881,0.11549835984805),
 .UNSPECIFIED.);
#1493=B_SPLINE_CURVE_WITH_KNOTS('',3,(#5775,#5776,#5777,#5778,#5779),
 .UNSPECIFIED.,.F.,.F.,(4,1,4),(0.,0.0459696423399785,0.0921672475942397),
 .UNSPECIFIED.);
#1494=B_SPLINE_CURVE_WITH_KNOTS('',3,(#5782,#5783,#5784,#5785,#5786),
 .UNSPECIFIED.,.F.,.F.,(4,1,4),(0.,0.0459696423399785,0.0921672475942397),
 .UNSPECIFIED.);
#1495=B_SPLINE_CURVE_WITH_KNOTS('',3,(#5798,#5799,#5800,#5801,#5802),
 .UNSPECIFIED.,.F.,.F.,(4,1,4),(0.,0.0305205655370338,0.0614266014490348),
 .UNSPECIFIED.);
#1496=B_SPLINE_CURVE_WITH_KNOTS('',3,(#5805,#5806,#5807,#5808,#5809),
 .UNSPECIFIED.,.F.,.F.,(4,1,4),(0.,0.0305205655370338,0.0614266014490348),
 .UNSPECIFIED.);
#1497=B_SPLINE_CURVE_WITH_KNOTS('',3,(#5821,#5822,#5823,#5824,#5825),
 .UNSPECIFIED.,.F.,.F.,(4,1,4),(0.,0.0324778767919981,0.0634571413950581),
 .UNSPECIFIED.);
#1498=B_SPLINE_CURVE_WITH_KNOTS('',3,(#5828,#5829,#5830,#5831,#5832),
 .UNSPECIFIED.,.F.,.F.,(4,1,4),(0.,0.0324778767919981,0.0634571413950581),
 .UNSPECIFIED.);
#1499=B_SPLINE_CURVE_WITH_KNOTS('',3,(#5844,#5845,#5846,#5847,#5848),
 .UNSPECIFIED.,.F.,.F.,(4,1,4),(0.,0.0656637437992378,0.110059959018128),
 .UNSPECIFIED.);
#1500=B_SPLINE_CURVE_WITH_KNOTS('',3,(#5851,#5852,#5853,#5854,#5855),
 .UNSPECIFIED.,.F.,.F.,(4,1,4),(0.,0.0656637437992378,0.110059959018128),
 .UNSPECIFIED.);
#1501=B_SPLINE_CURVE_WITH_KNOTS('',3,(#5867,#5868,#5869,#5870,#5871),
 .UNSPECIFIED.,.F.,.F.,(4,1,4),(0.,0.0872891120395243,0.206169978154547),
 .UNSPECIFIED.);
#1502=B_SPLINE_CURVE_WITH_KNOTS('',3,(#5874,#5875,#5876,#5877,#5878),
 .UNSPECIFIED.,.F.,.F.,(4,1,4),(0.,0.0872891120395243,0.206169978154547),
 .UNSPECIFIED.);
#1503=B_SPLINE_CURVE_WITH_KNOTS('',3,(#5902,#5903,#5904,#5905,#5906),
 .UNSPECIFIED.,.F.,.F.,(4,1,4),(0.,0.0459337313085104,0.0926771231646122),
 .UNSPECIFIED.);
#1504=B_SPLINE_CURVE_WITH_KNOTS('',3,(#5909,#5910,#5911,#5912,#5913),
 .UNSPECIFIED.,.F.,.F.,(4,1,4),(0.,0.0459337313085104,0.0926771231646122),
 .UNSPECIFIED.);
#1505=B_SPLINE_CURVE_WITH_KNOTS('',3,(#5925,#5926,#5927,#5928,#5929),
 .UNSPECIFIED.,.F.,.F.,(4,1,4),(0.,0.13976477813332,0.216814399865316),
 .UNSPECIFIED.);
#1506=B_SPLINE_CURVE_WITH_KNOTS('',3,(#5932,#5933,#5934,#5935,#5936),
 .UNSPECIFIED.,.F.,.F.,(4,1,4),(0.,0.13976477813332,0.216814399865316),
 .UNSPECIFIED.);
#1507=B_SPLINE_CURVE_WITH_KNOTS('',3,(#5954,#5955,#5956,#5957,#5958),
 .UNSPECIFIED.,.F.,.F.,(4,1,4),(0.,0.0442375301871945,0.113490523150943),
 .UNSPECIFIED.);
#1508=B_SPLINE_CURVE_WITH_KNOTS('',3,(#5961,#5962,#5963,#5964,#5965),
 .UNSPECIFIED.,.F.,.F.,(4,1,4),(0.,0.0442375301871945,0.113490523150943),
 .UNSPECIFIED.);
#1509=B_SPLINE_CURVE_WITH_KNOTS('',3,(#5977,#5978,#5979,#5980,#5981),
 .UNSPECIFIED.,.F.,.F.,(4,1,4),(0.,0.0440343681219237,0.0925429397784067),
 .UNSPECIFIED.);
#1510=B_SPLINE_CURVE_WITH_KNOTS('',3,(#5984,#5985,#5986,#5987,#5988),
 .UNSPECIFIED.,.F.,.F.,(4,1,4),(0.,0.0440343681219237,0.0925429397784067),
 .UNSPECIFIED.);
#1511=B_SPLINE_CURVE_WITH_KNOTS('',3,(#6000,#6001,#6002,#6003,#6004),
 .UNSPECIFIED.,.F.,.F.,(4,1,4),(0.,0.0560180296338164,0.102260611335863),
 .UNSPECIFIED.);
#1512=B_SPLINE_CURVE_WITH_KNOTS('',3,(#6007,#6008,#6009,#6010,#6011),
 .UNSPECIFIED.,.F.,.F.,(4,1,4),(0.,0.0560180296338164,0.102260611335863),
 .UNSPECIFIED.);
#1513=B_SPLINE_CURVE_WITH_KNOTS('',3,(#6023,#6024,#6025,#6026,#6027),
 .UNSPECIFIED.,.F.,.F.,(4,1,4),(0.,0.0842490288690106,0.152907428967792),
 .UNSPECIFIED.);
#1514=B_SPLINE_CURVE_WITH_KNOTS('',3,(#6030,#6031,#6032,#6033,#6034),
 .UNSPECIFIED.,.F.,.F.,(4,1,4),(0.,0.0842490288690106,0.152907428967792),
 .UNSPECIFIED.);
#1515=B_SPLINE_CURVE_WITH_KNOTS('',3,(#6046,#6047,#6048,#6049,#6050),
 .UNSPECIFIED.,.F.,.F.,(4,1,4),(0.,0.0789357027778683,0.16699232905788),
 .UNSPECIFIED.);
#1516=B_SPLINE_CURVE_WITH_KNOTS('',3,(#6053,#6054,#6055,#6056,#6057),
 .UNSPECIFIED.,.F.,.F.,(4,1,4),(0.,0.0789357027778683,0.16699232905788),
 .UNSPECIFIED.);
#1517=B_SPLINE_CURVE_WITH_KNOTS('',3,(#6069,#6070,#6071,#6072,#6073),
 .UNSPECIFIED.,.F.,.F.,(4,1,4),(0.,0.0621628806937703,0.132021267366521),
 .UNSPECIFIED.);
#1518=B_SPLINE_CURVE_WITH_KNOTS('',3,(#6076,#6077,#6078,#6079,#6080),
 .UNSPECIFIED.,.F.,.F.,(4,1,4),(0.,0.0621628806937703,0.132021267366521),
 .UNSPECIFIED.);
#1519=B_SPLINE_CURVE_WITH_KNOTS('',3,(#6092,#6093,#6094,#6095,#6096),
 .UNSPECIFIED.,.F.,.F.,(4,1,4),(0.,0.0729512961486477,0.136549344222202),
 .UNSPECIFIED.);
#1520=B_SPLINE_CURVE_WITH_KNOTS('',3,(#6099,#6100,#6101,#6102,#6103),
 .UNSPECIFIED.,.F.,.F.,(4,1,4),(0.,0.0729512961486477,0.136549344222202),
 .UNSPECIFIED.);
#1521=B_SPLINE_CURVE_WITH_KNOTS('',3,(#6121,#6122,#6123,#6124,#6125),
 .UNSPECIFIED.,.F.,.F.,(4,1,4),(0.,0.0552778383501779,0.125347298822634),
 .UNSPECIFIED.);
#1522=B_SPLINE_CURVE_WITH_KNOTS('',3,(#6128,#6129,#6130,#6131,#6132),
 .UNSPECIFIED.,.F.,.F.,(4,1,4),(0.,0.0552778383501779,0.125347298822634),
 .UNSPECIFIED.);
#1523=B_SPLINE_CURVE_WITH_KNOTS('',3,(#6144,#6145,#6146,#6147,#6148),
 .UNSPECIFIED.,.F.,.F.,(4,1,4),(0.,0.0756714405455108,0.132995053399655),
 .UNSPECIFIED.);
#1524=B_SPLINE_CURVE_WITH_KNOTS('',3,(#6151,#6152,#6153,#6154,#6155),
 .UNSPECIFIED.,.F.,.F.,(4,1,4),(0.,0.0756714405455108,0.132995053399655),
 .UNSPECIFIED.);
#1525=B_SPLINE_CURVE_WITH_KNOTS('',3,(#6167,#6168,#6169,#6170,#6171),
 .UNSPECIFIED.,.F.,.F.,(4,1,4),(0.,0.0662967885892773,0.148303124291989),
 .UNSPECIFIED.);
#1526=B_SPLINE_CURVE_WITH_KNOTS('',3,(#6174,#6175,#6176,#6177,#6178),
 .UNSPECIFIED.,.F.,.F.,(4,1,4),(0.,0.0662967885892773,0.148303124291989),
 .UNSPECIFIED.);
#1527=B_SPLINE_CURVE_WITH_KNOTS('',3,(#6190,#6191,#6192,#6193,#6194),
 .UNSPECIFIED.,.F.,.F.,(4,1,4),(0.,0.0645381480341668,0.11379637741595),
 .UNSPECIFIED.);
#1528=B_SPLINE_CURVE_WITH_KNOTS('',3,(#6197,#6198,#6199,#6200,#6201),
 .UNSPECIFIED.,.F.,.F.,(4,1,4),(0.,0.0645381480341668,0.11379637741595),
 .UNSPECIFIED.);
#1529=B_SPLINE_CURVE_WITH_KNOTS('',3,(#6213,#6214,#6215,#6216,#6217),
 .UNSPECIFIED.,.F.,.F.,(4,1,4),(0.,0.0206406955375392,0.0320676411160607),
 .UNSPECIFIED.);
#1530=B_SPLINE_CURVE_WITH_KNOTS('',3,(#6220,#6221,#6222,#6223,#6224),
 .UNSPECIFIED.,.F.,.F.,(4,1,4),(0.,0.0206406955375392,0.0320676411160607),
 .UNSPECIFIED.);
#1531=B_SPLINE_CURVE_WITH_KNOTS('',3,(#6236,#6237,#6238,#6239,#6240),
 .UNSPECIFIED.,.F.,.F.,(4,1,4),(0.,0.130548314350922,0.223278473430487),
 .UNSPECIFIED.);
#1532=B_SPLINE_CURVE_WITH_KNOTS('',3,(#6243,#6244,#6245,#6246,#6247),
 .UNSPECIFIED.,.F.,.F.,(4,1,4),(0.,0.130548314350922,0.223278473430487),
 .UNSPECIFIED.);
#1533=B_SPLINE_CURVE_WITH_KNOTS('',3,(#6259,#6260,#6261,#6262,#6263),
 .UNSPECIFIED.,.F.,.F.,(4,1,4),(0.,0.0463210325416278,0.110737372355338),
 .UNSPECIFIED.);
#1534=B_SPLINE_CURVE_WITH_KNOTS('',3,(#6266,#6267,#6268,#6269,#6270),
 .UNSPECIFIED.,.F.,.F.,(4,1,4),(0.,0.0463210325416278,0.110737372355338),
 .UNSPECIFIED.);
#1535=B_SPLINE_CURVE_WITH_KNOTS('',3,(#6282,#6283,#6284,#6285,#6286),
 .UNSPECIFIED.,.F.,.F.,(4,1,4),(0.,0.0477944221479212,0.0973963444026582),
 .UNSPECIFIED.);
#1536=B_SPLINE_CURVE_WITH_KNOTS('',3,(#6289,#6290,#6291,#6292,#6293),
 .UNSPECIFIED.,.F.,.F.,(4,1,4),(0.,0.0477944221479212,0.0973963444026582),
 .UNSPECIFIED.);
#1537=B_SPLINE_CURVE_WITH_KNOTS('',3,(#6305,#6306,#6307,#6308,#6309),
 .UNSPECIFIED.,.F.,.F.,(4,1,4),(0.,0.0485200661996176,0.0955961658702421),
 .UNSPECIFIED.);
#1538=B_SPLINE_CURVE_WITH_KNOTS('',3,(#6312,#6313,#6314,#6315,#6316),
 .UNSPECIFIED.,.F.,.F.,(4,1,4),(0.,0.0485200661996176,0.0955961658702421),
 .UNSPECIFIED.);
#1539=B_SPLINE_CURVE_WITH_KNOTS('',3,(#6328,#6329,#6330,#6331,#6332),
 .UNSPECIFIED.,.F.,.F.,(4,1,4),(0.,0.0512625259506235,0.100996673802998),
 .UNSPECIFIED.);
#1540=B_SPLINE_CURVE_WITH_KNOTS('',3,(#6335,#6336,#6337,#6338,#6339),
 .UNSPECIFIED.,.F.,.F.,(4,1,4),(0.,0.0512625259506235,0.100996673802998),
 .UNSPECIFIED.);
#1541=B_SPLINE_CURVE_WITH_KNOTS('',3,(#6351,#6352,#6353,#6354,#6355),
 .UNSPECIFIED.,.F.,.F.,(4,1,4),(0.,0.082003473053311,0.166166891277008),
 .UNSPECIFIED.);
#1542=B_SPLINE_CURVE_WITH_KNOTS('',3,(#6358,#6359,#6360,#6361,#6362),
 .UNSPECIFIED.,.F.,.F.,(4,1,4),(0.,0.082003473053311,0.166166891277008),
 .UNSPECIFIED.);
#1543=B_SPLINE_CURVE_WITH_KNOTS('',3,(#6374,#6375,#6376,#6377,#6378),
 .UNSPECIFIED.,.F.,.F.,(4,1,4),(0.,0.106561563475196,0.195931069517282),
 .UNSPECIFIED.);
#1544=B_SPLINE_CURVE_WITH_KNOTS('',3,(#6381,#6382,#6383,#6384,#6385),
 .UNSPECIFIED.,.F.,.F.,(4,1,4),(0.,0.106561563475196,0.195931069517282),
 .UNSPECIFIED.);
#1545=B_SPLINE_CURVE_WITH_KNOTS('',3,(#6397,#6398,#6399,#6400,#6401),
 .UNSPECIFIED.,.F.,.F.,(4,1,4),(0.,0.0678061537873633,0.138063408227157),
 .UNSPECIFIED.);
#1546=B_SPLINE_CURVE_WITH_KNOTS('',3,(#6404,#6405,#6406,#6407,#6408),
 .UNSPECIFIED.,.F.,.F.,(4,1,4),(0.,0.0678061537873633,0.138063408227157),
 .UNSPECIFIED.);
#1547=B_SPLINE_CURVE_WITH_KNOTS('',3,(#6420,#6421,#6422,#6423,#6424),
 .UNSPECIFIED.,.F.,.F.,(4,1,4),(0.,0.0832218354126086,0.155291828413741),
 .UNSPECIFIED.);
#1548=B_SPLINE_CURVE_WITH_KNOTS('',3,(#6427,#6428,#6429,#6430,#6431),
 .UNSPECIFIED.,.F.,.F.,(4,1,4),(0.,0.0832218354126086,0.155291828413741),
 .UNSPECIFIED.);
#1549=B_SPLINE_CURVE_WITH_KNOTS('',3,(#6442,#6443,#6444,#6445,#6446),
 .UNSPECIFIED.,.F.,.F.,(4,1,4),(0.,0.044309780162978,0.0930428511329516),
 .UNSPECIFIED.);
#1550=B_SPLINE_CURVE_WITH_KNOTS('',3,(#6447,#6448,#6449,#6450,#6451),
 .UNSPECIFIED.,.F.,.F.,(4,1,4),(0.,0.044309780162978,0.0930428511329516),
 .UNSPECIFIED.);
#1551=B_SPLINE_CURVE_WITH_KNOTS('',3,(#6473,#6474,#6475,#6476,#6477),
 .UNSPECIFIED.,.F.,.F.,(4,1,4),(0.,0.0702509292256347,0.145118954238751),
 .UNSPECIFIED.);
#1552=B_SPLINE_CURVE_WITH_KNOTS('',3,(#6480,#6481,#6482,#6483,#6484),
 .UNSPECIFIED.,.F.,.F.,(4,1,4),(0.,0.0702509292256347,0.145118954238751),
 .UNSPECIFIED.);
#1553=B_SPLINE_CURVE_WITH_KNOTS('',3,(#6496,#6497,#6498,#6499,#6500),
 .UNSPECIFIED.,.F.,.F.,(4,1,4),(0.,0.039866270994582,0.0822768186447875),
 .UNSPECIFIED.);
#1554=B_SPLINE_CURVE_WITH_KNOTS('',3,(#6503,#6504,#6505,#6506,#6507),
 .UNSPECIFIED.,.F.,.F.,(4,1,4),(0.,0.039866270994582,0.0822768186447875),
 .UNSPECIFIED.);
#1555=B_SPLINE_CURVE_WITH_KNOTS('',3,(#6519,#6520,#6521,#6522,#6523),
 .UNSPECIFIED.,.F.,.F.,(4,1,4),(0.,0.0386759335825582,0.0773163566455584),
 .UNSPECIFIED.);
#1556=B_SPLINE_CURVE_WITH_KNOTS('',3,(#6526,#6527,#6528,#6529,#6530),
 .UNSPECIFIED.,.F.,.F.,(4,1,4),(0.,0.0386759335825582,0.0773163566455584),
 .UNSPECIFIED.);
#1557=B_SPLINE_CURVE_WITH_KNOTS('',3,(#6542,#6543,#6544,#6545,#6546),
 .UNSPECIFIED.,.F.,.F.,(4,1,4),(0.,0.0492435068599427,0.0947526912434249),
 .UNSPECIFIED.);
#1558=B_SPLINE_CURVE_WITH_KNOTS('',3,(#6549,#6550,#6551,#6552,#6553),
 .UNSPECIFIED.,.F.,.F.,(4,1,4),(0.,0.0492435068599427,0.0947526912434249),
 .UNSPECIFIED.);
#1559=B_SPLINE_CURVE_WITH_KNOTS('',3,(#6571,#6572,#6573,#6574,#6575),
 .UNSPECIFIED.,.F.,.F.,(4,1,4),(0.,0.0633618629277405,0.133551042260651),
 .UNSPECIFIED.);
#1560=B_SPLINE_CURVE_WITH_KNOTS('',3,(#6578,#6579,#6580,#6581,#6582),
 .UNSPECIFIED.,.F.,.F.,(4,1,4),(0.,0.0633618629277405,0.133551042260651),
 .UNSPECIFIED.);
#1561=B_SPLINE_CURVE_WITH_KNOTS('',3,(#6594,#6595,#6596,#6597,#6598),
 .UNSPECIFIED.,.F.,.F.,(4,1,4),(0.,0.0418705579533163,0.0835090931737847),
 .UNSPECIFIED.);
#1562=B_SPLINE_CURVE_WITH_KNOTS('',3,(#6601,#6602,#6603,#6604,#6605),
 .UNSPECIFIED.,.F.,.F.,(4,1,4),(0.,0.0418705579533163,0.0835090931737847),
 .UNSPECIFIED.);
#1563=B_SPLINE_CURVE_WITH_KNOTS('',3,(#6617,#6618,#6619,#6620,#6621),
 .UNSPECIFIED.,.F.,.F.,(4,1,4),(0.,0.0757874605419001,0.128905146857802),
 .UNSPECIFIED.);
#1564=B_SPLINE_CURVE_WITH_KNOTS('',3,(#6624,#6625,#6626,#6627,#6628),
 .UNSPECIFIED.,.F.,.F.,(4,1,4),(0.,0.0757874605419001,0.128905146857802),
 .UNSPECIFIED.);
#1565=B_SPLINE_CURVE_WITH_KNOTS('',3,(#6736,#6737,#6738,#6739,#6740),
 .UNSPECIFIED.,.F.,.F.,(4,1,4),(0.,0.095678996975812,0.188857645447314),
 .UNSPECIFIED.);
#1566=B_SPLINE_CURVE_WITH_KNOTS('',3,(#6744,#6745,#6746,#6747,#6748),
 .UNSPECIFIED.,.F.,.F.,(4,1,4),(0.,0.095678996975812,0.188857645447314),
 .UNSPECIFIED.);
#1567=B_SPLINE_CURVE_WITH_KNOTS('',3,(#6761,#6762,#6763,#6764,#6765),
 .UNSPECIFIED.,.F.,.F.,(4,1,4),(0.,0.125135706006847,0.232080155185651),
 .UNSPECIFIED.);
#1568=B_SPLINE_CURVE_WITH_KNOTS('',3,(#6768,#6769,#6770,#6771,#6772),
 .UNSPECIFIED.,.F.,.F.,(4,1,4),(0.,0.125135706006847,0.232080155185651),
 .UNSPECIFIED.);
#1569=B_SPLINE_CURVE_WITH_KNOTS('',3,(#6784,#6785,#6786,#6787,#6788),
 .UNSPECIFIED.,.F.,.F.,(4,1,4),(0.,0.0956163908777278,0.197810303927011),
 .UNSPECIFIED.);
#1570=B_SPLINE_CURVE_WITH_KNOTS('',3,(#6791,#6792,#6793,#6794,#6795),
 .UNSPECIFIED.,.F.,.F.,(4,1,4),(0.,0.0956163908777278,0.197810303927011),
 .UNSPECIFIED.);
#1571=B_SPLINE_CURVE_WITH_KNOTS('',3,(#6807,#6808,#6809,#6810,#6811),
 .UNSPECIFIED.,.F.,.F.,(4,1,4),(0.,0.0838951260949257,0.172975691710726),
 .UNSPECIFIED.);
#1572=B_SPLINE_CURVE_WITH_KNOTS('',3,(#6814,#6815,#6816,#6817,#6818),
 .UNSPECIFIED.,.F.,.F.,(4,1,4),(0.,0.0838951260949257,0.172975691710726),
 .UNSPECIFIED.);
#1573=B_SPLINE_CURVE_WITH_KNOTS('',3,(#6830,#6831,#6832,#6833,#6834),
 .UNSPECIFIED.,.F.,.F.,(4,1,4),(0.,0.0783445223692298,0.158903047992126),
 .UNSPECIFIED.);
#1574=B_SPLINE_CURVE_WITH_KNOTS('',3,(#6837,#6838,#6839,#6840,#6841),
 .UNSPECIFIED.,.F.,.F.,(4,1,4),(0.,0.0783445223692298,0.158903047992126),
 .UNSPECIFIED.);
#1575=B_SPLINE_CURVE_WITH_KNOTS('',3,(#6853,#6854,#6855,#6856,#6857),
 .UNSPECIFIED.,.F.,.F.,(4,1,4),(0.,0.073388095633626,0.149900035413532),
 .UNSPECIFIED.);
#1576=B_SPLINE_CURVE_WITH_KNOTS('',3,(#6860,#6861,#6862,#6863,#6864),
 .UNSPECIFIED.,.F.,.F.,(4,1,4),(0.,0.073388095633626,0.149900035413532),
 .UNSPECIFIED.);
#1577=B_SPLINE_CURVE_WITH_KNOTS('',3,(#6876,#6877,#6878,#6879,#6880),
 .UNSPECIFIED.,.F.,.F.,(4,1,4),(0.,0.0885423718663132,0.165932909704974),
 .UNSPECIFIED.);
#1578=B_SPLINE_CURVE_WITH_KNOTS('',3,(#6883,#6884,#6885,#6886,#6887),
 .UNSPECIFIED.,.F.,.F.,(4,1,4),(0.,0.0885423718663132,0.165932909704974),
 .UNSPECIFIED.);
#1579=B_SPLINE_CURVE_WITH_KNOTS('',3,(#6899,#6900,#6901,#6902,#6903),
 .UNSPECIFIED.,.F.,.F.,(4,1,4),(0.,0.140231586714821,0.230565682683235),
 .UNSPECIFIED.);
#1580=B_SPLINE_CURVE_WITH_KNOTS('',3,(#6906,#6907,#6908,#6909,#6910),
 .UNSPECIFIED.,.F.,.F.,(4,1,4),(0.,0.140231586714821,0.230565682683235),
 .UNSPECIFIED.);
#1581=B_SPLINE_CURVE_WITH_KNOTS('',3,(#6922,#6923,#6924,#6925,#6926),
 .UNSPECIFIED.,.F.,.F.,(4,1,4),(0.,0.0774490773667732,0.212882271059074),
 .UNSPECIFIED.);
#1582=B_SPLINE_CURVE_WITH_KNOTS('',3,(#6929,#6930,#6931,#6932,#6933),
 .UNSPECIFIED.,.F.,.F.,(4,1,4),(0.,0.0774490773667732,0.212882271059074),
 .UNSPECIFIED.);
#1583=B_SPLINE_CURVE_WITH_KNOTS('',3,(#6945,#6946,#6947,#6948,#6949),
 .UNSPECIFIED.,.F.,.F.,(4,1,4),(0.,0.0500658817781103,0.09921490561675),
 .UNSPECIFIED.);
#1584=B_SPLINE_CURVE_WITH_KNOTS('',3,(#6952,#6953,#6954,#6955,#6956),
 .UNSPECIFIED.,.F.,.F.,(4,1,4),(0.,0.0500658817781103,0.09921490561675),
 .UNSPECIFIED.);
#1585=B_SPLINE_CURVE_WITH_KNOTS('',3,(#6968,#6969,#6970,#6971,#6972),
 .UNSPECIFIED.,.F.,.F.,(4,1,4),(0.,0.0636389261173563,0.122808056391752),
 .UNSPECIFIED.);
#1586=B_SPLINE_CURVE_WITH_KNOTS('',3,(#6975,#6976,#6977,#6978,#6979),
 .UNSPECIFIED.,.F.,.F.,(4,1,4),(0.,0.0636389261173563,0.122808056391752),
 .UNSPECIFIED.);
#1587=B_SPLINE_CURVE_WITH_KNOTS('',3,(#6991,#6992,#6993,#6994,#6995),
 .UNSPECIFIED.,.F.,.F.,(4,1,4),(0.,0.104350092788488,0.182822355255055),
 .UNSPECIFIED.);
#1588=B_SPLINE_CURVE_WITH_KNOTS('',3,(#6998,#6999,#7000,#7001,#7002),
 .UNSPECIFIED.,.F.,.F.,(4,1,4),(0.,0.104350092788488,0.182822355255055),
 .UNSPECIFIED.);
#1589=B_SPLINE_CURVE_WITH_KNOTS('',3,(#7014,#7015,#7016,#7017,#7018),
 .UNSPECIFIED.,.F.,.F.,(4,1,4),(0.,0.0816030182082024,0.18353543903086),
 .UNSPECIFIED.);
#1590=B_SPLINE_CURVE_WITH_KNOTS('',3,(#7021,#7022,#7023,#7024,#7025),
 .UNSPECIFIED.,.F.,.F.,(4,1,4),(0.,0.0816030182082024,0.18353543903086),
 .UNSPECIFIED.);
#1591=B_SPLINE_CURVE_WITH_KNOTS('',3,(#7037,#7038,#7039,#7040,#7041),
 .UNSPECIFIED.,.F.,.F.,(4,1,4),(0.,0.0861880936234744,0.162310040283736),
 .UNSPECIFIED.);
#1592=B_SPLINE_CURVE_WITH_KNOTS('',3,(#7044,#7045,#7046,#7047,#7048),
 .UNSPECIFIED.,.F.,.F.,(4,1,4),(0.,0.0861880936234744,0.162310040283736),
 .UNSPECIFIED.);
#1593=B_SPLINE_CURVE_WITH_KNOTS('',3,(#7066,#7067,#7068,#7069,#7070),
 .UNSPECIFIED.,.F.,.F.,(4,1,4),(0.,0.0820790773401012,0.166633573232507),
 .UNSPECIFIED.);
#1594=B_SPLINE_CURVE_WITH_KNOTS('',3,(#7073,#7074,#7075,#7076,#7077),
 .UNSPECIFIED.,.F.,.F.,(4,1,4),(0.,0.0820790773401012,0.166633573232507),
 .UNSPECIFIED.);
#1595=B_SPLINE_CURVE_WITH_KNOTS('',3,(#7089,#7090,#7091,#7092,#7093),
 .UNSPECIFIED.,.F.,.F.,(4,1,4),(0.,0.0871851663170577,0.169760841308441),
 .UNSPECIFIED.);
#1596=B_SPLINE_CURVE_WITH_KNOTS('',3,(#7096,#7097,#7098,#7099,#7100),
 .UNSPECIFIED.,.F.,.F.,(4,1,4),(0.,0.0871851663170577,0.169760841308441),
 .UNSPECIFIED.);
#1597=B_SPLINE_CURVE_WITH_KNOTS('',3,(#7112,#7113,#7114,#7115,#7116),
 .UNSPECIFIED.,.F.,.F.,(4,1,4),(0.,0.105003811562587,0.200355253503181),
 .UNSPECIFIED.);
#1598=B_SPLINE_CURVE_WITH_KNOTS('',3,(#7119,#7120,#7121,#7122,#7123),
 .UNSPECIFIED.,.F.,.F.,(4,1,4),(0.,0.105003811562587,0.200355253503181),
 .UNSPECIFIED.);
#1599=B_SPLINE_CURVE_WITH_KNOTS('',3,(#7135,#7136,#7137,#7138,#7139),
 .UNSPECIFIED.,.F.,.F.,(4,1,4),(0.,0.0908186991567732,0.187545856111514),
 .UNSPECIFIED.);
#1600=B_SPLINE_CURVE_WITH_KNOTS('',3,(#7142,#7143,#7144,#7145,#7146),
 .UNSPECIFIED.,.F.,.F.,(4,1,4),(0.,0.0908186991567732,0.187545856111514),
 .UNSPECIFIED.);
#1601=B_SPLINE_CURVE_WITH_KNOTS('',3,(#7158,#7159,#7160,#7161,#7162),
 .UNSPECIFIED.,.F.,.F.,(4,1,4),(0.,0.0784002701797981,0.16233223959949),
 .UNSPECIFIED.);
#1602=B_SPLINE_CURVE_WITH_KNOTS('',3,(#7165,#7166,#7167,#7168,#7169),
 .UNSPECIFIED.,.F.,.F.,(4,1,4),(0.,0.0784002701797981,0.16233223959949),
 .UNSPECIFIED.);
#1603=B_SPLINE_CURVE_WITH_KNOTS('',3,(#7181,#7182,#7183,#7184,#7185),
 .UNSPECIFIED.,.F.,.F.,(4,1,4),(0.,0.0740272474401862,0.14954836951439),
 .UNSPECIFIED.);
#1604=B_SPLINE_CURVE_WITH_KNOTS('',3,(#7188,#7189,#7190,#7191,#7192),
 .UNSPECIFIED.,.F.,.F.,(4,1,4),(0.,0.0740272474401862,0.14954836951439),
 .UNSPECIFIED.);
#1605=B_SPLINE_CURVE_WITH_KNOTS('',3,(#7204,#7205,#7206,#7207,#7208),
 .UNSPECIFIED.,.F.,.F.,(4,1,4),(0.,0.0645414919410743,0.130696615313154),
 .UNSPECIFIED.);
#1606=B_SPLINE_CURVE_WITH_KNOTS('',3,(#7211,#7212,#7213,#7214,#7215),
 .UNSPECIFIED.,.F.,.F.,(4,1,4),(0.,0.0645414919410743,0.130696615313154),
 .UNSPECIFIED.);
#1607=B_SPLINE_CURVE_WITH_KNOTS('',3,(#7227,#7228,#7229,#7230,#7231),
 .UNSPECIFIED.,.F.,.F.,(4,1,4),(0.,0.0753212458063606,0.142900251167772),
 .UNSPECIFIED.);
#1608=B_SPLINE_CURVE_WITH_KNOTS('',3,(#7234,#7235,#7236,#7237,#7238),
 .UNSPECIFIED.,.F.,.F.,(4,1,4),(0.,0.0753212458063606,0.142900251167772),
 .UNSPECIFIED.);
#1609=B_SPLINE_CURVE_WITH_KNOTS('',3,(#7250,#7251,#7252,#7253,#7254),
 .UNSPECIFIED.,.F.,.F.,(4,1,4),(0.,0.12148554665615,0.203186458543194),
 .UNSPECIFIED.);
#1610=B_SPLINE_CURVE_WITH_KNOTS('',3,(#7257,#7258,#7259,#7260,#7261),
 .UNSPECIFIED.,.F.,.F.,(4,1,4),(0.,0.12148554665615,0.203186458543194),
 .UNSPECIFIED.);
#1611=B_SPLINE_CURVE_WITH_KNOTS('',3,(#7273,#7274,#7275,#7276,#7277),
 .UNSPECIFIED.,.F.,.F.,(4,1,4),(0.,0.0676665308280695,0.184654136353423),
 .UNSPECIFIED.);
#1612=B_SPLINE_CURVE_WITH_KNOTS('',3,(#7280,#7281,#7282,#7283,#7284),
 .UNSPECIFIED.,.F.,.F.,(4,1,4),(0.,0.0676665308280695,0.184654136353423),
 .UNSPECIFIED.);
#1613=B_SPLINE_CURVE_WITH_KNOTS('',3,(#7296,#7297,#7298,#7299,#7300),
 .UNSPECIFIED.,.F.,.F.,(4,1,4),(0.,0.0484905143196266,0.108625356209997),
 .UNSPECIFIED.);
#1614=B_SPLINE_CURVE_WITH_KNOTS('',3,(#7303,#7304,#7305,#7306,#7307),
 .UNSPECIFIED.,.F.,.F.,(4,1,4),(0.,0.0484905143196266,0.108625356209997),
 .UNSPECIFIED.);
#1615=B_SPLINE_CURVE_WITH_KNOTS('',3,(#7319,#7320,#7321,#7322,#7323),
 .UNSPECIFIED.,.F.,.F.,(4,1,4),(0.,0.0446071582795966,0.0878673461689323),
 .UNSPECIFIED.);
#1616=B_SPLINE_CURVE_WITH_KNOTS('',3,(#7326,#7327,#7328,#7329,#7330),
 .UNSPECIFIED.,.F.,.F.,(4,1,4),(0.,0.0446071582795966,0.0878673461689323),
 .UNSPECIFIED.);
#1617=B_SPLINE_CURVE_WITH_KNOTS('',3,(#7342,#7343,#7344,#7345,#7346),
 .UNSPECIFIED.,.F.,.F.,(4,1,4),(0.,0.0461824846402404,0.0913347292503375),
 .UNSPECIFIED.);
#1618=B_SPLINE_CURVE_WITH_KNOTS('',3,(#7349,#7350,#7351,#7352,#7353),
 .UNSPECIFIED.,.F.,.F.,(4,1,4),(0.,0.0461824846402404,0.0913347292503375),
 .UNSPECIFIED.);
#1619=B_SPLINE_CURVE_WITH_KNOTS('',3,(#7365,#7366,#7367,#7368,#7369),
 .UNSPECIFIED.,.F.,.F.,(4,1,4),(0.,0.0571739800049572,0.107218774908259),
 .UNSPECIFIED.);
#1620=B_SPLINE_CURVE_WITH_KNOTS('',3,(#7372,#7373,#7374,#7375,#7376),
 .UNSPECIFIED.,.F.,.F.,(4,1,4),(0.,0.0571739800049572,0.107218774908259),
 .UNSPECIFIED.);
#1621=B_SPLINE_CURVE_WITH_KNOTS('',3,(#7388,#7389,#7390,#7391,#7392),
 .UNSPECIFIED.,.F.,.F.,(4,1,4),(0.,0.071504208376731,0.136161977252531),
 .UNSPECIFIED.);
#1622=B_SPLINE_CURVE_WITH_KNOTS('',3,(#7395,#7396,#7397,#7398,#7399),
 .UNSPECIFIED.,.F.,.F.,(4,1,4),(0.,0.071504208376731,0.136161977252531),
 .UNSPECIFIED.);
#1623=B_SPLINE_CURVE_WITH_KNOTS('',3,(#7411,#7412,#7413,#7414,#7415),
 .UNSPECIFIED.,.F.,.F.,(4,1,4),(0.,0.0758158544950015,0.157157561223483),
 .UNSPECIFIED.);
#1624=B_SPLINE_CURVE_WITH_KNOTS('',3,(#7418,#7419,#7420,#7421,#7422),
 .UNSPECIFIED.,.F.,.F.,(4,1,4),(0.,0.0758158544950015,0.157157561223483),
 .UNSPECIFIED.);
#1625=B_SPLINE_CURVE_WITH_KNOTS('',3,(#7434,#7435,#7436,#7437,#7438),
 .UNSPECIFIED.,.F.,.F.,(4,1,4),(0.,0.0600096190447275,0.128468693570618),
 .UNSPECIFIED.);
#1626=B_SPLINE_CURVE_WITH_KNOTS('',3,(#7441,#7442,#7443,#7444,#7445),
 .UNSPECIFIED.,.F.,.F.,(4,1,4),(0.,0.0600096190447275,0.128468693570618),
 .UNSPECIFIED.);
#1627=B_SPLINE_CURVE_WITH_KNOTS('',3,(#7457,#7458,#7459,#7460,#7461),
 .UNSPECIFIED.,.F.,.F.,(4,1,4),(0.,0.0698729717743711,0.130775205088014),
 .UNSPECIFIED.);
#1628=B_SPLINE_CURVE_WITH_KNOTS('',3,(#7464,#7465,#7466,#7467,#7468),
 .UNSPECIFIED.,.F.,.F.,(4,1,4),(0.,0.0698729717743711,0.130775205088014),
 .UNSPECIFIED.);
#1629=B_SPLINE_CURVE_WITH_KNOTS('',3,(#7485,#7486,#7487,#7488,#7489),
 .UNSPECIFIED.,.F.,.F.,(4,1,4),(0.,0.0935651112829247,0.189827223536322),
 .UNSPECIFIED.);
#1630=B_SPLINE_CURVE_WITH_KNOTS('',3,(#7490,#7491,#7492,#7493,#7494),
 .UNSPECIFIED.,.F.,.F.,(4,1,4),(0.,0.0935651112829247,0.189827223536322),
 .UNSPECIFIED.);
#1631=VERTEX_POINT('',#5234);
#1632=VERTEX_POINT('',#5235);
#1633=VERTEX_POINT('',#5241);
#1634=VERTEX_POINT('',#5243);
#1635=VERTEX_POINT('',#5260);
#1636=VERTEX_POINT('',#5266);
#1637=VERTEX_POINT('',#5283);
#1638=VERTEX_POINT('',#5289);
#1639=VERTEX_POINT('',#5306);
#1640=VERTEX_POINT('',#5312);
#1641=VERTEX_POINT('',#5329);
#1642=VERTEX_POINT('',#5335);
#1643=VERTEX_POINT('',#5352);
#1644=VERTEX_POINT('',#5358);
#1645=VERTEX_POINT('',#5375);
#1646=VERTEX_POINT('',#5381);
#1647=VERTEX_POINT('',#5409);
#1648=VERTEX_POINT('',#5410);
#1649=VERTEX_POINT('',#5412);
#1650=VERTEX_POINT('',#5414);
#1651=VERTEX_POINT('',#5427);
#1652=VERTEX_POINT('',#5433);
#1653=VERTEX_POINT('',#5450);
#1654=VERTEX_POINT('',#5456);
#1655=VERTEX_POINT('',#5473);
#1656=VERTEX_POINT('',#5479);
#1657=VERTEX_POINT('',#5496);
#1658=VERTEX_POINT('',#5502);
#1659=VERTEX_POINT('',#5519);
#1660=VERTEX_POINT('',#5525);
#1661=VERTEX_POINT('',#5542);
#1662=VERTEX_POINT('',#5548);
#1663=VERTEX_POINT('',#5565);
#1664=VERTEX_POINT('',#5571);
#1665=VERTEX_POINT('',#5588);
#1666=VERTEX_POINT('',#5594);
#1667=VERTEX_POINT('',#5611);
#1668=VERTEX_POINT('',#5617);
#1669=VERTEX_POINT('',#5634);
#1670=VERTEX_POINT('',#5640);
#1671=VERTEX_POINT('',#5648);
#1672=VERTEX_POINT('',#5650);
#1673=VERTEX_POINT('',#5654);
#1674=VERTEX_POINT('',#5656);
#1675=VERTEX_POINT('',#5660);
#1676=VERTEX_POINT('',#5662);
#1677=VERTEX_POINT('',#5679);
#1678=VERTEX_POINT('',#5680);
#1679=VERTEX_POINT('',#5686);
#1680=VERTEX_POINT('',#5688);
#1681=VERTEX_POINT('',#5705);
#1682=VERTEX_POINT('',#5711);
#1683=VERTEX_POINT('',#5728);
#1684=VERTEX_POINT('',#5734);
#1685=VERTEX_POINT('',#5751);
#1686=VERTEX_POINT('',#5757);
#1687=VERTEX_POINT('',#5774);
#1688=VERTEX_POINT('',#5780);
#1689=VERTEX_POINT('',#5797);
#1690=VERTEX_POINT('',#5803);
#1691=VERTEX_POINT('',#5820);
#1692=VERTEX_POINT('',#5826);
#1693=VERTEX_POINT('',#5843);
#1694=VERTEX_POINT('',#5849);
#1695=VERTEX_POINT('',#5866);
#1696=VERTEX_POINT('',#5872);
#1697=VERTEX_POINT('',#5883);
#1698=VERTEX_POINT('',#5884);
#1699=VERTEX_POINT('',#5886);
#1700=VERTEX_POINT('',#5888);
#1701=VERTEX_POINT('',#5901);
#1702=VERTEX_POINT('',#5907);
#1703=VERTEX_POINT('',#5924);
#1704=VERTEX_POINT('',#5930);
#1705=VERTEX_POINT('',#5938);
#1706=VERTEX_POINT('',#5940);
#1707=VERTEX_POINT('',#5953);
#1708=VERTEX_POINT('',#5959);
#1709=VERTEX_POINT('',#5976);
#1710=VERTEX_POINT('',#5982);
#1711=VERTEX_POINT('',#5999);
#1712=VERTEX_POINT('',#6005);
#1713=VERTEX_POINT('',#6022);
#1714=VERTEX_POINT('',#6028);
#1715=VERTEX_POINT('',#6045);
#1716=VERTEX_POINT('',#6051);
#1717=VERTEX_POINT('',#6068);
#1718=VERTEX_POINT('',#6074);
#1719=VERTEX_POINT('',#6091);
#1720=VERTEX_POINT('',#6097);
#1721=VERTEX_POINT('',#6105);
#1722=VERTEX_POINT('',#6107);
#1723=VERTEX_POINT('',#6120);
#1724=VERTEX_POINT('',#6126);
#1725=VERTEX_POINT('',#6143);
#1726=VERTEX_POINT('',#6149);
#1727=VERTEX_POINT('',#6166);
#1728=VERTEX_POINT('',#6172);
#1729=VERTEX_POINT('',#6189);
#1730=VERTEX_POINT('',#6195);
#1731=VERTEX_POINT('',#6212);
#1732=VERTEX_POINT('',#6218);
#1733=VERTEX_POINT('',#6235);
#1734=VERTEX_POINT('',#6241);
#1735=VERTEX_POINT('',#6258);
#1736=VERTEX_POINT('',#6264);
#1737=VERTEX_POINT('',#6281);
#1738=VERTEX_POINT('',#6287);
#1739=VERTEX_POINT('',#6304);
#1740=VERTEX_POINT('',#6310);
#1741=VERTEX_POINT('',#6327);
#1742=VERTEX_POINT('',#6333);
#1743=VERTEX_POINT('',#6350);
#1744=VERTEX_POINT('',#6356);
#1745=VERTEX_POINT('',#6373);
#1746=VERTEX_POINT('',#6379);
#1747=VERTEX_POINT('',#6396);
#1748=VERTEX_POINT('',#6402);
#1749=VERTEX_POINT('',#6419);
#1750=VERTEX_POINT('',#6425);
#1751=VERTEX_POINT('',#6454);
#1752=VERTEX_POINT('',#6455);
#1753=VERTEX_POINT('',#6457);
#1754=VERTEX_POINT('',#6459);
#1755=VERTEX_POINT('',#6472);
#1756=VERTEX_POINT('',#6478);
#1757=VERTEX_POINT('',#6495);
#1758=VERTEX_POINT('',#6501);
#1759=VERTEX_POINT('',#6518);
#1760=VERTEX_POINT('',#6524);
#1761=VERTEX_POINT('',#6541);
#1762=VERTEX_POINT('',#6547);
#1763=VERTEX_POINT('',#6555);
#1764=VERTEX_POINT('',#6557);
#1765=VERTEX_POINT('',#6570);
#1766=VERTEX_POINT('',#6576);
#1767=VERTEX_POINT('',#6593);
#1768=VERTEX_POINT('',#6599);
#1769=VERTEX_POINT('',#6616);
#1770=VERTEX_POINT('',#6622);
#1771=VERTEX_POINT('',#6630);
#1772=VERTEX_POINT('',#6632);
#1773=VERTEX_POINT('',#6636);
#1774=VERTEX_POINT('',#6638);
#1775=VERTEX_POINT('',#6642);
#1776=VERTEX_POINT('',#6644);
#1777=VERTEX_POINT('',#6652);
#1778=VERTEX_POINT('',#6653);
#1779=VERTEX_POINT('',#6655);
#1780=VERTEX_POINT('',#6657);
#1781=VERTEX_POINT('',#6661);
#1782=VERTEX_POINT('',#6663);
#1783=VERTEX_POINT('',#6667);
#1784=VERTEX_POINT('',#6669);
#1785=VERTEX_POINT('',#6673);
#1786=VERTEX_POINT('',#6675);
#1787=VERTEX_POINT('',#6679);
#1788=VERTEX_POINT('',#6681);
#1789=VERTEX_POINT('',#6685);
#1790=VERTEX_POINT('',#6687);
#1791=VERTEX_POINT('',#6691);
#1792=VERTEX_POINT('',#6693);
#1793=VERTEX_POINT('',#6697);
#1794=VERTEX_POINT('',#6699);
#1795=VERTEX_POINT('',#6703);
#1796=VERTEX_POINT('',#6705);
#1797=VERTEX_POINT('',#6709);
#1798=VERTEX_POINT('',#6711);
#1799=VERTEX_POINT('',#6715);
#1800=VERTEX_POINT('',#6717);
#1801=VERTEX_POINT('',#6734);
#1802=VERTEX_POINT('',#6735);
#1803=VERTEX_POINT('',#6741);
#1804=VERTEX_POINT('',#6743);
#1805=VERTEX_POINT('',#6760);
#1806=VERTEX_POINT('',#6766);
#1807=VERTEX_POINT('',#6783);
#1808=VERTEX_POINT('',#6789);
#1809=VERTEX_POINT('',#6806);
#1810=VERTEX_POINT('',#6812);
#1811=VERTEX_POINT('',#6829);
#1812=VERTEX_POINT('',#6835);
#1813=VERTEX_POINT('',#6852);
#1814=VERTEX_POINT('',#6858);
#1815=VERTEX_POINT('',#6875);
#1816=VERTEX_POINT('',#6881);
#1817=VERTEX_POINT('',#6898);
#1818=VERTEX_POINT('',#6904);
#1819=VERTEX_POINT('',#6921);
#1820=VERTEX_POINT('',#6927);
#1821=VERTEX_POINT('',#6944);
#1822=VERTEX_POINT('',#6950);
#1823=VERTEX_POINT('',#6967);
#1824=VERTEX_POINT('',#6973);
#1825=VERTEX_POINT('',#6990);
#1826=VERTEX_POINT('',#6996);
#1827=VERTEX_POINT('',#7013);
#1828=VERTEX_POINT('',#7019);
#1829=VERTEX_POINT('',#7036);
#1830=VERTEX_POINT('',#7042);
#1831=VERTEX_POINT('',#7050);
#1832=VERTEX_POINT('',#7052);
#1833=VERTEX_POINT('',#7065);
#1834=VERTEX_POINT('',#7071);
#1835=VERTEX_POINT('',#7088);
#1836=VERTEX_POINT('',#7094);
#1837=VERTEX_POINT('',#7111);
#1838=VERTEX_POINT('',#7117);
#1839=VERTEX_POINT('',#7134);
#1840=VERTEX_POINT('',#7140);
#1841=VERTEX_POINT('',#7157);
#1842=VERTEX_POINT('',#7163);
#1843=VERTEX_POINT('',#7180);
#1844=VERTEX_POINT('',#7186);
#1845=VERTEX_POINT('',#7203);
#1846=VERTEX_POINT('',#7209);
#1847=VERTEX_POINT('',#7226);
#1848=VERTEX_POINT('',#7232);
#1849=VERTEX_POINT('',#7249);
#1850=VERTEX_POINT('',#7255);
#1851=VERTEX_POINT('',#7272);
#1852=VERTEX_POINT('',#7278);
#1853=VERTEX_POINT('',#7295);
#1854=VERTEX_POINT('',#7301);
#1855=VERTEX_POINT('',#7318);
#1856=VERTEX_POINT('',#7324);
#1857=VERTEX_POINT('',#7341);
#1858=VERTEX_POINT('',#7347);
#1859=VERTEX_POINT('',#7364);
#1860=VERTEX_POINT('',#7370);
#1861=VERTEX_POINT('',#7387);
#1862=VERTEX_POINT('',#7393);
#1863=VERTEX_POINT('',#7410);
#1864=VERTEX_POINT('',#7416);
#1865=VERTEX_POINT('',#7433);
#1866=VERTEX_POINT('',#7439);
#1867=VERTEX_POINT('',#7456);
#1868=VERTEX_POINT('',#7462);
#1869=VERTEX_POINT('',#7470);
#1870=VERTEX_POINT('',#7472);
#1871=VERTEX_POINT('',#7497);
#1872=VERTEX_POINT('',#7498);
#1873=VERTEX_POINT('',#7500);
#1874=VERTEX_POINT('',#7502);
#1875=VERTEX_POINT('',#7504);
#1876=VERTEX_POINT('',#7506);
#1877=VERTEX_POINT('',#7508);
#1878=VERTEX_POINT('',#7510);
#1879=VERTEX_POINT('',#7512);
#1880=VERTEX_POINT('',#7514);
#1881=VERTEX_POINT('',#7516);
#1882=VERTEX_POINT('',#7518);
#1883=VERTEX_POINT('',#7521);
#1884=VERTEX_POINT('',#7523);
#1885=VERTEX_POINT('',#7525);
#1886=VERTEX_POINT('',#7527);
#1887=VERTEX_POINT('',#7528);
#1888=VERTEX_POINT('',#7530);
#1889=VERTEX_POINT('',#7532);
#1890=VERTEX_POINT('',#7534);
#1891=VERTEX_POINT('',#7536);
#1892=VERTEX_POINT('',#7538);
#1893=VERTEX_POINT('',#7540);
#1894=VERTEX_POINT('',#7543);
#1895=VERTEX_POINT('',#7544);
#1896=VERTEX_POINT('',#7546);
#1897=VERTEX_POINT('',#7548);
#1898=VERTEX_POINT('',#7550);
#1899=VERTEX_POINT('',#7552);
#1900=VERTEX_POINT('',#7554);
#1901=VERTEX_POINT('',#7556);
#1902=VERTEX_POINT('',#7559);
#1903=VERTEX_POINT('',#7560);
#1904=VERTEX_POINT('',#7562);
#1905=VERTEX_POINT('',#7564);
#1906=VERTEX_POINT('',#7566);
#1907=VERTEX_POINT('',#7568);
#1908=VERTEX_POINT('',#7570);
#1909=VERTEX_POINT('',#7572);
#1910=VERTEX_POINT('',#7575);
#1911=VERTEX_POINT('',#7576);
#1912=VERTEX_POINT('',#7578);
#1913=VERTEX_POINT('',#7580);
#1914=VERTEX_POINT('',#7582);
#1915=VERTEX_POINT('',#7584);
#1916=VERTEX_POINT('',#7586);
#1917=VERTEX_POINT('',#7588);
#1918=VERTEX_POINT('',#7591);
#1919=VERTEX_POINT('',#7593);
#1920=VERTEX_POINT('',#7594);
#1921=VERTEX_POINT('',#7596);
#1922=VERTEX_POINT('',#7598);
#1923=VERTEX_POINT('',#7601);
#1924=VERTEX_POINT('',#7602);
#1925=VERTEX_POINT('',#7604);
#1926=VERTEX_POINT('',#7606);
#1927=VERTEX_POINT('',#7609);
#1928=VERTEX_POINT('',#7610);
#1929=VERTEX_POINT('',#7612);
#1930=VERTEX_POINT('',#7614);
#1931=VERTEX_POINT('',#7616);
#1932=VERTEX_POINT('',#7618);
#1933=VERTEX_POINT('',#7620);
#1934=VERTEX_POINT('',#7622);
#1935=VERTEX_POINT('',#7625);
#1936=VERTEX_POINT('',#7626);
#1937=VERTEX_POINT('',#7628);
#1938=VERTEX_POINT('',#7630);
#1939=VERTEX_POINT('',#7632);
#1940=VERTEX_POINT('',#7634);
#1941=VERTEX_POINT('',#7636);
#1942=VERTEX_POINT('',#7638);
#1943=VERTEX_POINT('',#7641);
#1944=VERTEX_POINT('',#7642);
#1945=VERTEX_POINT('',#7644);
#1946=VERTEX_POINT('',#7646);
#1947=VERTEX_POINT('',#7648);
#1948=VERTEX_POINT('',#7650);
#1949=VERTEX_POINT('',#7652);
#1950=VERTEX_POINT('',#7654);
#1951=VERTEX_POINT('',#7657);
#1952=VERTEX_POINT('',#7658);
#1953=VERTEX_POINT('',#7660);
#1954=VERTEX_POINT('',#7662);
#1955=VERTEX_POINT('',#7664);
#1956=VERTEX_POINT('',#7666);
#1957=VERTEX_POINT('',#7668);
#1958=VERTEX_POINT('',#7670);
#1959=VERTEX_POINT('',#7675);
#1960=VERTEX_POINT('',#7676);
#1961=VERTEX_POINT('',#7681);
#1962=VERTEX_POINT('',#7686);
#1963=VERTEX_POINT('',#7687);
#1964=VERTEX_POINT('',#7692);
#1965=VERTEX_POINT('',#7696);
#1966=VERTEX_POINT('',#7700);
#1967=VERTEX_POINT('',#7704);
#1968=VERTEX_POINT('',#7706);
#1969=VERTEX_POINT('',#7710);
#1970=VERTEX_POINT('',#7714);
#1971=VERTEX_POINT('',#7718);
#1972=VERTEX_POINT('',#7722);
#1973=VERTEX_POINT('',#7726);
#1974=VERTEX_POINT('',#7730);
#1975=VERTEX_POINT('',#7736);
#1976=VERTEX_POINT('',#7738);
#1977=VERTEX_POINT('',#7742);
#1978=VERTEX_POINT('',#7746);
#1979=VERTEX_POINT('',#7750);
#1980=VERTEX_POINT('',#7754);
#1981=VERTEX_POINT('',#7758);
#1982=VERTEX_POINT('',#7762);
#1983=VERTEX_POINT('',#7768);
#1984=VERTEX_POINT('',#7770);
#1985=VERTEX_POINT('',#7774);
#1986=VERTEX_POINT('',#7778);
#1987=VERTEX_POINT('',#7782);
#1988=VERTEX_POINT('',#7786);
#1989=VERTEX_POINT('',#7790);
#1990=VERTEX_POINT('',#7794);
#1991=VERTEX_POINT('',#7800);
#1992=VERTEX_POINT('',#7802);
#1993=VERTEX_POINT('',#7806);
#1994=VERTEX_POINT('',#7810);
#1995=VERTEX_POINT('',#7814);
#1996=VERTEX_POINT('',#7818);
#1997=VERTEX_POINT('',#7822);
#1998=VERTEX_POINT('',#7826);
#1999=VERTEX_POINT('',#7832);
#2000=VERTEX_POINT('',#7834);
#2001=VERTEX_POINT('',#7838);
#2002=VERTEX_POINT('',#7842);
#2003=VERTEX_POINT('',#7848);
#2004=VERTEX_POINT('',#7850);
#2005=VERTEX_POINT('',#7854);
#2006=VERTEX_POINT('',#7858);
#2007=VERTEX_POINT('',#7864);
#2008=VERTEX_POINT('',#7868);
#2009=VERTEX_POINT('',#7870);
#2010=VERTEX_POINT('',#7874);
#2011=VERTEX_POINT('',#7878);
#2012=VERTEX_POINT('',#7882);
#2013=VERTEX_POINT('',#7886);
#2014=VERTEX_POINT('',#7890);
#2015=VERTEX_POINT('',#7894);
#2016=VERTEX_POINT('',#7900);
#2017=VERTEX_POINT('',#7902);
#2018=VERTEX_POINT('',#7906);
#2019=VERTEX_POINT('',#7910);
#2020=VERTEX_POINT('',#7914);
#2021=VERTEX_POINT('',#7918);
#2022=VERTEX_POINT('',#7922);
#2023=VERTEX_POINT('',#7926);
#2024=VERTEX_POINT('',#7932);
#2025=VERTEX_POINT('',#7934);
#2026=VERTEX_POINT('',#7938);
#2027=VERTEX_POINT('',#7942);
#2028=VERTEX_POINT('',#7946);
#2029=VERTEX_POINT('',#7950);
#2030=VERTEX_POINT('',#7954);
#2031=VERTEX_POINT('',#7958);
#2032=VERTEX_POINT('',#7964);
#2033=VERTEX_POINT('',#7966);
#2034=VERTEX_POINT('',#7970);
#2035=VERTEX_POINT('',#7974);
#2036=VERTEX_POINT('',#7978);
#2037=VERTEX_POINT('',#7982);
#2038=VERTEX_POINT('',#7986);
#2039=VERTEX_POINT('',#7990);
#2040=VERTEX_POINT('',#7996);
#2041=VERTEX_POINT('',#8000);
#2042=VERTEX_POINT('',#8004);
#2043=VERTEX_POINT('',#8008);
#2044=VERTEX_POINT('',#8014);
#2045=VERTEX_POINT('',#8018);
#2046=VERTEX_POINT('',#8022);
#2047=EDGE_CURVE('',#1631,#1632,#1449,.T.);
#2048=EDGE_CURVE('',#1631,#1633,#725,.T.);
#2049=EDGE_CURVE('',#1633,#1634,#1450,.T.);
#2050=EDGE_CURVE('',#1632,#1634,#726,.T.);
#2051=EDGE_CURVE('',#1635,#1631,#1451,.T.);
#2052=EDGE_CURVE('',#1635,#1636,#727,.T.);
#2053=EDGE_CURVE('',#1636,#1633,#1452,.T.);
#2054=EDGE_CURVE('',#1637,#1635,#1453,.T.);
#2055=EDGE_CURVE('',#1637,#1638,#728,.T.);
#2056=EDGE_CURVE('',#1638,#1636,#1454,.T.);
#2057=EDGE_CURVE('',#1639,#1637,#1455,.T.);
#2058=EDGE_CURVE('',#1639,#1640,#729,.T.);
#2059=EDGE_CURVE('',#1640,#1638,#1456,.T.);
#2060=EDGE_CURVE('',#1641,#1639,#1457,.T.);
#2061=EDGE_CURVE('',#1641,#1642,#730,.T.);
#2062=EDGE_CURVE('',#1642,#1640,#1458,.T.);
#2063=EDGE_CURVE('',#1643,#1641,#1459,.T.);
#2064=EDGE_CURVE('',#1643,#1644,#731,.T.);
#2065=EDGE_CURVE('',#1644,#1642,#1460,.T.);
#2066=EDGE_CURVE('',#1645,#1643,#1461,.T.);
#2067=EDGE_CURVE('',#1645,#1646,#732,.T.);
#2068=EDGE_CURVE('',#1646,#1644,#1462,.T.);
#2069=EDGE_CURVE('',#1632,#1645,#1463,.T.);
#2070=EDGE_CURVE('',#1634,#1646,#1464,.T.);
#2071=EDGE_CURVE('',#1647,#1648,#733,.T.);
#2072=EDGE_CURVE('',#1647,#1649,#734,.T.);
#2073=EDGE_CURVE('',#1649,#1650,#735,.T.);
#2074=EDGE_CURVE('',#1648,#1650,#736,.T.);
#2075=EDGE_CURVE('',#1651,#1647,#1465,.T.);
#2076=EDGE_CURVE('',#1651,#1652,#737,.T.);
#2077=EDGE_CURVE('',#1652,#1649,#1466,.T.);
#2078=EDGE_CURVE('',#1653,#1651,#1467,.T.);
#2079=EDGE_CURVE('',#1653,#1654,#738,.T.);
#2080=EDGE_CURVE('',#1654,#1652,#1468,.T.);
#2081=EDGE_CURVE('',#1655,#1653,#1469,.T.);
#2082=EDGE_CURVE('',#1655,#1656,#739,.T.);
#2083=EDGE_CURVE('',#1656,#1654,#1470,.T.);
#2084=EDGE_CURVE('',#1657,#1655,#1471,.T.);
#2085=EDGE_CURVE('',#1657,#1658,#740,.T.);
#2086=EDGE_CURVE('',#1658,#1656,#1472,.T.);
#2087=EDGE_CURVE('',#1659,#1657,#1473,.T.);
#2088=EDGE_CURVE('',#1659,#1660,#741,.T.);
#2089=EDGE_CURVE('',#1660,#1658,#1474,.T.);
#2090=EDGE_CURVE('',#1661,#1659,#1475,.T.);
#2091=EDGE_CURVE('',#1661,#1662,#742,.T.);
#2092=EDGE_CURVE('',#1662,#1660,#1476,.T.);
#2093=EDGE_CURVE('',#1663,#1661,#1477,.T.);
#2094=EDGE_CURVE('',#1663,#1664,#743,.T.);
#2095=EDGE_CURVE('',#1664,#1662,#1478,.T.);
#2096=EDGE_CURVE('',#1665,#1663,#1479,.T.);
#2097=EDGE_CURVE('',#1665,#1666,#744,.T.);
#2098=EDGE_CURVE('',#1666,#1664,#1480,.T.);
#2099=EDGE_CURVE('',#1667,#1665,#1481,.T.);
#2100=EDGE_CURVE('',#1667,#1668,#745,.T.);
#2101=EDGE_CURVE('',#1668,#1666,#1482,.T.);
#2102=EDGE_CURVE('',#1669,#1667,#1483,.T.);
#2103=EDGE_CURVE('',#1669,#1670,#746,.T.);
#2104=EDGE_CURVE('',#1670,#1668,#1484,.T.);
#2105=EDGE_CURVE('',#1671,#1669,#747,.T.);
#2106=EDGE_CURVE('',#1671,#1672,#748,.T.);
#2107=EDGE_CURVE('',#1672,#1670,#749,.T.);
#2108=EDGE_CURVE('',#1673,#1671,#750,.T.);
#2109=EDGE_CURVE('',#1673,#1674,#751,.T.);
#2110=EDGE_CURVE('',#1674,#1672,#752,.T.);
#2111=EDGE_CURVE('',#1675,#1673,#753,.T.);
#2112=EDGE_CURVE('',#1675,#1676,#754,.T.);
#2113=EDGE_CURVE('',#1676,#1674,#755,.T.);
#2114=EDGE_CURVE('',#1648,#1675,#756,.T.);
#2115=EDGE_CURVE('',#1650,#1676,#757,.T.);
#2116=EDGE_CURVE('',#1677,#1678,#1485,.T.);
#2117=EDGE_CURVE('',#1677,#1679,#758,.T.);
#2118=EDGE_CURVE('',#1679,#1680,#1486,.T.);
#2119=EDGE_CURVE('',#1678,#1680,#759,.T.);
#2120=EDGE_CURVE('',#1681,#1677,#1487,.T.);
#2121=EDGE_CURVE('',#1681,#1682,#760,.T.);
#2122=EDGE_CURVE('',#1682,#1679,#1488,.T.);
#2123=EDGE_CURVE('',#1683,#1681,#1489,.T.);
#2124=EDGE_CURVE('',#1683,#1684,#761,.T.);
#2125=EDGE_CURVE('',#1684,#1682,#1490,.T.);
#2126=EDGE_CURVE('',#1685,#1683,#1491,.T.);
#2127=EDGE_CURVE('',#1685,#1686,#762,.T.);
#2128=EDGE_CURVE('',#1686,#1684,#1492,.T.);
#2129=EDGE_CURVE('',#1687,#1685,#1493,.T.);
#2130=EDGE_CURVE('',#1687,#1688,#763,.T.);
#2131=EDGE_CURVE('',#1688,#1686,#1494,.T.);
#2132=EDGE_CURVE('',#1689,#1687,#1495,.T.);
#2133=EDGE_CURVE('',#1689,#1690,#764,.T.);
#2134=EDGE_CURVE('',#1690,#1688,#1496,.T.);
#2135=EDGE_CURVE('',#1691,#1689,#1497,.T.);
#2136=EDGE_CURVE('',#1691,#1692,#765,.T.);
#2137=EDGE_CURVE('',#1692,#1690,#1498,.T.);
#2138=EDGE_CURVE('',#1693,#1691,#1499,.T.);
#2139=EDGE_CURVE('',#1693,#1694,#766,.T.);
#2140=EDGE_CURVE('',#1694,#1692,#1500,.T.);
#2141=EDGE_CURVE('',#1695,#1693,#1501,.T.);
#2142=EDGE_CURVE('',#1695,#1696,#767,.T.);
#2143=EDGE_CURVE('',#1696,#1694,#1502,.T.);
#2144=EDGE_CURVE('',#1678,#1695,#768,.T.);
#2145=EDGE_CURVE('',#1680,#1696,#769,.T.);
#2146=EDGE_CURVE('',#1697,#1698,#770,.T.);
#2147=EDGE_CURVE('',#1697,#1699,#771,.T.);
#2148=EDGE_CURVE('',#1699,#1700,#772,.T.);
#2149=EDGE_CURVE('',#1698,#1700,#773,.T.);
#2150=EDGE_CURVE('',#1701,#1697,#1503,.T.);
#2151=EDGE_CURVE('',#1701,#1702,#774,.T.);
#2152=EDGE_CURVE('',#1702,#1699,#1504,.T.);
#2153=EDGE_CURVE('',#1703,#1701,#1505,.T.);
#2154=EDGE_CURVE('',#1703,#1704,#775,.T.);
#2155=EDGE_CURVE('',#1704,#1702,#1506,.T.);
#2156=EDGE_CURVE('',#1705,#1703,#776,.T.);
#2157=EDGE_CURVE('',#1705,#1706,#777,.T.);
#2158=EDGE_CURVE('',#1706,#1704,#778,.T.);
#2159=EDGE_CURVE('',#1707,#1705,#1507,.T.);
#2160=EDGE_CURVE('',#1707,#1708,#779,.T.);
#2161=EDGE_CURVE('',#1708,#1706,#1508,.T.);
#2162=EDGE_CURVE('',#1709,#1707,#1509,.T.);
#2163=EDGE_CURVE('',#1709,#1710,#780,.T.);
#2164=EDGE_CURVE('',#1710,#1708,#1510,.T.);
#2165=EDGE_CURVE('',#1711,#1709,#1511,.T.);
#2166=EDGE_CURVE('',#1711,#1712,#781,.T.);
#2167=EDGE_CURVE('',#1712,#1710,#1512,.T.);
#2168=EDGE_CURVE('',#1713,#1711,#1513,.T.);
#2169=EDGE_CURVE('',#1713,#1714,#782,.T.);
#2170=EDGE_CURVE('',#1714,#1712,#1514,.T.);
#2171=EDGE_CURVE('',#1715,#1713,#1515,.T.);
#2172=EDGE_CURVE('',#1715,#1716,#783,.T.);
#2173=EDGE_CURVE('',#1716,#1714,#1516,.T.);
#2174=EDGE_CURVE('',#1717,#1715,#1517,.T.);
#2175=EDGE_CURVE('',#1717,#1718,#784,.T.);
#2176=EDGE_CURVE('',#1718,#1716,#1518,.T.);
#2177=EDGE_CURVE('',#1719,#1717,#1519,.T.);
#2178=EDGE_CURVE('',#1719,#1720,#785,.T.);
#2179=EDGE_CURVE('',#1720,#1718,#1520,.T.);
#2180=EDGE_CURVE('',#1721,#1719,#786,.T.);
#2181=EDGE_CURVE('',#1721,#1722,#787,.T.);
#2182=EDGE_CURVE('',#1722,#1720,#788,.T.);
#2183=EDGE_CURVE('',#1723,#1721,#1521,.T.);
#2184=EDGE_CURVE('',#1723,#1724,#789,.T.);
#2185=EDGE_CURVE('',#1724,#1722,#1522,.T.);
#2186=EDGE_CURVE('',#1725,#1723,#1523,.T.);
#2187=EDGE_CURVE('',#1725,#1726,#790,.T.);
#2188=EDGE_CURVE('',#1726,#1724,#1524,.T.);
#2189=EDGE_CURVE('',#1727,#1725,#1525,.T.);
#2190=EDGE_CURVE('',#1727,#1728,#791,.T.);
#2191=EDGE_CURVE('',#1728,#1726,#1526,.T.);
#2192=EDGE_CURVE('',#1729,#1727,#1527,.T.);
#2193=EDGE_CURVE('',#1729,#1730,#792,.T.);
#2194=EDGE_CURVE('',#1730,#1728,#1528,.T.);
#2195=EDGE_CURVE('',#1731,#1729,#1529,.T.);
#2196=EDGE_CURVE('',#1731,#1732,#793,.T.);
#2197=EDGE_CURVE('',#1732,#1730,#1530,.T.);
#2198=EDGE_CURVE('',#1733,#1731,#1531,.T.);
#2199=EDGE_CURVE('',#1733,#1734,#794,.T.);
#2200=EDGE_CURVE('',#1734,#1732,#1532,.T.);
#2201=EDGE_CURVE('',#1735,#1733,#1533,.T.);
#2202=EDGE_CURVE('',#1735,#1736,#795,.T.);
#2203=EDGE_CURVE('',#1736,#1734,#1534,.T.);
#2204=EDGE_CURVE('',#1737,#1735,#1535,.T.);
#2205=EDGE_CURVE('',#1737,#1738,#796,.T.);
#2206=EDGE_CURVE('',#1738,#1736,#1536,.T.);
#2207=EDGE_CURVE('',#1739,#1737,#1537,.T.);
#2208=EDGE_CURVE('',#1739,#1740,#797,.T.);
#2209=EDGE_CURVE('',#1740,#1738,#1538,.T.);
#2210=EDGE_CURVE('',#1741,#1739,#1539,.T.);
#2211=EDGE_CURVE('',#1741,#1742,#798,.T.);
#2212=EDGE_CURVE('',#1742,#1740,#1540,.T.);
#2213=EDGE_CURVE('',#1743,#1741,#1541,.T.);
#2214=EDGE_CURVE('',#1743,#1744,#799,.T.);
#2215=EDGE_CURVE('',#1744,#1742,#1542,.T.);
#2216=EDGE_CURVE('',#1745,#1743,#1543,.T.);
#2217=EDGE_CURVE('',#1745,#1746,#800,.T.);
#2218=EDGE_CURVE('',#1746,#1744,#1544,.T.);
#2219=EDGE_CURVE('',#1747,#1745,#1545,.T.);
#2220=EDGE_CURVE('',#1747,#1748,#801,.T.);
#2221=EDGE_CURVE('',#1748,#1746,#1546,.T.);
#2222=EDGE_CURVE('',#1749,#1747,#1547,.T.);
#2223=EDGE_CURVE('',#1749,#1750,#802,.T.);
#2224=EDGE_CURVE('',#1750,#1748,#1548,.T.);
#2225=EDGE_CURVE('',#1698,#1749,#1549,.T.);
#2226=EDGE_CURVE('',#1700,#1750,#1550,.T.);
#2227=EDGE_CURVE('',#1751,#1752,#803,.T.);
#2228=EDGE_CURVE('',#1751,#1753,#804,.T.);
#2229=EDGE_CURVE('',#1753,#1754,#805,.T.);
#2230=EDGE_CURVE('',#1752,#1754,#806,.T.);
#2231=EDGE_CURVE('',#1755,#1751,#1551,.T.);
#2232=EDGE_CURVE('',#1755,#1756,#807,.T.);
#2233=EDGE_CURVE('',#1756,#1753,#1552,.T.);
#2234=EDGE_CURVE('',#1757,#1755,#1553,.T.);
#2235=EDGE_CURVE('',#1757,#1758,#808,.T.);
#2236=EDGE_CURVE('',#1758,#1756,#1554,.T.);
#2237=EDGE_CURVE('',#1759,#1757,#1555,.T.);
#2238=EDGE_CURVE('',#1759,#1760,#809,.T.);
#2239=EDGE_CURVE('',#1760,#1758,#1556,.T.);
#2240=EDGE_CURVE('',#1761,#1759,#1557,.T.);
#2241=EDGE_CURVE('',#1761,#1762,#810,.T.);
#2242=EDGE_CURVE('',#1762,#1760,#1558,.T.);
#2243=EDGE_CURVE('',#1763,#1761,#811,.T.);
#2244=EDGE_CURVE('',#1763,#1764,#812,.T.);
#2245=EDGE_CURVE('',#1764,#1762,#813,.T.);
#2246=EDGE_CURVE('',#1765,#1763,#1559,.T.);
#2247=EDGE_CURVE('',#1765,#1766,#814,.T.);
#2248=EDGE_CURVE('',#1766,#1764,#1560,.T.);
#2249=EDGE_CURVE('',#1767,#1765,#1561,.T.);
#2250=EDGE_CURVE('',#1767,#1768,#815,.T.);
#2251=EDGE_CURVE('',#1768,#1766,#1562,.T.);
#2252=EDGE_CURVE('',#1769,#1767,#1563,.T.);
#2253=EDGE_CURVE('',#1769,#1770,#816,.T.);
#2254=EDGE_CURVE('',#1770,#1768,#1564,.T.);
#2255=EDGE_CURVE('',#1771,#1769,#817,.T.);
#2256=EDGE_CURVE('',#1771,#1772,#818,.T.);
#2257=EDGE_CURVE('',#1772,#1770,#819,.T.);
#2258=EDGE_CURVE('',#1773,#1771,#820,.T.);
#2259=EDGE_CURVE('',#1773,#1774,#821,.T.);
#2260=EDGE_CURVE('',#1774,#1772,#822,.T.);
#2261=EDGE_CURVE('',#1775,#1773,#823,.T.);
#2262=EDGE_CURVE('',#1775,#1776,#824,.T.);
#2263=EDGE_CURVE('',#1776,#1774,#825,.T.);
#2264=EDGE_CURVE('',#1752,#1775,#826,.T.);
#2265=EDGE_CURVE('',#1754,#1776,#827,.T.);
#2266=EDGE_CURVE('',#1777,#1778,#828,.T.);
#2267=EDGE_CURVE('',#1777,#1779,#829,.T.);
#2268=EDGE_CURVE('',#1779,#1780,#830,.T.);
#2269=EDGE_CURVE('',#1778,#1780,#831,.T.);
#2270=EDGE_CURVE('',#1781,#1777,#832,.T.);
#2271=EDGE_CURVE('',#1781,#1782,#833,.T.);
#2272=EDGE_CURVE('',#1782,#1779,#834,.T.);
#2273=EDGE_CURVE('',#1783,#1781,#835,.T.);
#2274=EDGE_CURVE('',#1783,#1784,#836,.T.);
#2275=EDGE_CURVE('',#1784,#1782,#837,.T.);
#2276=EDGE_CURVE('',#1785,#1783,#838,.T.);
#2277=EDGE_CURVE('',#1785,#1786,#839,.T.);
#2278=EDGE_CURVE('',#1786,#1784,#840,.T.);
#2279=EDGE_CURVE('',#1787,#1785,#841,.T.);
#2280=EDGE_CURVE('',#1787,#1788,#842,.T.);
#2281=EDGE_CURVE('',#1788,#1786,#843,.T.);
#2282=EDGE_CURVE('',#1789,#1787,#844,.T.);
#2283=EDGE_CURVE('',#1789,#1790,#845,.T.);
#2284=EDGE_CURVE('',#1790,#1788,#846,.T.);
#2285=EDGE_CURVE('',#1791,#1789,#847,.T.);
#2286=EDGE_CURVE('',#1791,#1792,#848,.T.);
#2287=EDGE_CURVE('',#1792,#1790,#849,.T.);
#2288=EDGE_CURVE('',#1793,#1791,#850,.T.);
#2289=EDGE_CURVE('',#1793,#1794,#851,.T.);
#2290=EDGE_CURVE('',#1794,#1792,#852,.T.);
#2291=EDGE_CURVE('',#1795,#1793,#853,.T.);
#2292=EDGE_CURVE('',#1795,#1796,#854,.T.);
#2293=EDGE_CURVE('',#1796,#1794,#855,.T.);
#2294=EDGE_CURVE('',#1797,#1795,#856,.T.);
#2295=EDGE_CURVE('',#1797,#1798,#857,.T.);
#2296=EDGE_CURVE('',#1798,#1796,#858,.T.);
#2297=EDGE_CURVE('',#1799,#1797,#859,.T.);
#2298=EDGE_CURVE('',#1799,#1800,#860,.T.);
#2299=EDGE_CURVE('',#1800,#1798,#861,.T.);
#2300=EDGE_CURVE('',#1778,#1799,#862,.T.);
#2301=EDGE_CURVE('',#1780,#1800,#863,.T.);
#2302=EDGE_CURVE('',#1801,#1802,#1565,.T.);
#2303=EDGE_CURVE('',#1801,#1803,#864,.T.);
#2304=EDGE_CURVE('',#1803,#1804,#1566,.T.);
#2305=EDGE_CURVE('',#1802,#1804,#865,.T.);
#2306=EDGE_CURVE('',#1805,#1801,#1567,.T.);
#2307=EDGE_CURVE('',#1805,#1806,#866,.T.);
#2308=EDGE_CURVE('',#1806,#1803,#1568,.T.);
#2309=EDGE_CURVE('',#1807,#1805,#1569,.T.);
#2310=EDGE_CURVE('',#1807,#1808,#867,.T.);
#2311=EDGE_CURVE('',#1808,#1806,#1570,.T.);
#2312=EDGE_CURVE('',#1809,#1807,#1571,.T.);
#2313=EDGE_CURVE('',#1809,#1810,#868,.T.);
#2314=EDGE_CURVE('',#1810,#1808,#1572,.T.);
#2315=EDGE_CURVE('',#1811,#1809,#1573,.T.);
#2316=EDGE_CURVE('',#1811,#1812,#869,.T.);
#2317=EDGE_CURVE('',#1812,#1810,#1574,.T.);
#2318=EDGE_CURVE('',#1813,#1811,#1575,.T.);
#2319=EDGE_CURVE('',#1813,#1814,#870,.T.);
#2320=EDGE_CURVE('',#1814,#1812,#1576,.T.);
#2321=EDGE_CURVE('',#1815,#1813,#1577,.T.);
#2322=EDGE_CURVE('',#1815,#1816,#871,.T.);
#2323=EDGE_CURVE('',#1816,#1814,#1578,.T.);
#2324=EDGE_CURVE('',#1817,#1815,#1579,.T.);
#2325=EDGE_CURVE('',#1817,#1818,#872,.T.);
#2326=EDGE_CURVE('',#1818,#1816,#1580,.T.);
#2327=EDGE_CURVE('',#1819,#1817,#1581,.T.);
#2328=EDGE_CURVE('',#1819,#1820,#873,.T.);
#2329=EDGE_CURVE('',#1820,#1818,#1582,.T.);
#2330=EDGE_CURVE('',#1821,#1819,#1583,.T.);
#2331=EDGE_CURVE('',#1821,#1822,#874,.T.);
#2332=EDGE_CURVE('',#1822,#1820,#1584,.T.);
#2333=EDGE_CURVE('',#1823,#1821,#1585,.T.);
#2334=EDGE_CURVE('',#1823,#1824,#875,.T.);
#2335=EDGE_CURVE('',#1824,#1822,#1586,.T.);
#2336=EDGE_CURVE('',#1825,#1823,#1587,.T.);
#2337=EDGE_CURVE('',#1825,#1826,#876,.T.);
#2338=EDGE_CURVE('',#1826,#1824,#1588,.T.);
#2339=EDGE_CURVE('',#1827,#1825,#1589,.T.);
#2340=EDGE_CURVE('',#1827,#1828,#877,.T.);
#2341=EDGE_CURVE('',#1828,#1826,#1590,.T.);
#2342=EDGE_CURVE('',#1829,#1827,#1591,.T.);
#2343=EDGE_CURVE('',#1829,#1830,#878,.T.);
#2344=EDGE_CURVE('',#1830,#1828,#1592,.T.);
#2345=EDGE_CURVE('',#1831,#1829,#879,.T.);
#2346=EDGE_CURVE('',#1831,#1832,#880,.T.);
#2347=EDGE_CURVE('',#1832,#1830,#881,.T.);
#2348=EDGE_CURVE('',#1833,#1831,#1593,.T.);
#2349=EDGE_CURVE('',#1833,#1834,#882,.T.);
#2350=EDGE_CURVE('',#1834,#1832,#1594,.T.);
#2351=EDGE_CURVE('',#1835,#1833,#1595,.T.);
#2352=EDGE_CURVE('',#1835,#1836,#883,.T.);
#2353=EDGE_CURVE('',#1836,#1834,#1596,.T.);
#2354=EDGE_CURVE('',#1837,#1835,#1597,.T.);
#2355=EDGE_CURVE('',#1837,#1838,#884,.T.);
#2356=EDGE_CURVE('',#1838,#1836,#1598,.T.);
#2357=EDGE_CURVE('',#1839,#1837,#1599,.T.);
#2358=EDGE_CURVE('',#1839,#1840,#885,.T.);
#2359=EDGE_CURVE('',#1840,#1838,#1600,.T.);
#2360=EDGE_CURVE('',#1841,#1839,#1601,.T.);
#2361=EDGE_CURVE('',#1841,#1842,#886,.T.);
#2362=EDGE_CURVE('',#1842,#1840,#1602,.T.);
#2363=EDGE_CURVE('',#1843,#1841,#1603,.T.);
#2364=EDGE_CURVE('',#1843,#1844,#887,.T.);
#2365=EDGE_CURVE('',#1844,#1842,#1604,.T.);
#2366=EDGE_CURVE('',#1845,#1843,#1605,.T.);
#2367=EDGE_CURVE('',#1845,#1846,#888,.T.);
#2368=EDGE_CURVE('',#1846,#1844,#1606,.T.);
#2369=EDGE_CURVE('',#1847,#1845,#1607,.T.);
#2370=EDGE_CURVE('',#1847,#1848,#889,.T.);
#2371=EDGE_CURVE('',#1848,#1846,#1608,.T.);
#2372=EDGE_CURVE('',#1849,#1847,#1609,.T.);
#2373=EDGE_CURVE('',#1849,#1850,#890,.T.);
#2374=EDGE_CURVE('',#1850,#1848,#1610,.T.);
#2375=EDGE_CURVE('',#1851,#1849,#1611,.T.);
#2376=EDGE_CURVE('',#1851,#1852,#891,.T.);
#2377=EDGE_CURVE('',#1852,#1850,#1612,.T.);
#2378=EDGE_CURVE('',#1853,#1851,#1613,.T.);
#2379=EDGE_CURVE('',#1853,#1854,#892,.T.);
#2380=EDGE_CURVE('',#1854,#1852,#1614,.T.);
#2381=EDGE_CURVE('',#1855,#1853,#1615,.T.);
#2382=EDGE_CURVE('',#1855,#1856,#893,.T.);
#2383=EDGE_CURVE('',#1856,#1854,#1616,.T.);
#2384=EDGE_CURVE('',#1857,#1855,#1617,.T.);
#2385=EDGE_CURVE('',#1857,#1858,#894,.T.);
#2386=EDGE_CURVE('',#1858,#1856,#1618,.T.);
#2387=EDGE_CURVE('',#1859,#1857,#1619,.T.);
#2388=EDGE_CURVE('',#1859,#1860,#895,.T.);
#2389=EDGE_CURVE('',#1860,#1858,#1620,.T.);
#2390=EDGE_CURVE('',#1861,#1859,#1621,.T.);
#2391=EDGE_CURVE('',#1861,#1862,#896,.T.);
#2392=EDGE_CURVE('',#1862,#1860,#1622,.T.);
#2393=EDGE_CURVE('',#1863,#1861,#1623,.T.);
#2394=EDGE_CURVE('',#1863,#1864,#897,.T.);
#2395=EDGE_CURVE('',#1864,#1862,#1624,.T.);
#2396=EDGE_CURVE('',#1865,#1863,#1625,.T.);
#2397=EDGE_CURVE('',#1865,#1866,#898,.T.);
#2398=EDGE_CURVE('',#1866,#1864,#1626,.T.);
#2399=EDGE_CURVE('',#1867,#1865,#1627,.T.);
#2400=EDGE_CURVE('',#1867,#1868,#899,.T.);
#2401=EDGE_CURVE('',#1868,#1866,#1628,.T.);
#2402=EDGE_CURVE('',#1869,#1867,#900,.T.);
#2403=EDGE_CURVE('',#1869,#1870,#901,.T.);
#2404=EDGE_CURVE('',#1870,#1868,#902,.T.);
#2405=EDGE_CURVE('',#1802,#1869,#1629,.T.);
#2406=EDGE_CURVE('',#1804,#1870,#1630,.T.);
#2407=EDGE_CURVE('',#1871,#1872,#55,.T.);
#2408=EDGE_CURVE('',#1871,#1873,#903,.T.);
#2409=EDGE_CURVE('',#1874,#1873,#904,.T.);
#2410=EDGE_CURVE('',#1875,#1874,#905,.T.);
#2411=EDGE_CURVE('',#1876,#1875,#906,.T.);
#2412=EDGE_CURVE('',#1876,#1877,#907,.T.);
#2413=EDGE_CURVE('',#1878,#1877,#56,.T.);
#2414=EDGE_CURVE('',#1878,#1879,#908,.T.);
#2415=EDGE_CURVE('',#1880,#1879,#57,.T.);
#2416=EDGE_CURVE('',#1880,#1881,#909,.T.);
#2417=EDGE_CURVE('',#1882,#1881,#58,.T.);
#2418=EDGE_CURVE('',#1882,#1872,#910,.T.);
#2419=EDGE_CURVE('',#1883,#1883,#59,.T.);
#2420=EDGE_CURVE('',#1884,#1884,#60,.T.);
#2421=EDGE_CURVE('',#1885,#1885,#61,.T.);
#2422=EDGE_CURVE('',#1886,#1887,#62,.T.);
#2423=EDGE_CURVE('',#1888,#1886,#911,.T.);
#2424=EDGE_CURVE('',#1889,#1888,#63,.T.);
#2425=EDGE_CURVE('',#1890,#1889,#912,.T.);
#2426=EDGE_CURVE('',#1891,#1890,#64,.T.);
#2427=EDGE_CURVE('',#1892,#1891,#913,.T.);
#2428=EDGE_CURVE('',#1893,#1892,#65,.T.);
#2429=EDGE_CURVE('',#1887,#1893,#914,.T.);
#2430=EDGE_CURVE('',#1894,#1895,#66,.T.);
#2431=EDGE_CURVE('',#1896,#1894,#915,.T.);
#2432=EDGE_CURVE('',#1897,#1896,#67,.T.);
#2433=EDGE_CURVE('',#1898,#1897,#916,.T.);
#2434=EDGE_CURVE('',#1899,#1898,#68,.T.);
#2435=EDGE_CURVE('',#1900,#1899,#917,.T.);
#2436=EDGE_CURVE('',#1901,#1900,#69,.T.);
#2437=EDGE_CURVE('',#1895,#1901,#918,.T.);
#2438=EDGE_CURVE('',#1902,#1903,#70,.T.);
#2439=EDGE_CURVE('',#1904,#1902,#919,.T.);
#2440=EDGE_CURVE('',#1905,#1904,#71,.T.);
#2441=EDGE_CURVE('',#1906,#1905,#920,.T.);
#2442=EDGE_CURVE('',#1907,#1906,#72,.T.);
#2443=EDGE_CURVE('',#1908,#1907,#921,.T.);
#2444=EDGE_CURVE('',#1909,#1908,#73,.T.);
#2445=EDGE_CURVE('',#1903,#1909,#922,.T.);
#2446=EDGE_CURVE('',#1910,#1911,#74,.T.);
#2447=EDGE_CURVE('',#1912,#1910,#923,.T.);
#2448=EDGE_CURVE('',#1913,#1912,#75,.T.);
#2449=EDGE_CURVE('',#1914,#1913,#924,.T.);
#2450=EDGE_CURVE('',#1915,#1914,#76,.T.);
#2451=EDGE_CURVE('',#1916,#1915,#925,.T.);
#2452=EDGE_CURVE('',#1917,#1916,#77,.T.);
#2453=EDGE_CURVE('',#1911,#1917,#926,.T.);
#2454=EDGE_CURVE('',#1918,#1918,#78,.T.);
#2455=EDGE_CURVE('',#1919,#1920,#927,.T.);
#2456=EDGE_CURVE('',#1921,#1919,#928,.T.);
#2457=EDGE_CURVE('',#1922,#1921,#929,.T.);
#2458=EDGE_CURVE('',#1920,#1922,#930,.T.);
#2459=EDGE_CURVE('',#1923,#1924,#931,.T.);
#2460=EDGE_CURVE('',#1925,#1923,#932,.T.);
#2461=EDGE_CURVE('',#1926,#1925,#933,.T.);
#2462=EDGE_CURVE('',#1924,#1926,#934,.T.);
#2463=EDGE_CURVE('',#1927,#1928,#79,.T.);
#2464=EDGE_CURVE('',#1929,#1927,#935,.T.);
#2465=EDGE_CURVE('',#1930,#1929,#80,.T.);
#2466=EDGE_CURVE('',#1931,#1930,#936,.T.);
#2467=EDGE_CURVE('',#1932,#1931,#81,.T.);
#2468=EDGE_CURVE('',#1933,#1932,#937,.T.);
#2469=EDGE_CURVE('',#1934,#1933,#82,.T.);
#2470=EDGE_CURVE('',#1928,#1934,#938,.T.);
#2471=EDGE_CURVE('',#1935,#1936,#83,.T.);
#2472=EDGE_CURVE('',#1937,#1935,#939,.T.);
#2473=EDGE_CURVE('',#1938,#1937,#84,.T.);
#2474=EDGE_CURVE('',#1939,#1938,#940,.T.);
#2475=EDGE_CURVE('',#1940,#1939,#85,.T.);
#2476=EDGE_CURVE('',#1941,#1940,#941,.T.);
#2477=EDGE_CURVE('',#1942,#1941,#86,.T.);
#2478=EDGE_CURVE('',#1936,#1942,#942,.T.);
#2479=EDGE_CURVE('',#1943,#1944,#87,.T.);
#2480=EDGE_CURVE('',#1945,#1943,#943,.T.);
#2481=EDGE_CURVE('',#1946,#1945,#88,.T.);
#2482=EDGE_CURVE('',#1947,#1946,#944,.T.);
#2483=EDGE_CURVE('',#1948,#1947,#89,.T.);
#2484=EDGE_CURVE('',#1949,#1948,#945,.T.);
#2485=EDGE_CURVE('',#1950,#1949,#90,.T.);
#2486=EDGE_CURVE('',#1944,#1950,#946,.T.);
#2487=EDGE_CURVE('',#1951,#1952,#91,.T.);
#2488=EDGE_CURVE('',#1953,#1951,#947,.T.);
#2489=EDGE_CURVE('',#1954,#1953,#92,.T.);
#2490=EDGE_CURVE('',#1955,#1954,#948,.T.);
#2491=EDGE_CURVE('',#1956,#1955,#93,.T.);
#2492=EDGE_CURVE('',#1957,#1956,#949,.T.);
#2493=EDGE_CURVE('',#1958,#1957,#94,.T.);
#2494=EDGE_CURVE('',#1952,#1958,#950,.T.);
#2495=EDGE_CURVE('',#1959,#1960,#95,.T.);
#2496=EDGE_CURVE('',#1960,#1871,#951,.T.);
#2497=EDGE_CURVE('',#1872,#1959,#952,.T.);
#2498=EDGE_CURVE('',#1961,#1882,#953,.T.);
#2499=EDGE_CURVE('',#1959,#1961,#954,.T.);
#2500=EDGE_CURVE('',#1962,#1963,#96,.T.);
#2501=EDGE_CURVE('',#1963,#1878,#955,.T.);
#2502=EDGE_CURVE('',#1877,#1962,#956,.T.);
#2503=EDGE_CURVE('',#1964,#1963,#957,.T.);
#2504=EDGE_CURVE('',#1879,#1964,#958,.T.);
#2505=EDGE_CURVE('',#1964,#1965,#97,.T.);
#2506=EDGE_CURVE('',#1965,#1880,#959,.T.);
#2507=EDGE_CURVE('',#1966,#1961,#98,.T.);
#2508=EDGE_CURVE('',#1881,#1966,#960,.T.);
#2509=EDGE_CURVE('',#1951,#1967,#961,.T.);
#2510=EDGE_CURVE('',#1968,#1967,#962,.T.);
#2511=EDGE_CURVE('',#1953,#1968,#963,.T.);
#2512=EDGE_CURVE('',#1969,#1968,#99,.T.);
#2513=EDGE_CURVE('',#1954,#1969,#964,.T.);
#2514=EDGE_CURVE('',#1970,#1969,#965,.T.);
#2515=EDGE_CURVE('',#1955,#1970,#966,.T.);
#2516=EDGE_CURVE('',#1971,#1970,#100,.T.);
#2517=EDGE_CURVE('',#1956,#1971,#967,.T.);
#2518=EDGE_CURVE('',#1972,#1971,#968,.T.);
#2519=EDGE_CURVE('',#1957,#1972,#969,.T.);
#2520=EDGE_CURVE('',#1973,#1972,#101,.T.);
#2521=EDGE_CURVE('',#1958,#1973,#970,.T.);
#2522=EDGE_CURVE('',#1974,#1973,#971,.T.);
#2523=EDGE_CURVE('',#1952,#1974,#972,.T.);
#2524=EDGE_CURVE('',#1967,#1974,#102,.T.);
#2525=EDGE_CURVE('',#1943,#1975,#973,.T.);
#2526=EDGE_CURVE('',#1976,#1975,#974,.T.);
#2527=EDGE_CURVE('',#1945,#1976,#975,.T.);
#2528=EDGE_CURVE('',#1977,#1976,#103,.T.);
#2529=EDGE_CURVE('',#1946,#1977,#976,.T.);
#2530=EDGE_CURVE('',#1978,#1977,#977,.T.);
#2531=EDGE_CURVE('',#1947,#1978,#978,.T.);
#2532=EDGE_CURVE('',#1979,#1978,#104,.T.);
#2533=EDGE_CURVE('',#1948,#1979,#979,.T.);
#2534=EDGE_CURVE('',#1980,#1979,#980,.T.);
#2535=EDGE_CURVE('',#1949,#1980,#981,.T.);
#2536=EDGE_CURVE('',#1981,#1980,#105,.T.);
#2537=EDGE_CURVE('',#1950,#1981,#982,.T.);
#2538=EDGE_CURVE('',#1982,#1981,#983,.T.);
#2539=EDGE_CURVE('',#1944,#1982,#984,.T.);
#2540=EDGE_CURVE('',#1975,#1982,#106,.T.);
#2541=EDGE_CURVE('',#1935,#1983,#985,.T.);
#2542=EDGE_CURVE('',#1984,#1983,#986,.T.);
#2543=EDGE_CURVE('',#1937,#1984,#987,.T.);
#2544=EDGE_CURVE('',#1985,#1984,#107,.T.);
#2545=EDGE_CURVE('',#1938,#1985,#988,.T.);
#2546=EDGE_CURVE('',#1986,#1985,#989,.T.);
#2547=EDGE_CURVE('',#1939,#1986,#990,.T.);
#2548=EDGE_CURVE('',#1987,#1986,#108,.T.);
#2549=EDGE_CURVE('',#1940,#1987,#991,.T.);
#2550=EDGE_CURVE('',#1988,#1987,#992,.T.);
#2551=EDGE_CURVE('',#1941,#1988,#993,.T.);
#2552=EDGE_CURVE('',#1989,#1988,#109,.T.);
#2553=EDGE_CURVE('',#1942,#1989,#994,.T.);
#2554=EDGE_CURVE('',#1990,#1989,#995,.T.);
#2555=EDGE_CURVE('',#1936,#1990,#996,.T.);
#2556=EDGE_CURVE('',#1983,#1990,#110,.T.);
#2557=EDGE_CURVE('',#1927,#1991,#997,.T.);
#2558=EDGE_CURVE('',#1992,#1991,#998,.T.);
#2559=EDGE_CURVE('',#1929,#1992,#999,.T.);
#2560=EDGE_CURVE('',#1993,#1992,#111,.T.);
#2561=EDGE_CURVE('',#1930,#1993,#1000,.T.);
#2562=EDGE_CURVE('',#1994,#1993,#1001,.T.);
#2563=EDGE_CURVE('',#1931,#1994,#1002,.T.);
#2564=EDGE_CURVE('',#1995,#1994,#112,.T.);
#2565=EDGE_CURVE('',#1932,#1995,#1003,.T.);
#2566=EDGE_CURVE('',#1996,#1995,#1004,.T.);
#2567=EDGE_CURVE('',#1933,#1996,#1005,.T.);
#2568=EDGE_CURVE('',#1997,#1996,#113,.T.);
#2569=EDGE_CURVE('',#1934,#1997,#1006,.T.);
#2570=EDGE_CURVE('',#1998,#1997,#1007,.T.);
#2571=EDGE_CURVE('',#1928,#1998,#1008,.T.);
#2572=EDGE_CURVE('',#1991,#1998,#114,.T.);
#2573=EDGE_CURVE('',#1923,#1999,#1009,.T.);
#2574=EDGE_CURVE('',#2000,#1999,#1010,.T.);
#2575=EDGE_CURVE('',#1925,#2000,#1011,.T.);
#2576=EDGE_CURVE('',#2001,#2000,#1012,.T.);
#2577=EDGE_CURVE('',#1926,#2001,#1013,.T.);
#2578=EDGE_CURVE('',#2002,#2001,#1014,.T.);
#2579=EDGE_CURVE('',#1924,#2002,#1015,.T.);
#2580=EDGE_CURVE('',#1999,#2002,#1016,.T.);
#2581=EDGE_CURVE('',#1919,#2003,#1017,.T.);
#2582=EDGE_CURVE('',#2004,#2003,#1018,.T.);
#2583=EDGE_CURVE('',#1921,#2004,#1019,.T.);
#2584=EDGE_CURVE('',#2005,#2004,#1020,.T.);
#2585=EDGE_CURVE('',#1922,#2005,#1021,.T.);
#2586=EDGE_CURVE('',#2006,#2005,#1022,.T.);
#2587=EDGE_CURVE('',#1920,#2006,#1023,.T.);
#2588=EDGE_CURVE('',#2003,#2006,#1024,.T.);
#2589=EDGE_CURVE('',#2007,#2007,#115,.T.);
#2590=EDGE_CURVE('',#2007,#1918,#1025,.T.);
#2591=EDGE_CURVE('',#1910,#2008,#1026,.T.);
#2592=EDGE_CURVE('',#2009,#2008,#1027,.T.);
#2593=EDGE_CURVE('',#1912,#2009,#1028,.T.);
#2594=EDGE_CURVE('',#2010,#2009,#116,.T.);
#2595=EDGE_CURVE('',#1913,#2010,#1029,.T.);
#2596=EDGE_CURVE('',#2011,#2010,#1030,.T.);
#2597=EDGE_CURVE('',#1914,#2011,#1031,.T.);
#2598=EDGE_CURVE('',#2012,#2011,#117,.T.);
#2599=EDGE_CURVE('',#1915,#2012,#1032,.T.);
#2600=EDGE_CURVE('',#2013,#2012,#1033,.T.);
#2601=EDGE_CURVE('',#1916,#2013,#1034,.T.);
#2602=EDGE_CURVE('',#2014,#2013,#118,.T.);
#2603=EDGE_CURVE('',#1917,#2014,#1035,.T.);
#2604=EDGE_CURVE('',#2015,#2014,#1036,.T.);
#2605=EDGE_CURVE('',#1911,#2015,#1037,.T.);
#2606=EDGE_CURVE('',#2008,#2015,#119,.T.);
#2607=EDGE_CURVE('',#1902,#2016,#1038,.T.);
#2608=EDGE_CURVE('',#2017,#2016,#1039,.T.);
#2609=EDGE_CURVE('',#1904,#2017,#1040,.T.);
#2610=EDGE_CURVE('',#2018,#2017,#120,.T.);
#2611=EDGE_CURVE('',#1905,#2018,#1041,.T.);
#2612=EDGE_CURVE('',#2019,#2018,#1042,.T.);
#2613=EDGE_CURVE('',#1906,#2019,#1043,.T.);
#2614=EDGE_CURVE('',#2020,#2019,#121,.T.);
#2615=EDGE_CURVE('',#1907,#2020,#1044,.T.);
#2616=EDGE_CURVE('',#2021,#2020,#1045,.T.);
#2617=EDGE_CURVE('',#1908,#2021,#1046,.T.);
#2618=EDGE_CURVE('',#2022,#2021,#122,.T.);
#2619=EDGE_CURVE('',#1909,#2022,#1047,.T.);
#2620=EDGE_CURVE('',#2023,#2022,#1048,.T.);
#2621=EDGE_CURVE('',#1903,#2023,#1049,.T.);
#2622=EDGE_CURVE('',#2016,#2023,#123,.T.);
#2623=EDGE_CURVE('',#1894,#2024,#1050,.T.);
#2624=EDGE_CURVE('',#2025,#2024,#1051,.T.);
#2625=EDGE_CURVE('',#1896,#2025,#1052,.T.);
#2626=EDGE_CURVE('',#2026,#2025,#124,.T.);
#2627=EDGE_CURVE('',#1897,#2026,#1053,.T.);
#2628=EDGE_CURVE('',#2027,#2026,#1054,.T.);
#2629=EDGE_CURVE('',#1898,#2027,#1055,.T.);
#2630=EDGE_CURVE('',#2028,#2027,#125,.T.);
#2631=EDGE_CURVE('',#1899,#2028,#1056,.T.);
#2632=EDGE_CURVE('',#2029,#2028,#1057,.T.);
#2633=EDGE_CURVE('',#1900,#2029,#1058,.T.);
#2634=EDGE_CURVE('',#2030,#2029,#126,.T.);
#2635=EDGE_CURVE('',#1901,#2030,#1059,.T.);
#2636=EDGE_CURVE('',#2031,#2030,#1060,.T.);
#2637=EDGE_CURVE('',#1895,#2031,#1061,.T.);
#2638=EDGE_CURVE('',#2024,#2031,#127,.T.);
#2639=EDGE_CURVE('',#1886,#2032,#1062,.T.);
#2640=EDGE_CURVE('',#2033,#2032,#1063,.T.);
#2641=EDGE_CURVE('',#1888,#2033,#1064,.T.);
#2642=EDGE_CURVE('',#2034,#2033,#128,.T.);
#2643=EDGE_CURVE('',#1889,#2034,#1065,.T.);
#2644=EDGE_CURVE('',#2035,#2034,#1066,.T.);
#2645=EDGE_CURVE('',#1890,#2035,#1067,.T.);
#2646=EDGE_CURVE('',#2036,#2035,#129,.T.);
#2647=EDGE_CURVE('',#1891,#2036,#1068,.T.);
#2648=EDGE_CURVE('',#2037,#2036,#1069,.T.);
#2649=EDGE_CURVE('',#1892,#2037,#1070,.T.);
#2650=EDGE_CURVE('',#2038,#2037,#130,.T.);
#2651=EDGE_CURVE('',#1893,#2038,#1071,.T.);
#2652=EDGE_CURVE('',#2039,#2038,#1072,.T.);
#2653=EDGE_CURVE('',#1887,#2039,#1073,.T.);
#2654=EDGE_CURVE('',#2032,#2039,#131,.T.);
#2655=EDGE_CURVE('',#2040,#2040,#132,.T.);
#2656=EDGE_CURVE('',#2040,#1885,#1074,.T.);
#2657=EDGE_CURVE('',#2041,#2041,#133,.T.);
#2658=EDGE_CURVE('',#2041,#1884,#1075,.T.);
#2659=EDGE_CURVE('',#2042,#2042,#134,.T.);
#2660=EDGE_CURVE('',#2042,#1883,#1076,.T.);
#2661=EDGE_CURVE('',#1876,#2043,#1077,.T.);
#2662=EDGE_CURVE('',#1962,#2043,#1078,.T.);
#2663=EDGE_CURVE('',#1966,#1965,#1079,.T.);
#2664=EDGE_CURVE('',#2044,#1960,#1080,.T.);
#2665=EDGE_CURVE('',#1873,#2044,#1081,.T.);
#2666=EDGE_CURVE('',#2045,#2044,#1082,.T.);
#2667=EDGE_CURVE('',#1874,#2045,#1083,.T.);
#2668=EDGE_CURVE('',#2046,#2045,#1084,.T.);
#2669=EDGE_CURVE('',#1875,#2046,#1085,.T.);
#2670=EDGE_CURVE('',#2043,#2046,#1086,.T.);
#2671=ORIENTED_EDGE('',*,*,#2047,.F.);
#2672=ORIENTED_EDGE('',*,*,#2048,.T.);
#2673=ORIENTED_EDGE('',*,*,#2049,.T.);
#2674=ORIENTED_EDGE('',*,*,#2050,.F.);
#2675=ORIENTED_EDGE('',*,*,#2051,.F.);
#2676=ORIENTED_EDGE('',*,*,#2052,.T.);
#2677=ORIENTED_EDGE('',*,*,#2053,.T.);
#2678=ORIENTED_EDGE('',*,*,#2048,.F.);
#2679=ORIENTED_EDGE('',*,*,#2054,.F.);
#2680=ORIENTED_EDGE('',*,*,#2055,.T.);
#2681=ORIENTED_EDGE('',*,*,#2056,.T.);
#2682=ORIENTED_EDGE('',*,*,#2052,.F.);
#2683=ORIENTED_EDGE('',*,*,#2057,.F.);
#2684=ORIENTED_EDGE('',*,*,#2058,.T.);
#2685=ORIENTED_EDGE('',*,*,#2059,.T.);
#2686=ORIENTED_EDGE('',*,*,#2055,.F.);
#2687=ORIENTED_EDGE('',*,*,#2060,.F.);
#2688=ORIENTED_EDGE('',*,*,#2061,.T.);
#2689=ORIENTED_EDGE('',*,*,#2062,.T.);
#2690=ORIENTED_EDGE('',*,*,#2058,.F.);
#2691=ORIENTED_EDGE('',*,*,#2063,.F.);
#2692=ORIENTED_EDGE('',*,*,#2064,.T.);
#2693=ORIENTED_EDGE('',*,*,#2065,.T.);
#2694=ORIENTED_EDGE('',*,*,#2061,.F.);
#2695=ORIENTED_EDGE('',*,*,#2066,.F.);
#2696=ORIENTED_EDGE('',*,*,#2067,.T.);
#2697=ORIENTED_EDGE('',*,*,#2068,.T.);
#2698=ORIENTED_EDGE('',*,*,#2064,.F.);
#2699=ORIENTED_EDGE('',*,*,#2069,.F.);
#2700=ORIENTED_EDGE('',*,*,#2050,.T.);
#2701=ORIENTED_EDGE('',*,*,#2070,.T.);
#2702=ORIENTED_EDGE('',*,*,#2067,.F.);
#2703=ORIENTED_EDGE('',*,*,#2071,.F.);
#2704=ORIENTED_EDGE('',*,*,#2072,.T.);
#2705=ORIENTED_EDGE('',*,*,#2073,.T.);
#2706=ORIENTED_EDGE('',*,*,#2074,.F.);
#2707=ORIENTED_EDGE('',*,*,#2075,.F.);
#2708=ORIENTED_EDGE('',*,*,#2076,.T.);
#2709=ORIENTED_EDGE('',*,*,#2077,.T.);
#2710=ORIENTED_EDGE('',*,*,#2072,.F.);
#2711=ORIENTED_EDGE('',*,*,#2078,.F.);
#2712=ORIENTED_EDGE('',*,*,#2079,.T.);
#2713=ORIENTED_EDGE('',*,*,#2080,.T.);
#2714=ORIENTED_EDGE('',*,*,#2076,.F.);
#2715=ORIENTED_EDGE('',*,*,#2081,.F.);
#2716=ORIENTED_EDGE('',*,*,#2082,.T.);
#2717=ORIENTED_EDGE('',*,*,#2083,.T.);
#2718=ORIENTED_EDGE('',*,*,#2079,.F.);
#2719=ORIENTED_EDGE('',*,*,#2084,.F.);
#2720=ORIENTED_EDGE('',*,*,#2085,.T.);
#2721=ORIENTED_EDGE('',*,*,#2086,.T.);
#2722=ORIENTED_EDGE('',*,*,#2082,.F.);
#2723=ORIENTED_EDGE('',*,*,#2087,.F.);
#2724=ORIENTED_EDGE('',*,*,#2088,.T.);
#2725=ORIENTED_EDGE('',*,*,#2089,.T.);
#2726=ORIENTED_EDGE('',*,*,#2085,.F.);
#2727=ORIENTED_EDGE('',*,*,#2090,.F.);
#2728=ORIENTED_EDGE('',*,*,#2091,.T.);
#2729=ORIENTED_EDGE('',*,*,#2092,.T.);
#2730=ORIENTED_EDGE('',*,*,#2088,.F.);
#2731=ORIENTED_EDGE('',*,*,#2093,.F.);
#2732=ORIENTED_EDGE('',*,*,#2094,.T.);
#2733=ORIENTED_EDGE('',*,*,#2095,.T.);
#2734=ORIENTED_EDGE('',*,*,#2091,.F.);
#2735=ORIENTED_EDGE('',*,*,#2096,.F.);
#2736=ORIENTED_EDGE('',*,*,#2097,.T.);
#2737=ORIENTED_EDGE('',*,*,#2098,.T.);
#2738=ORIENTED_EDGE('',*,*,#2094,.F.);
#2739=ORIENTED_EDGE('',*,*,#2099,.F.);
#2740=ORIENTED_EDGE('',*,*,#2100,.T.);
#2741=ORIENTED_EDGE('',*,*,#2101,.T.);
#2742=ORIENTED_EDGE('',*,*,#2097,.F.);
#2743=ORIENTED_EDGE('',*,*,#2102,.F.);
#2744=ORIENTED_EDGE('',*,*,#2103,.T.);
#2745=ORIENTED_EDGE('',*,*,#2104,.T.);
#2746=ORIENTED_EDGE('',*,*,#2100,.F.);
#2747=ORIENTED_EDGE('',*,*,#2105,.F.);
#2748=ORIENTED_EDGE('',*,*,#2106,.T.);
#2749=ORIENTED_EDGE('',*,*,#2107,.T.);
#2750=ORIENTED_EDGE('',*,*,#2103,.F.);
#2751=ORIENTED_EDGE('',*,*,#2108,.F.);
#2752=ORIENTED_EDGE('',*,*,#2109,.T.);
#2753=ORIENTED_EDGE('',*,*,#2110,.T.);
#2754=ORIENTED_EDGE('',*,*,#2106,.F.);
#2755=ORIENTED_EDGE('',*,*,#2111,.F.);
#2756=ORIENTED_EDGE('',*,*,#2112,.T.);
#2757=ORIENTED_EDGE('',*,*,#2113,.T.);
#2758=ORIENTED_EDGE('',*,*,#2109,.F.);
#2759=ORIENTED_EDGE('',*,*,#2114,.F.);
#2760=ORIENTED_EDGE('',*,*,#2074,.T.);
#2761=ORIENTED_EDGE('',*,*,#2115,.T.);
#2762=ORIENTED_EDGE('',*,*,#2112,.F.);
#2763=ORIENTED_EDGE('',*,*,#2115,.F.);
#2764=ORIENTED_EDGE('',*,*,#2073,.F.);
#2765=ORIENTED_EDGE('',*,*,#2077,.F.);
#2766=ORIENTED_EDGE('',*,*,#2080,.F.);
#2767=ORIENTED_EDGE('',*,*,#2083,.F.);
#2768=ORIENTED_EDGE('',*,*,#2086,.F.);
#2769=ORIENTED_EDGE('',*,*,#2089,.F.);
#2770=ORIENTED_EDGE('',*,*,#2092,.F.);
#2771=ORIENTED_EDGE('',*,*,#2095,.F.);
#2772=ORIENTED_EDGE('',*,*,#2098,.F.);
#2773=ORIENTED_EDGE('',*,*,#2101,.F.);
#2774=ORIENTED_EDGE('',*,*,#2104,.F.);
#2775=ORIENTED_EDGE('',*,*,#2107,.F.);
#2776=ORIENTED_EDGE('',*,*,#2110,.F.);
#2777=ORIENTED_EDGE('',*,*,#2113,.F.);
#2778=ORIENTED_EDGE('',*,*,#2070,.F.);
#2779=ORIENTED_EDGE('',*,*,#2049,.F.);
#2780=ORIENTED_EDGE('',*,*,#2053,.F.);
#2781=ORIENTED_EDGE('',*,*,#2056,.F.);
#2782=ORIENTED_EDGE('',*,*,#2059,.F.);
#2783=ORIENTED_EDGE('',*,*,#2062,.F.);
#2784=ORIENTED_EDGE('',*,*,#2065,.F.);
#2785=ORIENTED_EDGE('',*,*,#2068,.F.);
#2786=ORIENTED_EDGE('',*,*,#2116,.F.);
#2787=ORIENTED_EDGE('',*,*,#2117,.T.);
#2788=ORIENTED_EDGE('',*,*,#2118,.T.);
#2789=ORIENTED_EDGE('',*,*,#2119,.F.);
#2790=ORIENTED_EDGE('',*,*,#2120,.F.);
#2791=ORIENTED_EDGE('',*,*,#2121,.T.);
#2792=ORIENTED_EDGE('',*,*,#2122,.T.);
#2793=ORIENTED_EDGE('',*,*,#2117,.F.);
#2794=ORIENTED_EDGE('',*,*,#2123,.F.);
#2795=ORIENTED_EDGE('',*,*,#2124,.T.);
#2796=ORIENTED_EDGE('',*,*,#2125,.T.);
#2797=ORIENTED_EDGE('',*,*,#2121,.F.);
#2798=ORIENTED_EDGE('',*,*,#2126,.F.);
#2799=ORIENTED_EDGE('',*,*,#2127,.T.);
#2800=ORIENTED_EDGE('',*,*,#2128,.T.);
#2801=ORIENTED_EDGE('',*,*,#2124,.F.);
#2802=ORIENTED_EDGE('',*,*,#2129,.F.);
#2803=ORIENTED_EDGE('',*,*,#2130,.T.);
#2804=ORIENTED_EDGE('',*,*,#2131,.T.);
#2805=ORIENTED_EDGE('',*,*,#2127,.F.);
#2806=ORIENTED_EDGE('',*,*,#2132,.F.);
#2807=ORIENTED_EDGE('',*,*,#2133,.T.);
#2808=ORIENTED_EDGE('',*,*,#2134,.T.);
#2809=ORIENTED_EDGE('',*,*,#2130,.F.);
#2810=ORIENTED_EDGE('',*,*,#2135,.F.);
#2811=ORIENTED_EDGE('',*,*,#2136,.T.);
#2812=ORIENTED_EDGE('',*,*,#2137,.T.);
#2813=ORIENTED_EDGE('',*,*,#2133,.F.);
#2814=ORIENTED_EDGE('',*,*,#2138,.F.);
#2815=ORIENTED_EDGE('',*,*,#2139,.T.);
#2816=ORIENTED_EDGE('',*,*,#2140,.T.);
#2817=ORIENTED_EDGE('',*,*,#2136,.F.);
#2818=ORIENTED_EDGE('',*,*,#2141,.F.);
#2819=ORIENTED_EDGE('',*,*,#2142,.T.);
#2820=ORIENTED_EDGE('',*,*,#2143,.T.);
#2821=ORIENTED_EDGE('',*,*,#2139,.F.);
#2822=ORIENTED_EDGE('',*,*,#2144,.F.);
#2823=ORIENTED_EDGE('',*,*,#2119,.T.);
#2824=ORIENTED_EDGE('',*,*,#2145,.T.);
#2825=ORIENTED_EDGE('',*,*,#2142,.F.);
#2826=ORIENTED_EDGE('',*,*,#2146,.F.);
#2827=ORIENTED_EDGE('',*,*,#2147,.T.);
#2828=ORIENTED_EDGE('',*,*,#2148,.T.);
#2829=ORIENTED_EDGE('',*,*,#2149,.F.);
#2830=ORIENTED_EDGE('',*,*,#2150,.F.);
#2831=ORIENTED_EDGE('',*,*,#2151,.T.);
#2832=ORIENTED_EDGE('',*,*,#2152,.T.);
#2833=ORIENTED_EDGE('',*,*,#2147,.F.);
#2834=ORIENTED_EDGE('',*,*,#2153,.F.);
#2835=ORIENTED_EDGE('',*,*,#2154,.T.);
#2836=ORIENTED_EDGE('',*,*,#2155,.T.);
#2837=ORIENTED_EDGE('',*,*,#2151,.F.);
#2838=ORIENTED_EDGE('',*,*,#2156,.F.);
#2839=ORIENTED_EDGE('',*,*,#2157,.T.);
#2840=ORIENTED_EDGE('',*,*,#2158,.T.);
#2841=ORIENTED_EDGE('',*,*,#2154,.F.);
#2842=ORIENTED_EDGE('',*,*,#2159,.F.);
#2843=ORIENTED_EDGE('',*,*,#2160,.T.);
#2844=ORIENTED_EDGE('',*,*,#2161,.T.);
#2845=ORIENTED_EDGE('',*,*,#2157,.F.);
#2846=ORIENTED_EDGE('',*,*,#2162,.F.);
#2847=ORIENTED_EDGE('',*,*,#2163,.T.);
#2848=ORIENTED_EDGE('',*,*,#2164,.T.);
#2849=ORIENTED_EDGE('',*,*,#2160,.F.);
#2850=ORIENTED_EDGE('',*,*,#2165,.F.);
#2851=ORIENTED_EDGE('',*,*,#2166,.T.);
#2852=ORIENTED_EDGE('',*,*,#2167,.T.);
#2853=ORIENTED_EDGE('',*,*,#2163,.F.);
#2854=ORIENTED_EDGE('',*,*,#2168,.F.);
#2855=ORIENTED_EDGE('',*,*,#2169,.T.);
#2856=ORIENTED_EDGE('',*,*,#2170,.T.);
#2857=ORIENTED_EDGE('',*,*,#2166,.F.);
#2858=ORIENTED_EDGE('',*,*,#2171,.F.);
#2859=ORIENTED_EDGE('',*,*,#2172,.T.);
#2860=ORIENTED_EDGE('',*,*,#2173,.T.);
#2861=ORIENTED_EDGE('',*,*,#2169,.F.);
#2862=ORIENTED_EDGE('',*,*,#2174,.F.);
#2863=ORIENTED_EDGE('',*,*,#2175,.T.);
#2864=ORIENTED_EDGE('',*,*,#2176,.T.);
#2865=ORIENTED_EDGE('',*,*,#2172,.F.);
#2866=ORIENTED_EDGE('',*,*,#2177,.F.);
#2867=ORIENTED_EDGE('',*,*,#2178,.T.);
#2868=ORIENTED_EDGE('',*,*,#2179,.T.);
#2869=ORIENTED_EDGE('',*,*,#2175,.F.);
#2870=ORIENTED_EDGE('',*,*,#2180,.F.);
#2871=ORIENTED_EDGE('',*,*,#2181,.T.);
#2872=ORIENTED_EDGE('',*,*,#2182,.T.);
#2873=ORIENTED_EDGE('',*,*,#2178,.F.);
#2874=ORIENTED_EDGE('',*,*,#2183,.F.);
#2875=ORIENTED_EDGE('',*,*,#2184,.T.);
#2876=ORIENTED_EDGE('',*,*,#2185,.T.);
#2877=ORIENTED_EDGE('',*,*,#2181,.F.);
#2878=ORIENTED_EDGE('',*,*,#2186,.F.);
#2879=ORIENTED_EDGE('',*,*,#2187,.T.);
#2880=ORIENTED_EDGE('',*,*,#2188,.T.);
#2881=ORIENTED_EDGE('',*,*,#2184,.F.);
#2882=ORIENTED_EDGE('',*,*,#2189,.F.);
#2883=ORIENTED_EDGE('',*,*,#2190,.T.);
#2884=ORIENTED_EDGE('',*,*,#2191,.T.);
#2885=ORIENTED_EDGE('',*,*,#2187,.F.);
#2886=ORIENTED_EDGE('',*,*,#2192,.F.);
#2887=ORIENTED_EDGE('',*,*,#2193,.T.);
#2888=ORIENTED_EDGE('',*,*,#2194,.T.);
#2889=ORIENTED_EDGE('',*,*,#2190,.F.);
#2890=ORIENTED_EDGE('',*,*,#2195,.F.);
#2891=ORIENTED_EDGE('',*,*,#2196,.T.);
#2892=ORIENTED_EDGE('',*,*,#2197,.T.);
#2893=ORIENTED_EDGE('',*,*,#2193,.F.);
#2894=ORIENTED_EDGE('',*,*,#2198,.F.);
#2895=ORIENTED_EDGE('',*,*,#2199,.T.);
#2896=ORIENTED_EDGE('',*,*,#2200,.T.);
#2897=ORIENTED_EDGE('',*,*,#2196,.F.);
#2898=ORIENTED_EDGE('',*,*,#2201,.F.);
#2899=ORIENTED_EDGE('',*,*,#2202,.T.);
#2900=ORIENTED_EDGE('',*,*,#2203,.T.);
#2901=ORIENTED_EDGE('',*,*,#2199,.F.);
#2902=ORIENTED_EDGE('',*,*,#2204,.F.);
#2903=ORIENTED_EDGE('',*,*,#2205,.T.);
#2904=ORIENTED_EDGE('',*,*,#2206,.T.);
#2905=ORIENTED_EDGE('',*,*,#2202,.F.);
#2906=ORIENTED_EDGE('',*,*,#2207,.F.);
#2907=ORIENTED_EDGE('',*,*,#2208,.T.);
#2908=ORIENTED_EDGE('',*,*,#2209,.T.);
#2909=ORIENTED_EDGE('',*,*,#2205,.F.);
#2910=ORIENTED_EDGE('',*,*,#2210,.F.);
#2911=ORIENTED_EDGE('',*,*,#2211,.T.);
#2912=ORIENTED_EDGE('',*,*,#2212,.T.);
#2913=ORIENTED_EDGE('',*,*,#2208,.F.);
#2914=ORIENTED_EDGE('',*,*,#2213,.F.);
#2915=ORIENTED_EDGE('',*,*,#2214,.T.);
#2916=ORIENTED_EDGE('',*,*,#2215,.T.);
#2917=ORIENTED_EDGE('',*,*,#2211,.F.);
#2918=ORIENTED_EDGE('',*,*,#2216,.F.);
#2919=ORIENTED_EDGE('',*,*,#2217,.T.);
#2920=ORIENTED_EDGE('',*,*,#2218,.T.);
#2921=ORIENTED_EDGE('',*,*,#2214,.F.);
#2922=ORIENTED_EDGE('',*,*,#2219,.F.);
#2923=ORIENTED_EDGE('',*,*,#2220,.T.);
#2924=ORIENTED_EDGE('',*,*,#2221,.T.);
#2925=ORIENTED_EDGE('',*,*,#2217,.F.);
#2926=ORIENTED_EDGE('',*,*,#2222,.F.);
#2927=ORIENTED_EDGE('',*,*,#2223,.T.);
#2928=ORIENTED_EDGE('',*,*,#2224,.T.);
#2929=ORIENTED_EDGE('',*,*,#2220,.F.);
#2930=ORIENTED_EDGE('',*,*,#2225,.F.);
#2931=ORIENTED_EDGE('',*,*,#2149,.T.);
#2932=ORIENTED_EDGE('',*,*,#2226,.T.);
#2933=ORIENTED_EDGE('',*,*,#2223,.F.);
#2934=ORIENTED_EDGE('',*,*,#2226,.F.);
#2935=ORIENTED_EDGE('',*,*,#2148,.F.);
#2936=ORIENTED_EDGE('',*,*,#2152,.F.);
#2937=ORIENTED_EDGE('',*,*,#2155,.F.);
#2938=ORIENTED_EDGE('',*,*,#2158,.F.);
#2939=ORIENTED_EDGE('',*,*,#2161,.F.);
#2940=ORIENTED_EDGE('',*,*,#2164,.F.);
#2941=ORIENTED_EDGE('',*,*,#2167,.F.);
#2942=ORIENTED_EDGE('',*,*,#2170,.F.);
#2943=ORIENTED_EDGE('',*,*,#2173,.F.);
#2944=ORIENTED_EDGE('',*,*,#2176,.F.);
#2945=ORIENTED_EDGE('',*,*,#2179,.F.);
#2946=ORIENTED_EDGE('',*,*,#2182,.F.);
#2947=ORIENTED_EDGE('',*,*,#2185,.F.);
#2948=ORIENTED_EDGE('',*,*,#2188,.F.);
#2949=ORIENTED_EDGE('',*,*,#2191,.F.);
#2950=ORIENTED_EDGE('',*,*,#2194,.F.);
#2951=ORIENTED_EDGE('',*,*,#2197,.F.);
#2952=ORIENTED_EDGE('',*,*,#2200,.F.);
#2953=ORIENTED_EDGE('',*,*,#2203,.F.);
#2954=ORIENTED_EDGE('',*,*,#2206,.F.);
#2955=ORIENTED_EDGE('',*,*,#2209,.F.);
#2956=ORIENTED_EDGE('',*,*,#2212,.F.);
#2957=ORIENTED_EDGE('',*,*,#2215,.F.);
#2958=ORIENTED_EDGE('',*,*,#2218,.F.);
#2959=ORIENTED_EDGE('',*,*,#2221,.F.);
#2960=ORIENTED_EDGE('',*,*,#2224,.F.);
#2961=ORIENTED_EDGE('',*,*,#2145,.F.);
#2962=ORIENTED_EDGE('',*,*,#2118,.F.);
#2963=ORIENTED_EDGE('',*,*,#2122,.F.);
#2964=ORIENTED_EDGE('',*,*,#2125,.F.);
#2965=ORIENTED_EDGE('',*,*,#2128,.F.);
#2966=ORIENTED_EDGE('',*,*,#2131,.F.);
#2967=ORIENTED_EDGE('',*,*,#2134,.F.);
#2968=ORIENTED_EDGE('',*,*,#2137,.F.);
#2969=ORIENTED_EDGE('',*,*,#2140,.F.);
#2970=ORIENTED_EDGE('',*,*,#2143,.F.);
#2971=ORIENTED_EDGE('',*,*,#2227,.F.);
#2972=ORIENTED_EDGE('',*,*,#2228,.T.);
#2973=ORIENTED_EDGE('',*,*,#2229,.T.);
#2974=ORIENTED_EDGE('',*,*,#2230,.F.);
#2975=ORIENTED_EDGE('',*,*,#2231,.F.);
#2976=ORIENTED_EDGE('',*,*,#2232,.T.);
#2977=ORIENTED_EDGE('',*,*,#2233,.T.);
#2978=ORIENTED_EDGE('',*,*,#2228,.F.);
#2979=ORIENTED_EDGE('',*,*,#2234,.F.);
#2980=ORIENTED_EDGE('',*,*,#2235,.T.);
#2981=ORIENTED_EDGE('',*,*,#2236,.T.);
#2982=ORIENTED_EDGE('',*,*,#2232,.F.);
#2983=ORIENTED_EDGE('',*,*,#2237,.F.);
#2984=ORIENTED_EDGE('',*,*,#2238,.T.);
#2985=ORIENTED_EDGE('',*,*,#2239,.T.);
#2986=ORIENTED_EDGE('',*,*,#2235,.F.);
#2987=ORIENTED_EDGE('',*,*,#2240,.F.);
#2988=ORIENTED_EDGE('',*,*,#2241,.T.);
#2989=ORIENTED_EDGE('',*,*,#2242,.T.);
#2990=ORIENTED_EDGE('',*,*,#2238,.F.);
#2991=ORIENTED_EDGE('',*,*,#2243,.F.);
#2992=ORIENTED_EDGE('',*,*,#2244,.T.);
#2993=ORIENTED_EDGE('',*,*,#2245,.T.);
#2994=ORIENTED_EDGE('',*,*,#2241,.F.);
#2995=ORIENTED_EDGE('',*,*,#2246,.F.);
#2996=ORIENTED_EDGE('',*,*,#2247,.T.);
#2997=ORIENTED_EDGE('',*,*,#2248,.T.);
#2998=ORIENTED_EDGE('',*,*,#2244,.F.);
#2999=ORIENTED_EDGE('',*,*,#2249,.F.);
#3000=ORIENTED_EDGE('',*,*,#2250,.T.);
#3001=ORIENTED_EDGE('',*,*,#2251,.T.);
#3002=ORIENTED_EDGE('',*,*,#2247,.F.);
#3003=ORIENTED_EDGE('',*,*,#2252,.F.);
#3004=ORIENTED_EDGE('',*,*,#2253,.T.);
#3005=ORIENTED_EDGE('',*,*,#2254,.T.);
#3006=ORIENTED_EDGE('',*,*,#2250,.F.);
#3007=ORIENTED_EDGE('',*,*,#2255,.F.);
#3008=ORIENTED_EDGE('',*,*,#2256,.T.);
#3009=ORIENTED_EDGE('',*,*,#2257,.T.);
#3010=ORIENTED_EDGE('',*,*,#2253,.F.);
#3011=ORIENTED_EDGE('',*,*,#2258,.F.);
#3012=ORIENTED_EDGE('',*,*,#2259,.T.);
#3013=ORIENTED_EDGE('',*,*,#2260,.T.);
#3014=ORIENTED_EDGE('',*,*,#2256,.F.);
#3015=ORIENTED_EDGE('',*,*,#2261,.F.);
#3016=ORIENTED_EDGE('',*,*,#2262,.T.);
#3017=ORIENTED_EDGE('',*,*,#2263,.T.);
#3018=ORIENTED_EDGE('',*,*,#2259,.F.);
#3019=ORIENTED_EDGE('',*,*,#2264,.F.);
#3020=ORIENTED_EDGE('',*,*,#2230,.T.);
#3021=ORIENTED_EDGE('',*,*,#2265,.T.);
#3022=ORIENTED_EDGE('',*,*,#2262,.F.);
#3023=ORIENTED_EDGE('',*,*,#2265,.F.);
#3024=ORIENTED_EDGE('',*,*,#2229,.F.);
#3025=ORIENTED_EDGE('',*,*,#2233,.F.);
#3026=ORIENTED_EDGE('',*,*,#2236,.F.);
#3027=ORIENTED_EDGE('',*,*,#2239,.F.);
#3028=ORIENTED_EDGE('',*,*,#2242,.F.);
#3029=ORIENTED_EDGE('',*,*,#2245,.F.);
#3030=ORIENTED_EDGE('',*,*,#2248,.F.);
#3031=ORIENTED_EDGE('',*,*,#2251,.F.);
#3032=ORIENTED_EDGE('',*,*,#2254,.F.);
#3033=ORIENTED_EDGE('',*,*,#2257,.F.);
#3034=ORIENTED_EDGE('',*,*,#2260,.F.);
#3035=ORIENTED_EDGE('',*,*,#2263,.F.);
#3036=ORIENTED_EDGE('',*,*,#2266,.F.);
#3037=ORIENTED_EDGE('',*,*,#2267,.T.);
#3038=ORIENTED_EDGE('',*,*,#2268,.T.);
#3039=ORIENTED_EDGE('',*,*,#2269,.F.);
#3040=ORIENTED_EDGE('',*,*,#2270,.F.);
#3041=ORIENTED_EDGE('',*,*,#2271,.T.);
#3042=ORIENTED_EDGE('',*,*,#2272,.T.);
#3043=ORIENTED_EDGE('',*,*,#2267,.F.);
#3044=ORIENTED_EDGE('',*,*,#2273,.F.);
#3045=ORIENTED_EDGE('',*,*,#2274,.T.);
#3046=ORIENTED_EDGE('',*,*,#2275,.T.);
#3047=ORIENTED_EDGE('',*,*,#2271,.F.);
#3048=ORIENTED_EDGE('',*,*,#2276,.F.);
#3049=ORIENTED_EDGE('',*,*,#2277,.T.);
#3050=ORIENTED_EDGE('',*,*,#2278,.T.);
#3051=ORIENTED_EDGE('',*,*,#2274,.F.);
#3052=ORIENTED_EDGE('',*,*,#2279,.F.);
#3053=ORIENTED_EDGE('',*,*,#2280,.T.);
#3054=ORIENTED_EDGE('',*,*,#2281,.T.);
#3055=ORIENTED_EDGE('',*,*,#2277,.F.);
#3056=ORIENTED_EDGE('',*,*,#2282,.F.);
#3057=ORIENTED_EDGE('',*,*,#2283,.T.);
#3058=ORIENTED_EDGE('',*,*,#2284,.T.);
#3059=ORIENTED_EDGE('',*,*,#2280,.F.);
#3060=ORIENTED_EDGE('',*,*,#2285,.F.);
#3061=ORIENTED_EDGE('',*,*,#2286,.T.);
#3062=ORIENTED_EDGE('',*,*,#2287,.T.);
#3063=ORIENTED_EDGE('',*,*,#2283,.F.);
#3064=ORIENTED_EDGE('',*,*,#2288,.F.);
#3065=ORIENTED_EDGE('',*,*,#2289,.T.);
#3066=ORIENTED_EDGE('',*,*,#2290,.T.);
#3067=ORIENTED_EDGE('',*,*,#2286,.F.);
#3068=ORIENTED_EDGE('',*,*,#2291,.F.);
#3069=ORIENTED_EDGE('',*,*,#2292,.T.);
#3070=ORIENTED_EDGE('',*,*,#2293,.T.);
#3071=ORIENTED_EDGE('',*,*,#2289,.F.);
#3072=ORIENTED_EDGE('',*,*,#2294,.F.);
#3073=ORIENTED_EDGE('',*,*,#2295,.T.);
#3074=ORIENTED_EDGE('',*,*,#2296,.T.);
#3075=ORIENTED_EDGE('',*,*,#2292,.F.);
#3076=ORIENTED_EDGE('',*,*,#2297,.F.);
#3077=ORIENTED_EDGE('',*,*,#2298,.T.);
#3078=ORIENTED_EDGE('',*,*,#2299,.T.);
#3079=ORIENTED_EDGE('',*,*,#2295,.F.);
#3080=ORIENTED_EDGE('',*,*,#2300,.F.);
#3081=ORIENTED_EDGE('',*,*,#2269,.T.);
#3082=ORIENTED_EDGE('',*,*,#2301,.T.);
#3083=ORIENTED_EDGE('',*,*,#2298,.F.);
#3084=ORIENTED_EDGE('',*,*,#2301,.F.);
#3085=ORIENTED_EDGE('',*,*,#2268,.F.);
#3086=ORIENTED_EDGE('',*,*,#2272,.F.);
#3087=ORIENTED_EDGE('',*,*,#2275,.F.);
#3088=ORIENTED_EDGE('',*,*,#2278,.F.);
#3089=ORIENTED_EDGE('',*,*,#2281,.F.);
#3090=ORIENTED_EDGE('',*,*,#2284,.F.);
#3091=ORIENTED_EDGE('',*,*,#2287,.F.);
#3092=ORIENTED_EDGE('',*,*,#2290,.F.);
#3093=ORIENTED_EDGE('',*,*,#2293,.F.);
#3094=ORIENTED_EDGE('',*,*,#2296,.F.);
#3095=ORIENTED_EDGE('',*,*,#2299,.F.);
#3096=ORIENTED_EDGE('',*,*,#2302,.F.);
#3097=ORIENTED_EDGE('',*,*,#2303,.T.);
#3098=ORIENTED_EDGE('',*,*,#2304,.T.);
#3099=ORIENTED_EDGE('',*,*,#2305,.F.);
#3100=ORIENTED_EDGE('',*,*,#2306,.F.);
#3101=ORIENTED_EDGE('',*,*,#2307,.T.);
#3102=ORIENTED_EDGE('',*,*,#2308,.T.);
#3103=ORIENTED_EDGE('',*,*,#2303,.F.);
#3104=ORIENTED_EDGE('',*,*,#2309,.F.);
#3105=ORIENTED_EDGE('',*,*,#2310,.T.);
#3106=ORIENTED_EDGE('',*,*,#2311,.T.);
#3107=ORIENTED_EDGE('',*,*,#2307,.F.);
#3108=ORIENTED_EDGE('',*,*,#2312,.F.);
#3109=ORIENTED_EDGE('',*,*,#2313,.T.);
#3110=ORIENTED_EDGE('',*,*,#2314,.T.);
#3111=ORIENTED_EDGE('',*,*,#2310,.F.);
#3112=ORIENTED_EDGE('',*,*,#2315,.F.);
#3113=ORIENTED_EDGE('',*,*,#2316,.T.);
#3114=ORIENTED_EDGE('',*,*,#2317,.T.);
#3115=ORIENTED_EDGE('',*,*,#2313,.F.);
#3116=ORIENTED_EDGE('',*,*,#2318,.F.);
#3117=ORIENTED_EDGE('',*,*,#2319,.T.);
#3118=ORIENTED_EDGE('',*,*,#2320,.T.);
#3119=ORIENTED_EDGE('',*,*,#2316,.F.);
#3120=ORIENTED_EDGE('',*,*,#2321,.F.);
#3121=ORIENTED_EDGE('',*,*,#2322,.T.);
#3122=ORIENTED_EDGE('',*,*,#2323,.T.);
#3123=ORIENTED_EDGE('',*,*,#2319,.F.);
#3124=ORIENTED_EDGE('',*,*,#2324,.F.);
#3125=ORIENTED_EDGE('',*,*,#2325,.T.);
#3126=ORIENTED_EDGE('',*,*,#2326,.T.);
#3127=ORIENTED_EDGE('',*,*,#2322,.F.);
#3128=ORIENTED_EDGE('',*,*,#2327,.F.);
#3129=ORIENTED_EDGE('',*,*,#2328,.T.);
#3130=ORIENTED_EDGE('',*,*,#2329,.T.);
#3131=ORIENTED_EDGE('',*,*,#2325,.F.);
#3132=ORIENTED_EDGE('',*,*,#2330,.F.);
#3133=ORIENTED_EDGE('',*,*,#2331,.T.);
#3134=ORIENTED_EDGE('',*,*,#2332,.T.);
#3135=ORIENTED_EDGE('',*,*,#2328,.F.);
#3136=ORIENTED_EDGE('',*,*,#2333,.F.);
#3137=ORIENTED_EDGE('',*,*,#2334,.T.);
#3138=ORIENTED_EDGE('',*,*,#2335,.T.);
#3139=ORIENTED_EDGE('',*,*,#2331,.F.);
#3140=ORIENTED_EDGE('',*,*,#2336,.F.);
#3141=ORIENTED_EDGE('',*,*,#2337,.T.);
#3142=ORIENTED_EDGE('',*,*,#2338,.T.);
#3143=ORIENTED_EDGE('',*,*,#2334,.F.);
#3144=ORIENTED_EDGE('',*,*,#2339,.F.);
#3145=ORIENTED_EDGE('',*,*,#2340,.T.);
#3146=ORIENTED_EDGE('',*,*,#2341,.T.);
#3147=ORIENTED_EDGE('',*,*,#2337,.F.);
#3148=ORIENTED_EDGE('',*,*,#2342,.F.);
#3149=ORIENTED_EDGE('',*,*,#2343,.T.);
#3150=ORIENTED_EDGE('',*,*,#2344,.T.);
#3151=ORIENTED_EDGE('',*,*,#2340,.F.);
#3152=ORIENTED_EDGE('',*,*,#2345,.F.);
#3153=ORIENTED_EDGE('',*,*,#2346,.T.);
#3154=ORIENTED_EDGE('',*,*,#2347,.T.);
#3155=ORIENTED_EDGE('',*,*,#2343,.F.);
#3156=ORIENTED_EDGE('',*,*,#2348,.F.);
#3157=ORIENTED_EDGE('',*,*,#2349,.T.);
#3158=ORIENTED_EDGE('',*,*,#2350,.T.);
#3159=ORIENTED_EDGE('',*,*,#2346,.F.);
#3160=ORIENTED_EDGE('',*,*,#2351,.F.);
#3161=ORIENTED_EDGE('',*,*,#2352,.T.);
#3162=ORIENTED_EDGE('',*,*,#2353,.T.);
#3163=ORIENTED_EDGE('',*,*,#2349,.F.);
#3164=ORIENTED_EDGE('',*,*,#2354,.F.);
#3165=ORIENTED_EDGE('',*,*,#2355,.T.);
#3166=ORIENTED_EDGE('',*,*,#2356,.T.);
#3167=ORIENTED_EDGE('',*,*,#2352,.F.);
#3168=ORIENTED_EDGE('',*,*,#2357,.F.);
#3169=ORIENTED_EDGE('',*,*,#2358,.T.);
#3170=ORIENTED_EDGE('',*,*,#2359,.T.);
#3171=ORIENTED_EDGE('',*,*,#2355,.F.);
#3172=ORIENTED_EDGE('',*,*,#2360,.F.);
#3173=ORIENTED_EDGE('',*,*,#2361,.T.);
#3174=ORIENTED_EDGE('',*,*,#2362,.T.);
#3175=ORIENTED_EDGE('',*,*,#2358,.F.);
#3176=ORIENTED_EDGE('',*,*,#2363,.F.);
#3177=ORIENTED_EDGE('',*,*,#2364,.T.);
#3178=ORIENTED_EDGE('',*,*,#2365,.T.);
#3179=ORIENTED_EDGE('',*,*,#2361,.F.);
#3180=ORIENTED_EDGE('',*,*,#2366,.F.);
#3181=ORIENTED_EDGE('',*,*,#2367,.T.);
#3182=ORIENTED_EDGE('',*,*,#2368,.T.);
#3183=ORIENTED_EDGE('',*,*,#2364,.F.);
#3184=ORIENTED_EDGE('',*,*,#2369,.F.);
#3185=ORIENTED_EDGE('',*,*,#2370,.T.);
#3186=ORIENTED_EDGE('',*,*,#2371,.T.);
#3187=ORIENTED_EDGE('',*,*,#2367,.F.);
#3188=ORIENTED_EDGE('',*,*,#2372,.F.);
#3189=ORIENTED_EDGE('',*,*,#2373,.T.);
#3190=ORIENTED_EDGE('',*,*,#2374,.T.);
#3191=ORIENTED_EDGE('',*,*,#2370,.F.);
#3192=ORIENTED_EDGE('',*,*,#2375,.F.);
#3193=ORIENTED_EDGE('',*,*,#2376,.T.);
#3194=ORIENTED_EDGE('',*,*,#2377,.T.);
#3195=ORIENTED_EDGE('',*,*,#2373,.F.);
#3196=ORIENTED_EDGE('',*,*,#2378,.F.);
#3197=ORIENTED_EDGE('',*,*,#2379,.T.);
#3198=ORIENTED_EDGE('',*,*,#2380,.T.);
#3199=ORIENTED_EDGE('',*,*,#2376,.F.);
#3200=ORIENTED_EDGE('',*,*,#2381,.F.);
#3201=ORIENTED_EDGE('',*,*,#2382,.T.);
#3202=ORIENTED_EDGE('',*,*,#2383,.T.);
#3203=ORIENTED_EDGE('',*,*,#2379,.F.);
#3204=ORIENTED_EDGE('',*,*,#2384,.F.);
#3205=ORIENTED_EDGE('',*,*,#2385,.T.);
#3206=ORIENTED_EDGE('',*,*,#2386,.T.);
#3207=ORIENTED_EDGE('',*,*,#2382,.F.);
#3208=ORIENTED_EDGE('',*,*,#2387,.F.);
#3209=ORIENTED_EDGE('',*,*,#2388,.T.);
#3210=ORIENTED_EDGE('',*,*,#2389,.T.);
#3211=ORIENTED_EDGE('',*,*,#2385,.F.);
#3212=ORIENTED_EDGE('',*,*,#2390,.F.);
#3213=ORIENTED_EDGE('',*,*,#2391,.T.);
#3214=ORIENTED_EDGE('',*,*,#2392,.T.);
#3215=ORIENTED_EDGE('',*,*,#2388,.F.);
#3216=ORIENTED_EDGE('',*,*,#2393,.F.);
#3217=ORIENTED_EDGE('',*,*,#2394,.T.);
#3218=ORIENTED_EDGE('',*,*,#2395,.T.);
#3219=ORIENTED_EDGE('',*,*,#2391,.F.);
#3220=ORIENTED_EDGE('',*,*,#2396,.F.);
#3221=ORIENTED_EDGE('',*,*,#2397,.T.);
#3222=ORIENTED_EDGE('',*,*,#2398,.T.);
#3223=ORIENTED_EDGE('',*,*,#2394,.F.);
#3224=ORIENTED_EDGE('',*,*,#2399,.F.);
#3225=ORIENTED_EDGE('',*,*,#2400,.T.);
#3226=ORIENTED_EDGE('',*,*,#2401,.T.);
#3227=ORIENTED_EDGE('',*,*,#2397,.F.);
#3228=ORIENTED_EDGE('',*,*,#2402,.F.);
#3229=ORIENTED_EDGE('',*,*,#2403,.T.);
#3230=ORIENTED_EDGE('',*,*,#2404,.T.);
#3231=ORIENTED_EDGE('',*,*,#2400,.F.);
#3232=ORIENTED_EDGE('',*,*,#2405,.F.);
#3233=ORIENTED_EDGE('',*,*,#2305,.T.);
#3234=ORIENTED_EDGE('',*,*,#2406,.T.);
#3235=ORIENTED_EDGE('',*,*,#2403,.F.);
#3236=ORIENTED_EDGE('',*,*,#2406,.F.);
#3237=ORIENTED_EDGE('',*,*,#2304,.F.);
#3238=ORIENTED_EDGE('',*,*,#2308,.F.);
#3239=ORIENTED_EDGE('',*,*,#2311,.F.);
#3240=ORIENTED_EDGE('',*,*,#2314,.F.);
#3241=ORIENTED_EDGE('',*,*,#2317,.F.);
#3242=ORIENTED_EDGE('',*,*,#2320,.F.);
#3243=ORIENTED_EDGE('',*,*,#2323,.F.);
#3244=ORIENTED_EDGE('',*,*,#2326,.F.);
#3245=ORIENTED_EDGE('',*,*,#2329,.F.);
#3246=ORIENTED_EDGE('',*,*,#2332,.F.);
#3247=ORIENTED_EDGE('',*,*,#2335,.F.);
#3248=ORIENTED_EDGE('',*,*,#2338,.F.);
#3249=ORIENTED_EDGE('',*,*,#2341,.F.);
#3250=ORIENTED_EDGE('',*,*,#2344,.F.);
#3251=ORIENTED_EDGE('',*,*,#2347,.F.);
#3252=ORIENTED_EDGE('',*,*,#2350,.F.);
#3253=ORIENTED_EDGE('',*,*,#2353,.F.);
#3254=ORIENTED_EDGE('',*,*,#2356,.F.);
#3255=ORIENTED_EDGE('',*,*,#2359,.F.);
#3256=ORIENTED_EDGE('',*,*,#2362,.F.);
#3257=ORIENTED_EDGE('',*,*,#2365,.F.);
#3258=ORIENTED_EDGE('',*,*,#2368,.F.);
#3259=ORIENTED_EDGE('',*,*,#2371,.F.);
#3260=ORIENTED_EDGE('',*,*,#2374,.F.);
#3261=ORIENTED_EDGE('',*,*,#2377,.F.);
#3262=ORIENTED_EDGE('',*,*,#2380,.F.);
#3263=ORIENTED_EDGE('',*,*,#2383,.F.);
#3264=ORIENTED_EDGE('',*,*,#2386,.F.);
#3265=ORIENTED_EDGE('',*,*,#2389,.F.);
#3266=ORIENTED_EDGE('',*,*,#2392,.F.);
#3267=ORIENTED_EDGE('',*,*,#2395,.F.);
#3268=ORIENTED_EDGE('',*,*,#2398,.F.);
#3269=ORIENTED_EDGE('',*,*,#2401,.F.);
#3270=ORIENTED_EDGE('',*,*,#2404,.F.);
#3271=ORIENTED_EDGE('',*,*,#2407,.F.);
#3272=ORIENTED_EDGE('',*,*,#2408,.T.);
#3273=ORIENTED_EDGE('',*,*,#2409,.F.);
#3274=ORIENTED_EDGE('',*,*,#2410,.F.);
#3275=ORIENTED_EDGE('',*,*,#2411,.F.);
#3276=ORIENTED_EDGE('',*,*,#2412,.T.);
#3277=ORIENTED_EDGE('',*,*,#2413,.F.);
#3278=ORIENTED_EDGE('',*,*,#2414,.T.);
#3279=ORIENTED_EDGE('',*,*,#2415,.F.);
#3280=ORIENTED_EDGE('',*,*,#2416,.T.);
#3281=ORIENTED_EDGE('',*,*,#2417,.F.);
#3282=ORIENTED_EDGE('',*,*,#2418,.T.);
#3283=ORIENTED_EDGE('',*,*,#2071,.T.);
#3284=ORIENTED_EDGE('',*,*,#2114,.T.);
#3285=ORIENTED_EDGE('',*,*,#2111,.T.);
#3286=ORIENTED_EDGE('',*,*,#2108,.T.);
#3287=ORIENTED_EDGE('',*,*,#2105,.T.);
#3288=ORIENTED_EDGE('',*,*,#2102,.T.);
#3289=ORIENTED_EDGE('',*,*,#2099,.T.);
#3290=ORIENTED_EDGE('',*,*,#2096,.T.);
#3291=ORIENTED_EDGE('',*,*,#2093,.T.);
#3292=ORIENTED_EDGE('',*,*,#2090,.T.);
#3293=ORIENTED_EDGE('',*,*,#2087,.T.);
#3294=ORIENTED_EDGE('',*,*,#2084,.T.);
#3295=ORIENTED_EDGE('',*,*,#2081,.T.);
#3296=ORIENTED_EDGE('',*,*,#2078,.T.);
#3297=ORIENTED_EDGE('',*,*,#2075,.T.);
#3298=ORIENTED_EDGE('',*,*,#2146,.T.);
#3299=ORIENTED_EDGE('',*,*,#2225,.T.);
#3300=ORIENTED_EDGE('',*,*,#2222,.T.);
#3301=ORIENTED_EDGE('',*,*,#2219,.T.);
#3302=ORIENTED_EDGE('',*,*,#2216,.T.);
#3303=ORIENTED_EDGE('',*,*,#2213,.T.);
#3304=ORIENTED_EDGE('',*,*,#2210,.T.);
#3305=ORIENTED_EDGE('',*,*,#2207,.T.);
#3306=ORIENTED_EDGE('',*,*,#2204,.T.);
#3307=ORIENTED_EDGE('',*,*,#2201,.T.);
#3308=ORIENTED_EDGE('',*,*,#2198,.T.);
#3309=ORIENTED_EDGE('',*,*,#2195,.T.);
#3310=ORIENTED_EDGE('',*,*,#2192,.T.);
#3311=ORIENTED_EDGE('',*,*,#2189,.T.);
#3312=ORIENTED_EDGE('',*,*,#2186,.T.);
#3313=ORIENTED_EDGE('',*,*,#2183,.T.);
#3314=ORIENTED_EDGE('',*,*,#2180,.T.);
#3315=ORIENTED_EDGE('',*,*,#2177,.T.);
#3316=ORIENTED_EDGE('',*,*,#2174,.T.);
#3317=ORIENTED_EDGE('',*,*,#2171,.T.);
#3318=ORIENTED_EDGE('',*,*,#2168,.T.);
#3319=ORIENTED_EDGE('',*,*,#2165,.T.);
#3320=ORIENTED_EDGE('',*,*,#2162,.T.);
#3321=ORIENTED_EDGE('',*,*,#2159,.T.);
#3322=ORIENTED_EDGE('',*,*,#2156,.T.);
#3323=ORIENTED_EDGE('',*,*,#2153,.T.);
#3324=ORIENTED_EDGE('',*,*,#2150,.T.);
#3325=ORIENTED_EDGE('',*,*,#2227,.T.);
#3326=ORIENTED_EDGE('',*,*,#2264,.T.);
#3327=ORIENTED_EDGE('',*,*,#2261,.T.);
#3328=ORIENTED_EDGE('',*,*,#2258,.T.);
#3329=ORIENTED_EDGE('',*,*,#2255,.T.);
#3330=ORIENTED_EDGE('',*,*,#2252,.T.);
#3331=ORIENTED_EDGE('',*,*,#2249,.T.);
#3332=ORIENTED_EDGE('',*,*,#2246,.T.);
#3333=ORIENTED_EDGE('',*,*,#2243,.T.);
#3334=ORIENTED_EDGE('',*,*,#2240,.T.);
#3335=ORIENTED_EDGE('',*,*,#2237,.T.);
#3336=ORIENTED_EDGE('',*,*,#2234,.T.);
#3337=ORIENTED_EDGE('',*,*,#2231,.T.);
#3338=ORIENTED_EDGE('',*,*,#2266,.T.);
#3339=ORIENTED_EDGE('',*,*,#2300,.T.);
#3340=ORIENTED_EDGE('',*,*,#2297,.T.);
#3341=ORIENTED_EDGE('',*,*,#2294,.T.);
#3342=ORIENTED_EDGE('',*,*,#2291,.T.);
#3343=ORIENTED_EDGE('',*,*,#2288,.T.);
#3344=ORIENTED_EDGE('',*,*,#2285,.T.);
#3345=ORIENTED_EDGE('',*,*,#2282,.T.);
#3346=ORIENTED_EDGE('',*,*,#2279,.T.);
#3347=ORIENTED_EDGE('',*,*,#2276,.T.);
#3348=ORIENTED_EDGE('',*,*,#2273,.T.);
#3349=ORIENTED_EDGE('',*,*,#2270,.T.);
#3350=ORIENTED_EDGE('',*,*,#2302,.T.);
#3351=ORIENTED_EDGE('',*,*,#2405,.T.);
#3352=ORIENTED_EDGE('',*,*,#2402,.T.);
#3353=ORIENTED_EDGE('',*,*,#2399,.T.);
#3354=ORIENTED_EDGE('',*,*,#2396,.T.);
#3355=ORIENTED_EDGE('',*,*,#2393,.T.);
#3356=ORIENTED_EDGE('',*,*,#2390,.T.);
#3357=ORIENTED_EDGE('',*,*,#2387,.T.);
#3358=ORIENTED_EDGE('',*,*,#2384,.T.);
#3359=ORIENTED_EDGE('',*,*,#2381,.T.);
#3360=ORIENTED_EDGE('',*,*,#2378,.T.);
#3361=ORIENTED_EDGE('',*,*,#2375,.T.);
#3362=ORIENTED_EDGE('',*,*,#2372,.T.);
#3363=ORIENTED_EDGE('',*,*,#2369,.T.);
#3364=ORIENTED_EDGE('',*,*,#2366,.T.);
#3365=ORIENTED_EDGE('',*,*,#2363,.T.);
#3366=ORIENTED_EDGE('',*,*,#2360,.T.);
#3367=ORIENTED_EDGE('',*,*,#2357,.T.);
#3368=ORIENTED_EDGE('',*,*,#2354,.T.);
#3369=ORIENTED_EDGE('',*,*,#2351,.T.);
#3370=ORIENTED_EDGE('',*,*,#2348,.T.);
#3371=ORIENTED_EDGE('',*,*,#2345,.T.);
#3372=ORIENTED_EDGE('',*,*,#2342,.T.);
#3373=ORIENTED_EDGE('',*,*,#2339,.T.);
#3374=ORIENTED_EDGE('',*,*,#2336,.T.);
#3375=ORIENTED_EDGE('',*,*,#2333,.T.);
#3376=ORIENTED_EDGE('',*,*,#2330,.T.);
#3377=ORIENTED_EDGE('',*,*,#2327,.T.);
#3378=ORIENTED_EDGE('',*,*,#2324,.T.);
#3379=ORIENTED_EDGE('',*,*,#2321,.T.);
#3380=ORIENTED_EDGE('',*,*,#2318,.T.);
#3381=ORIENTED_EDGE('',*,*,#2315,.T.);
#3382=ORIENTED_EDGE('',*,*,#2312,.T.);
#3383=ORIENTED_EDGE('',*,*,#2309,.T.);
#3384=ORIENTED_EDGE('',*,*,#2306,.T.);
#3385=ORIENTED_EDGE('',*,*,#2419,.F.);
#3386=ORIENTED_EDGE('',*,*,#2420,.F.);
#3387=ORIENTED_EDGE('',*,*,#2421,.F.);
#3388=ORIENTED_EDGE('',*,*,#2422,.F.);
#3389=ORIENTED_EDGE('',*,*,#2423,.F.);
#3390=ORIENTED_EDGE('',*,*,#2424,.F.);
#3391=ORIENTED_EDGE('',*,*,#2425,.F.);
#3392=ORIENTED_EDGE('',*,*,#2426,.F.);
#3393=ORIENTED_EDGE('',*,*,#2427,.F.);
#3394=ORIENTED_EDGE('',*,*,#2428,.F.);
#3395=ORIENTED_EDGE('',*,*,#2429,.F.);
#3396=ORIENTED_EDGE('',*,*,#2430,.F.);
#3397=ORIENTED_EDGE('',*,*,#2431,.F.);
#3398=ORIENTED_EDGE('',*,*,#2432,.F.);
#3399=ORIENTED_EDGE('',*,*,#2433,.F.);
#3400=ORIENTED_EDGE('',*,*,#2434,.F.);
#3401=ORIENTED_EDGE('',*,*,#2435,.F.);
#3402=ORIENTED_EDGE('',*,*,#2436,.F.);
#3403=ORIENTED_EDGE('',*,*,#2437,.F.);
#3404=ORIENTED_EDGE('',*,*,#2438,.F.);
#3405=ORIENTED_EDGE('',*,*,#2439,.F.);
#3406=ORIENTED_EDGE('',*,*,#2440,.F.);
#3407=ORIENTED_EDGE('',*,*,#2441,.F.);
#3408=ORIENTED_EDGE('',*,*,#2442,.F.);
#3409=ORIENTED_EDGE('',*,*,#2443,.F.);
#3410=ORIENTED_EDGE('',*,*,#2444,.F.);
#3411=ORIENTED_EDGE('',*,*,#2445,.F.);
#3412=ORIENTED_EDGE('',*,*,#2446,.F.);
#3413=ORIENTED_EDGE('',*,*,#2447,.F.);
#3414=ORIENTED_EDGE('',*,*,#2448,.F.);
#3415=ORIENTED_EDGE('',*,*,#2449,.F.);
#3416=ORIENTED_EDGE('',*,*,#2450,.F.);
#3417=ORIENTED_EDGE('',*,*,#2451,.F.);
#3418=ORIENTED_EDGE('',*,*,#2452,.F.);
#3419=ORIENTED_EDGE('',*,*,#2453,.F.);
#3420=ORIENTED_EDGE('',*,*,#2454,.F.);
#3421=ORIENTED_EDGE('',*,*,#2455,.F.);
#3422=ORIENTED_EDGE('',*,*,#2456,.F.);
#3423=ORIENTED_EDGE('',*,*,#2457,.F.);
#3424=ORIENTED_EDGE('',*,*,#2458,.F.);
#3425=ORIENTED_EDGE('',*,*,#2459,.F.);
#3426=ORIENTED_EDGE('',*,*,#2460,.F.);
#3427=ORIENTED_EDGE('',*,*,#2461,.F.);
#3428=ORIENTED_EDGE('',*,*,#2462,.F.);
#3429=ORIENTED_EDGE('',*,*,#2463,.F.);
#3430=ORIENTED_EDGE('',*,*,#2464,.F.);
#3431=ORIENTED_EDGE('',*,*,#2465,.F.);
#3432=ORIENTED_EDGE('',*,*,#2466,.F.);
#3433=ORIENTED_EDGE('',*,*,#2467,.F.);
#3434=ORIENTED_EDGE('',*,*,#2468,.F.);
#3435=ORIENTED_EDGE('',*,*,#2469,.F.);
#3436=ORIENTED_EDGE('',*,*,#2470,.F.);
#3437=ORIENTED_EDGE('',*,*,#2471,.F.);
#3438=ORIENTED_EDGE('',*,*,#2472,.F.);
#3439=ORIENTED_EDGE('',*,*,#2473,.F.);
#3440=ORIENTED_EDGE('',*,*,#2474,.F.);
#3441=ORIENTED_EDGE('',*,*,#2475,.F.);
#3442=ORIENTED_EDGE('',*,*,#2476,.F.);
#3443=ORIENTED_EDGE('',*,*,#2477,.F.);
#3444=ORIENTED_EDGE('',*,*,#2478,.F.);
#3445=ORIENTED_EDGE('',*,*,#2479,.F.);
#3446=ORIENTED_EDGE('',*,*,#2480,.F.);
#3447=ORIENTED_EDGE('',*,*,#2481,.F.);
#3448=ORIENTED_EDGE('',*,*,#2482,.F.);
#3449=ORIENTED_EDGE('',*,*,#2483,.F.);
#3450=ORIENTED_EDGE('',*,*,#2484,.F.);
#3451=ORIENTED_EDGE('',*,*,#2485,.F.);
#3452=ORIENTED_EDGE('',*,*,#2486,.F.);
#3453=ORIENTED_EDGE('',*,*,#2487,.F.);
#3454=ORIENTED_EDGE('',*,*,#2488,.F.);
#3455=ORIENTED_EDGE('',*,*,#2489,.F.);
#3456=ORIENTED_EDGE('',*,*,#2490,.F.);
#3457=ORIENTED_EDGE('',*,*,#2491,.F.);
#3458=ORIENTED_EDGE('',*,*,#2492,.F.);
#3459=ORIENTED_EDGE('',*,*,#2493,.F.);
#3460=ORIENTED_EDGE('',*,*,#2494,.F.);
#3461=ORIENTED_EDGE('',*,*,#2116,.T.);
#3462=ORIENTED_EDGE('',*,*,#2144,.T.);
#3463=ORIENTED_EDGE('',*,*,#2141,.T.);
#3464=ORIENTED_EDGE('',*,*,#2138,.T.);
#3465=ORIENTED_EDGE('',*,*,#2135,.T.);
#3466=ORIENTED_EDGE('',*,*,#2132,.T.);
#3467=ORIENTED_EDGE('',*,*,#2129,.T.);
#3468=ORIENTED_EDGE('',*,*,#2126,.T.);
#3469=ORIENTED_EDGE('',*,*,#2123,.T.);
#3470=ORIENTED_EDGE('',*,*,#2120,.T.);
#3471=ORIENTED_EDGE('',*,*,#2495,.T.);
#3472=ORIENTED_EDGE('',*,*,#2496,.T.);
#3473=ORIENTED_EDGE('',*,*,#2407,.T.);
#3474=ORIENTED_EDGE('',*,*,#2497,.T.);
#3475=ORIENTED_EDGE('',*,*,#2497,.F.);
#3476=ORIENTED_EDGE('',*,*,#2418,.F.);
#3477=ORIENTED_EDGE('',*,*,#2498,.F.);
#3478=ORIENTED_EDGE('',*,*,#2499,.F.);
#3479=ORIENTED_EDGE('',*,*,#2047,.T.);
#3480=ORIENTED_EDGE('',*,*,#2069,.T.);
#3481=ORIENTED_EDGE('',*,*,#2066,.T.);
#3482=ORIENTED_EDGE('',*,*,#2063,.T.);
#3483=ORIENTED_EDGE('',*,*,#2060,.T.);
#3484=ORIENTED_EDGE('',*,*,#2057,.T.);
#3485=ORIENTED_EDGE('',*,*,#2054,.T.);
#3486=ORIENTED_EDGE('',*,*,#2051,.T.);
#3487=ORIENTED_EDGE('',*,*,#2500,.T.);
#3488=ORIENTED_EDGE('',*,*,#2501,.T.);
#3489=ORIENTED_EDGE('',*,*,#2413,.T.);
#3490=ORIENTED_EDGE('',*,*,#2502,.T.);
#3491=ORIENTED_EDGE('',*,*,#2501,.F.);
#3492=ORIENTED_EDGE('',*,*,#2503,.F.);
#3493=ORIENTED_EDGE('',*,*,#2504,.F.);
#3494=ORIENTED_EDGE('',*,*,#2414,.F.);
#3495=ORIENTED_EDGE('',*,*,#2505,.T.);
#3496=ORIENTED_EDGE('',*,*,#2506,.T.);
#3497=ORIENTED_EDGE('',*,*,#2415,.T.);
#3498=ORIENTED_EDGE('',*,*,#2504,.T.);
#3499=ORIENTED_EDGE('',*,*,#2507,.T.);
#3500=ORIENTED_EDGE('',*,*,#2498,.T.);
#3501=ORIENTED_EDGE('',*,*,#2417,.T.);
#3502=ORIENTED_EDGE('',*,*,#2508,.T.);
#3503=ORIENTED_EDGE('',*,*,#2488,.T.);
#3504=ORIENTED_EDGE('',*,*,#2509,.T.);
#3505=ORIENTED_EDGE('',*,*,#2510,.F.);
#3506=ORIENTED_EDGE('',*,*,#2511,.F.);
#3507=ORIENTED_EDGE('',*,*,#2489,.T.);
#3508=ORIENTED_EDGE('',*,*,#2511,.T.);
#3509=ORIENTED_EDGE('',*,*,#2512,.F.);
#3510=ORIENTED_EDGE('',*,*,#2513,.F.);
#3511=ORIENTED_EDGE('',*,*,#2490,.T.);
#3512=ORIENTED_EDGE('',*,*,#2513,.T.);
#3513=ORIENTED_EDGE('',*,*,#2514,.F.);
#3514=ORIENTED_EDGE('',*,*,#2515,.F.);
#3515=ORIENTED_EDGE('',*,*,#2491,.T.);
#3516=ORIENTED_EDGE('',*,*,#2515,.T.);
#3517=ORIENTED_EDGE('',*,*,#2516,.F.);
#3518=ORIENTED_EDGE('',*,*,#2517,.F.);
#3519=ORIENTED_EDGE('',*,*,#2492,.T.);
#3520=ORIENTED_EDGE('',*,*,#2517,.T.);
#3521=ORIENTED_EDGE('',*,*,#2518,.F.);
#3522=ORIENTED_EDGE('',*,*,#2519,.F.);
#3523=ORIENTED_EDGE('',*,*,#2493,.T.);
#3524=ORIENTED_EDGE('',*,*,#2519,.T.);
#3525=ORIENTED_EDGE('',*,*,#2520,.F.);
#3526=ORIENTED_EDGE('',*,*,#2521,.F.);
#3527=ORIENTED_EDGE('',*,*,#2494,.T.);
#3528=ORIENTED_EDGE('',*,*,#2521,.T.);
#3529=ORIENTED_EDGE('',*,*,#2522,.F.);
#3530=ORIENTED_EDGE('',*,*,#2523,.F.);
#3531=ORIENTED_EDGE('',*,*,#2487,.T.);
#3532=ORIENTED_EDGE('',*,*,#2523,.T.);
#3533=ORIENTED_EDGE('',*,*,#2524,.F.);
#3534=ORIENTED_EDGE('',*,*,#2509,.F.);
#3535=ORIENTED_EDGE('',*,*,#2480,.T.);
#3536=ORIENTED_EDGE('',*,*,#2525,.T.);
#3537=ORIENTED_EDGE('',*,*,#2526,.F.);
#3538=ORIENTED_EDGE('',*,*,#2527,.F.);
#3539=ORIENTED_EDGE('',*,*,#2481,.T.);
#3540=ORIENTED_EDGE('',*,*,#2527,.T.);
#3541=ORIENTED_EDGE('',*,*,#2528,.F.);
#3542=ORIENTED_EDGE('',*,*,#2529,.F.);
#3543=ORIENTED_EDGE('',*,*,#2482,.T.);
#3544=ORIENTED_EDGE('',*,*,#2529,.T.);
#3545=ORIENTED_EDGE('',*,*,#2530,.F.);
#3546=ORIENTED_EDGE('',*,*,#2531,.F.);
#3547=ORIENTED_EDGE('',*,*,#2483,.T.);
#3548=ORIENTED_EDGE('',*,*,#2531,.T.);
#3549=ORIENTED_EDGE('',*,*,#2532,.F.);
#3550=ORIENTED_EDGE('',*,*,#2533,.F.);
#3551=ORIENTED_EDGE('',*,*,#2484,.T.);
#3552=ORIENTED_EDGE('',*,*,#2533,.T.);
#3553=ORIENTED_EDGE('',*,*,#2534,.F.);
#3554=ORIENTED_EDGE('',*,*,#2535,.F.);
#3555=ORIENTED_EDGE('',*,*,#2485,.T.);
#3556=ORIENTED_EDGE('',*,*,#2535,.T.);
#3557=ORIENTED_EDGE('',*,*,#2536,.F.);
#3558=ORIENTED_EDGE('',*,*,#2537,.F.);
#3559=ORIENTED_EDGE('',*,*,#2486,.T.);
#3560=ORIENTED_EDGE('',*,*,#2537,.T.);
#3561=ORIENTED_EDGE('',*,*,#2538,.F.);
#3562=ORIENTED_EDGE('',*,*,#2539,.F.);
#3563=ORIENTED_EDGE('',*,*,#2479,.T.);
#3564=ORIENTED_EDGE('',*,*,#2539,.T.);
#3565=ORIENTED_EDGE('',*,*,#2540,.F.);
#3566=ORIENTED_EDGE('',*,*,#2525,.F.);
#3567=ORIENTED_EDGE('',*,*,#2472,.T.);
#3568=ORIENTED_EDGE('',*,*,#2541,.T.);
#3569=ORIENTED_EDGE('',*,*,#2542,.F.);
#3570=ORIENTED_EDGE('',*,*,#2543,.F.);
#3571=ORIENTED_EDGE('',*,*,#2473,.T.);
#3572=ORIENTED_EDGE('',*,*,#2543,.T.);
#3573=ORIENTED_EDGE('',*,*,#2544,.F.);
#3574=ORIENTED_EDGE('',*,*,#2545,.F.);
#3575=ORIENTED_EDGE('',*,*,#2474,.T.);
#3576=ORIENTED_EDGE('',*,*,#2545,.T.);
#3577=ORIENTED_EDGE('',*,*,#2546,.F.);
#3578=ORIENTED_EDGE('',*,*,#2547,.F.);
#3579=ORIENTED_EDGE('',*,*,#2475,.T.);
#3580=ORIENTED_EDGE('',*,*,#2547,.T.);
#3581=ORIENTED_EDGE('',*,*,#2548,.F.);
#3582=ORIENTED_EDGE('',*,*,#2549,.F.);
#3583=ORIENTED_EDGE('',*,*,#2476,.T.);
#3584=ORIENTED_EDGE('',*,*,#2549,.T.);
#3585=ORIENTED_EDGE('',*,*,#2550,.F.);
#3586=ORIENTED_EDGE('',*,*,#2551,.F.);
#3587=ORIENTED_EDGE('',*,*,#2477,.T.);
#3588=ORIENTED_EDGE('',*,*,#2551,.T.);
#3589=ORIENTED_EDGE('',*,*,#2552,.F.);
#3590=ORIENTED_EDGE('',*,*,#2553,.F.);
#3591=ORIENTED_EDGE('',*,*,#2478,.T.);
#3592=ORIENTED_EDGE('',*,*,#2553,.T.);
#3593=ORIENTED_EDGE('',*,*,#2554,.F.);
#3594=ORIENTED_EDGE('',*,*,#2555,.F.);
#3595=ORIENTED_EDGE('',*,*,#2471,.T.);
#3596=ORIENTED_EDGE('',*,*,#2555,.T.);
#3597=ORIENTED_EDGE('',*,*,#2556,.F.);
#3598=ORIENTED_EDGE('',*,*,#2541,.F.);
#3599=ORIENTED_EDGE('',*,*,#2464,.T.);
#3600=ORIENTED_EDGE('',*,*,#2557,.T.);
#3601=ORIENTED_EDGE('',*,*,#2558,.F.);
#3602=ORIENTED_EDGE('',*,*,#2559,.F.);
#3603=ORIENTED_EDGE('',*,*,#2465,.T.);
#3604=ORIENTED_EDGE('',*,*,#2559,.T.);
#3605=ORIENTED_EDGE('',*,*,#2560,.F.);
#3606=ORIENTED_EDGE('',*,*,#2561,.F.);
#3607=ORIENTED_EDGE('',*,*,#2466,.T.);
#3608=ORIENTED_EDGE('',*,*,#2561,.T.);
#3609=ORIENTED_EDGE('',*,*,#2562,.F.);
#3610=ORIENTED_EDGE('',*,*,#2563,.F.);
#3611=ORIENTED_EDGE('',*,*,#2467,.T.);
#3612=ORIENTED_EDGE('',*,*,#2563,.T.);
#3613=ORIENTED_EDGE('',*,*,#2564,.F.);
#3614=ORIENTED_EDGE('',*,*,#2565,.F.);
#3615=ORIENTED_EDGE('',*,*,#2468,.T.);
#3616=ORIENTED_EDGE('',*,*,#2565,.T.);
#3617=ORIENTED_EDGE('',*,*,#2566,.F.);
#3618=ORIENTED_EDGE('',*,*,#2567,.F.);
#3619=ORIENTED_EDGE('',*,*,#2469,.T.);
#3620=ORIENTED_EDGE('',*,*,#2567,.T.);
#3621=ORIENTED_EDGE('',*,*,#2568,.F.);
#3622=ORIENTED_EDGE('',*,*,#2569,.F.);
#3623=ORIENTED_EDGE('',*,*,#2470,.T.);
#3624=ORIENTED_EDGE('',*,*,#2569,.T.);
#3625=ORIENTED_EDGE('',*,*,#2570,.F.);
#3626=ORIENTED_EDGE('',*,*,#2571,.F.);
#3627=ORIENTED_EDGE('',*,*,#2463,.T.);
#3628=ORIENTED_EDGE('',*,*,#2571,.T.);
#3629=ORIENTED_EDGE('',*,*,#2572,.F.);
#3630=ORIENTED_EDGE('',*,*,#2557,.F.);
#3631=ORIENTED_EDGE('',*,*,#2460,.T.);
#3632=ORIENTED_EDGE('',*,*,#2573,.T.);
#3633=ORIENTED_EDGE('',*,*,#2574,.F.);
#3634=ORIENTED_EDGE('',*,*,#2575,.F.);
#3635=ORIENTED_EDGE('',*,*,#2461,.T.);
#3636=ORIENTED_EDGE('',*,*,#2575,.T.);
#3637=ORIENTED_EDGE('',*,*,#2576,.F.);
#3638=ORIENTED_EDGE('',*,*,#2577,.F.);
#3639=ORIENTED_EDGE('',*,*,#2462,.T.);
#3640=ORIENTED_EDGE('',*,*,#2577,.T.);
#3641=ORIENTED_EDGE('',*,*,#2578,.F.);
#3642=ORIENTED_EDGE('',*,*,#2579,.F.);
#3643=ORIENTED_EDGE('',*,*,#2459,.T.);
#3644=ORIENTED_EDGE('',*,*,#2579,.T.);
#3645=ORIENTED_EDGE('',*,*,#2580,.F.);
#3646=ORIENTED_EDGE('',*,*,#2573,.F.);
#3647=ORIENTED_EDGE('',*,*,#2456,.T.);
#3648=ORIENTED_EDGE('',*,*,#2581,.T.);
#3649=ORIENTED_EDGE('',*,*,#2582,.F.);
#3650=ORIENTED_EDGE('',*,*,#2583,.F.);
#3651=ORIENTED_EDGE('',*,*,#2457,.T.);
#3652=ORIENTED_EDGE('',*,*,#2583,.T.);
#3653=ORIENTED_EDGE('',*,*,#2584,.F.);
#3654=ORIENTED_EDGE('',*,*,#2585,.F.);
#3655=ORIENTED_EDGE('',*,*,#2458,.T.);
#3656=ORIENTED_EDGE('',*,*,#2585,.T.);
#3657=ORIENTED_EDGE('',*,*,#2586,.F.);
#3658=ORIENTED_EDGE('',*,*,#2587,.F.);
#3659=ORIENTED_EDGE('',*,*,#2455,.T.);
#3660=ORIENTED_EDGE('',*,*,#2587,.T.);
#3661=ORIENTED_EDGE('',*,*,#2588,.F.);
#3662=ORIENTED_EDGE('',*,*,#2581,.F.);
#3663=ORIENTED_EDGE('',*,*,#2589,.F.);
#3664=ORIENTED_EDGE('',*,*,#2590,.T.);
#3665=ORIENTED_EDGE('',*,*,#2454,.T.);
#3666=ORIENTED_EDGE('',*,*,#2590,.F.);
#3667=ORIENTED_EDGE('',*,*,#2447,.T.);
#3668=ORIENTED_EDGE('',*,*,#2591,.T.);
#3669=ORIENTED_EDGE('',*,*,#2592,.F.);
#3670=ORIENTED_EDGE('',*,*,#2593,.F.);
#3671=ORIENTED_EDGE('',*,*,#2448,.T.);
#3672=ORIENTED_EDGE('',*,*,#2593,.T.);
#3673=ORIENTED_EDGE('',*,*,#2594,.F.);
#3674=ORIENTED_EDGE('',*,*,#2595,.F.);
#3675=ORIENTED_EDGE('',*,*,#2449,.T.);
#3676=ORIENTED_EDGE('',*,*,#2595,.T.);
#3677=ORIENTED_EDGE('',*,*,#2596,.F.);
#3678=ORIENTED_EDGE('',*,*,#2597,.F.);
#3679=ORIENTED_EDGE('',*,*,#2450,.T.);
#3680=ORIENTED_EDGE('',*,*,#2597,.T.);
#3681=ORIENTED_EDGE('',*,*,#2598,.F.);
#3682=ORIENTED_EDGE('',*,*,#2599,.F.);
#3683=ORIENTED_EDGE('',*,*,#2451,.T.);
#3684=ORIENTED_EDGE('',*,*,#2599,.T.);
#3685=ORIENTED_EDGE('',*,*,#2600,.F.);
#3686=ORIENTED_EDGE('',*,*,#2601,.F.);
#3687=ORIENTED_EDGE('',*,*,#2452,.T.);
#3688=ORIENTED_EDGE('',*,*,#2601,.T.);
#3689=ORIENTED_EDGE('',*,*,#2602,.F.);
#3690=ORIENTED_EDGE('',*,*,#2603,.F.);
#3691=ORIENTED_EDGE('',*,*,#2453,.T.);
#3692=ORIENTED_EDGE('',*,*,#2603,.T.);
#3693=ORIENTED_EDGE('',*,*,#2604,.F.);
#3694=ORIENTED_EDGE('',*,*,#2605,.F.);
#3695=ORIENTED_EDGE('',*,*,#2446,.T.);
#3696=ORIENTED_EDGE('',*,*,#2605,.T.);
#3697=ORIENTED_EDGE('',*,*,#2606,.F.);
#3698=ORIENTED_EDGE('',*,*,#2591,.F.);
#3699=ORIENTED_EDGE('',*,*,#2439,.T.);
#3700=ORIENTED_EDGE('',*,*,#2607,.T.);
#3701=ORIENTED_EDGE('',*,*,#2608,.F.);
#3702=ORIENTED_EDGE('',*,*,#2609,.F.);
#3703=ORIENTED_EDGE('',*,*,#2440,.T.);
#3704=ORIENTED_EDGE('',*,*,#2609,.T.);
#3705=ORIENTED_EDGE('',*,*,#2610,.F.);
#3706=ORIENTED_EDGE('',*,*,#2611,.F.);
#3707=ORIENTED_EDGE('',*,*,#2441,.T.);
#3708=ORIENTED_EDGE('',*,*,#2611,.T.);
#3709=ORIENTED_EDGE('',*,*,#2612,.F.);
#3710=ORIENTED_EDGE('',*,*,#2613,.F.);
#3711=ORIENTED_EDGE('',*,*,#2442,.T.);
#3712=ORIENTED_EDGE('',*,*,#2613,.T.);
#3713=ORIENTED_EDGE('',*,*,#2614,.F.);
#3714=ORIENTED_EDGE('',*,*,#2615,.F.);
#3715=ORIENTED_EDGE('',*,*,#2443,.T.);
#3716=ORIENTED_EDGE('',*,*,#2615,.T.);
#3717=ORIENTED_EDGE('',*,*,#2616,.F.);
#3718=ORIENTED_EDGE('',*,*,#2617,.F.);
#3719=ORIENTED_EDGE('',*,*,#2444,.T.);
#3720=ORIENTED_EDGE('',*,*,#2617,.T.);
#3721=ORIENTED_EDGE('',*,*,#2618,.F.);
#3722=ORIENTED_EDGE('',*,*,#2619,.F.);
#3723=ORIENTED_EDGE('',*,*,#2445,.T.);
#3724=ORIENTED_EDGE('',*,*,#2619,.T.);
#3725=ORIENTED_EDGE('',*,*,#2620,.F.);
#3726=ORIENTED_EDGE('',*,*,#2621,.F.);
#3727=ORIENTED_EDGE('',*,*,#2438,.T.);
#3728=ORIENTED_EDGE('',*,*,#2621,.T.);
#3729=ORIENTED_EDGE('',*,*,#2622,.F.);
#3730=ORIENTED_EDGE('',*,*,#2607,.F.);
#3731=ORIENTED_EDGE('',*,*,#2431,.T.);
#3732=ORIENTED_EDGE('',*,*,#2623,.T.);
#3733=ORIENTED_EDGE('',*,*,#2624,.F.);
#3734=ORIENTED_EDGE('',*,*,#2625,.F.);
#3735=ORIENTED_EDGE('',*,*,#2432,.T.);
#3736=ORIENTED_EDGE('',*,*,#2625,.T.);
#3737=ORIENTED_EDGE('',*,*,#2626,.F.);
#3738=ORIENTED_EDGE('',*,*,#2627,.F.);
#3739=ORIENTED_EDGE('',*,*,#2433,.T.);
#3740=ORIENTED_EDGE('',*,*,#2627,.T.);
#3741=ORIENTED_EDGE('',*,*,#2628,.F.);
#3742=ORIENTED_EDGE('',*,*,#2629,.F.);
#3743=ORIENTED_EDGE('',*,*,#2434,.T.);
#3744=ORIENTED_EDGE('',*,*,#2629,.T.);
#3745=ORIENTED_EDGE('',*,*,#2630,.F.);
#3746=ORIENTED_EDGE('',*,*,#2631,.F.);
#3747=ORIENTED_EDGE('',*,*,#2435,.T.);
#3748=ORIENTED_EDGE('',*,*,#2631,.T.);
#3749=ORIENTED_EDGE('',*,*,#2632,.F.);
#3750=ORIENTED_EDGE('',*,*,#2633,.F.);
#3751=ORIENTED_EDGE('',*,*,#2436,.T.);
#3752=ORIENTED_EDGE('',*,*,#2633,.T.);
#3753=ORIENTED_EDGE('',*,*,#2634,.F.);
#3754=ORIENTED_EDGE('',*,*,#2635,.F.);
#3755=ORIENTED_EDGE('',*,*,#2437,.T.);
#3756=ORIENTED_EDGE('',*,*,#2635,.T.);
#3757=ORIENTED_EDGE('',*,*,#2636,.F.);
#3758=ORIENTED_EDGE('',*,*,#2637,.F.);
#3759=ORIENTED_EDGE('',*,*,#2430,.T.);
#3760=ORIENTED_EDGE('',*,*,#2637,.T.);
#3761=ORIENTED_EDGE('',*,*,#2638,.F.);
#3762=ORIENTED_EDGE('',*,*,#2623,.F.);
#3763=ORIENTED_EDGE('',*,*,#2423,.T.);
#3764=ORIENTED_EDGE('',*,*,#2639,.T.);
#3765=ORIENTED_EDGE('',*,*,#2640,.F.);
#3766=ORIENTED_EDGE('',*,*,#2641,.F.);
#3767=ORIENTED_EDGE('',*,*,#2424,.T.);
#3768=ORIENTED_EDGE('',*,*,#2641,.T.);
#3769=ORIENTED_EDGE('',*,*,#2642,.F.);
#3770=ORIENTED_EDGE('',*,*,#2643,.F.);
#3771=ORIENTED_EDGE('',*,*,#2425,.T.);
#3772=ORIENTED_EDGE('',*,*,#2643,.T.);
#3773=ORIENTED_EDGE('',*,*,#2644,.F.);
#3774=ORIENTED_EDGE('',*,*,#2645,.F.);
#3775=ORIENTED_EDGE('',*,*,#2426,.T.);
#3776=ORIENTED_EDGE('',*,*,#2645,.T.);
#3777=ORIENTED_EDGE('',*,*,#2646,.F.);
#3778=ORIENTED_EDGE('',*,*,#2647,.F.);
#3779=ORIENTED_EDGE('',*,*,#2427,.T.);
#3780=ORIENTED_EDGE('',*,*,#2647,.T.);
#3781=ORIENTED_EDGE('',*,*,#2648,.F.);
#3782=ORIENTED_EDGE('',*,*,#2649,.F.);
#3783=ORIENTED_EDGE('',*,*,#2428,.T.);
#3784=ORIENTED_EDGE('',*,*,#2649,.T.);
#3785=ORIENTED_EDGE('',*,*,#2650,.F.);
#3786=ORIENTED_EDGE('',*,*,#2651,.F.);
#3787=ORIENTED_EDGE('',*,*,#2429,.T.);
#3788=ORIENTED_EDGE('',*,*,#2651,.T.);
#3789=ORIENTED_EDGE('',*,*,#2652,.F.);
#3790=ORIENTED_EDGE('',*,*,#2653,.F.);
#3791=ORIENTED_EDGE('',*,*,#2422,.T.);
#3792=ORIENTED_EDGE('',*,*,#2653,.T.);
#3793=ORIENTED_EDGE('',*,*,#2654,.F.);
#3794=ORIENTED_EDGE('',*,*,#2639,.F.);
#3795=ORIENTED_EDGE('',*,*,#2655,.F.);
#3796=ORIENTED_EDGE('',*,*,#2656,.T.);
#3797=ORIENTED_EDGE('',*,*,#2421,.T.);
#3798=ORIENTED_EDGE('',*,*,#2656,.F.);
#3799=ORIENTED_EDGE('',*,*,#2657,.F.);
#3800=ORIENTED_EDGE('',*,*,#2658,.T.);
#3801=ORIENTED_EDGE('',*,*,#2420,.T.);
#3802=ORIENTED_EDGE('',*,*,#2658,.F.);
#3803=ORIENTED_EDGE('',*,*,#2659,.F.);
#3804=ORIENTED_EDGE('',*,*,#2660,.T.);
#3805=ORIENTED_EDGE('',*,*,#2419,.T.);
#3806=ORIENTED_EDGE('',*,*,#2660,.F.);
#3807=ORIENTED_EDGE('',*,*,#2502,.F.);
#3808=ORIENTED_EDGE('',*,*,#2412,.F.);
#3809=ORIENTED_EDGE('',*,*,#2661,.T.);
#3810=ORIENTED_EDGE('',*,*,#2662,.F.);
#3811=ORIENTED_EDGE('',*,*,#2506,.F.);
#3812=ORIENTED_EDGE('',*,*,#2663,.F.);
#3813=ORIENTED_EDGE('',*,*,#2508,.F.);
#3814=ORIENTED_EDGE('',*,*,#2416,.F.);
#3815=ORIENTED_EDGE('',*,*,#2496,.F.);
#3816=ORIENTED_EDGE('',*,*,#2664,.F.);
#3817=ORIENTED_EDGE('',*,*,#2665,.F.);
#3818=ORIENTED_EDGE('',*,*,#2408,.F.);
#3819=ORIENTED_EDGE('',*,*,#2409,.T.);
#3820=ORIENTED_EDGE('',*,*,#2665,.T.);
#3821=ORIENTED_EDGE('',*,*,#2666,.F.);
#3822=ORIENTED_EDGE('',*,*,#2667,.F.);
#3823=ORIENTED_EDGE('',*,*,#2410,.T.);
#3824=ORIENTED_EDGE('',*,*,#2667,.T.);
#3825=ORIENTED_EDGE('',*,*,#2668,.F.);
#3826=ORIENTED_EDGE('',*,*,#2669,.F.);
#3827=ORIENTED_EDGE('',*,*,#2411,.T.);
#3828=ORIENTED_EDGE('',*,*,#2669,.T.);
#3829=ORIENTED_EDGE('',*,*,#2670,.F.);
#3830=ORIENTED_EDGE('',*,*,#2661,.F.);
#3831=ORIENTED_EDGE('',*,*,#2495,.F.);
#3832=ORIENTED_EDGE('',*,*,#2499,.T.);
#3833=ORIENTED_EDGE('',*,*,#2507,.F.);
#3834=ORIENTED_EDGE('',*,*,#2663,.T.);
#3835=ORIENTED_EDGE('',*,*,#2505,.F.);
#3836=ORIENTED_EDGE('',*,*,#2503,.T.);
#3837=ORIENTED_EDGE('',*,*,#2500,.F.);
#3838=ORIENTED_EDGE('',*,*,#2662,.T.);
#3839=ORIENTED_EDGE('',*,*,#2670,.T.);
#3840=ORIENTED_EDGE('',*,*,#2668,.T.);
#3841=ORIENTED_EDGE('',*,*,#2666,.T.);
#3842=ORIENTED_EDGE('',*,*,#2664,.T.);
#3843=ORIENTED_EDGE('',*,*,#2659,.T.);
#3844=ORIENTED_EDGE('',*,*,#2657,.T.);
#3845=ORIENTED_EDGE('',*,*,#2655,.T.);
#3846=ORIENTED_EDGE('',*,*,#2654,.T.);
#3847=ORIENTED_EDGE('',*,*,#2652,.T.);
#3848=ORIENTED_EDGE('',*,*,#2650,.T.);
#3849=ORIENTED_EDGE('',*,*,#2648,.T.);
#3850=ORIENTED_EDGE('',*,*,#2646,.T.);
#3851=ORIENTED_EDGE('',*,*,#2644,.T.);
#3852=ORIENTED_EDGE('',*,*,#2642,.T.);
#3853=ORIENTED_EDGE('',*,*,#2640,.T.);
#3854=ORIENTED_EDGE('',*,*,#2638,.T.);
#3855=ORIENTED_EDGE('',*,*,#2636,.T.);
#3856=ORIENTED_EDGE('',*,*,#2634,.T.);
#3857=ORIENTED_EDGE('',*,*,#2632,.T.);
#3858=ORIENTED_EDGE('',*,*,#2630,.T.);
#3859=ORIENTED_EDGE('',*,*,#2628,.T.);
#3860=ORIENTED_EDGE('',*,*,#2626,.T.);
#3861=ORIENTED_EDGE('',*,*,#2624,.T.);
#3862=ORIENTED_EDGE('',*,*,#2622,.T.);
#3863=ORIENTED_EDGE('',*,*,#2620,.T.);
#3864=ORIENTED_EDGE('',*,*,#2618,.T.);
#3865=ORIENTED_EDGE('',*,*,#2616,.T.);
#3866=ORIENTED_EDGE('',*,*,#2614,.T.);
#3867=ORIENTED_EDGE('',*,*,#2612,.T.);
#3868=ORIENTED_EDGE('',*,*,#2610,.T.);
#3869=ORIENTED_EDGE('',*,*,#2608,.T.);
#3870=ORIENTED_EDGE('',*,*,#2606,.T.);
#3871=ORIENTED_EDGE('',*,*,#2604,.T.);
#3872=ORIENTED_EDGE('',*,*,#2602,.T.);
#3873=ORIENTED_EDGE('',*,*,#2600,.T.);
#3874=ORIENTED_EDGE('',*,*,#2598,.T.);
#3875=ORIENTED_EDGE('',*,*,#2596,.T.);
#3876=ORIENTED_EDGE('',*,*,#2594,.T.);
#3877=ORIENTED_EDGE('',*,*,#2592,.T.);
#3878=ORIENTED_EDGE('',*,*,#2589,.T.);
#3879=ORIENTED_EDGE('',*,*,#2588,.T.);
#3880=ORIENTED_EDGE('',*,*,#2586,.T.);
#3881=ORIENTED_EDGE('',*,*,#2584,.T.);
#3882=ORIENTED_EDGE('',*,*,#2582,.T.);
#3883=ORIENTED_EDGE('',*,*,#2580,.T.);
#3884=ORIENTED_EDGE('',*,*,#2578,.T.);
#3885=ORIENTED_EDGE('',*,*,#2576,.T.);
#3886=ORIENTED_EDGE('',*,*,#2574,.T.);
#3887=ORIENTED_EDGE('',*,*,#2572,.T.);
#3888=ORIENTED_EDGE('',*,*,#2570,.T.);
#3889=ORIENTED_EDGE('',*,*,#2568,.T.);
#3890=ORIENTED_EDGE('',*,*,#2566,.T.);
#3891=ORIENTED_EDGE('',*,*,#2564,.T.);
#3892=ORIENTED_EDGE('',*,*,#2562,.T.);
#3893=ORIENTED_EDGE('',*,*,#2560,.T.);
#3894=ORIENTED_EDGE('',*,*,#2558,.T.);
#3895=ORIENTED_EDGE('',*,*,#2556,.T.);
#3896=ORIENTED_EDGE('',*,*,#2554,.T.);
#3897=ORIENTED_EDGE('',*,*,#2552,.T.);
#3898=ORIENTED_EDGE('',*,*,#2550,.T.);
#3899=ORIENTED_EDGE('',*,*,#2548,.T.);
#3900=ORIENTED_EDGE('',*,*,#2546,.T.);
#3901=ORIENTED_EDGE('',*,*,#2544,.T.);
#3902=ORIENTED_EDGE('',*,*,#2542,.T.);
#3903=ORIENTED_EDGE('',*,*,#2540,.T.);
#3904=ORIENTED_EDGE('',*,*,#2538,.T.);
#3905=ORIENTED_EDGE('',*,*,#2536,.T.);
#3906=ORIENTED_EDGE('',*,*,#2534,.T.);
#3907=ORIENTED_EDGE('',*,*,#2532,.T.);
#3908=ORIENTED_EDGE('',*,*,#2530,.T.);
#3909=ORIENTED_EDGE('',*,*,#2528,.T.);
#3910=ORIENTED_EDGE('',*,*,#2526,.T.);
#3911=ORIENTED_EDGE('',*,*,#2524,.T.);
#3912=ORIENTED_EDGE('',*,*,#2522,.T.);
#3913=ORIENTED_EDGE('',*,*,#2520,.T.);
#3914=ORIENTED_EDGE('',*,*,#2518,.T.);
#3915=ORIENTED_EDGE('',*,*,#2516,.T.);
#3916=ORIENTED_EDGE('',*,*,#2514,.T.);
#3917=ORIENTED_EDGE('',*,*,#2512,.T.);
#3918=ORIENTED_EDGE('',*,*,#2510,.T.);
#3919=B_SPLINE_SURFACE_WITH_KNOTS('',3,1,((#5224,#5225),(#5226,#5227),(#5228,
#5229),(#5230,#5231),(#5232,#5233)),.UNSPECIFIED.,.F.,.F.,.F.,(4,1,4),(2,
2),(0.,0.0761647398092614,0.16122355670881),(0.,0.02),.UNSPECIFIED.);
#3920=B_SPLINE_SURFACE_WITH_KNOTS('',3,1,((#5250,#5251),(#5252,#5253),(#5254,
#5255),(#5256,#5257),(#5258,#5259)),.UNSPECIFIED.,.F.,.F.,.F.,(4,1,4),(2,
2),(0.,0.0810935865989358,0.156667132872082),(0.,0.02),.UNSPECIFIED.);
#3921=B_SPLINE_SURFACE_WITH_KNOTS('',3,1,((#5273,#5274),(#5275,#5276),(#5277,
#5278),(#5279,#5280),(#5281,#5282)),.UNSPECIFIED.,.F.,.F.,.F.,(4,1,4),(2,
2),(0.,0.121912100884127,0.218196488037758),(0.,0.02),.UNSPECIFIED.);
#3922=B_SPLINE_SURFACE_WITH_KNOTS('',3,1,((#5296,#5297),(#5298,#5299),(#5300,
#5301),(#5302,#5303),(#5304,#5305)),.UNSPECIFIED.,.F.,.F.,.F.,(4,1,4),(2,
2),(0.,0.0984959318248359,0.225613891158506),(0.,0.02),.UNSPECIFIED.);
#3923=B_SPLINE_SURFACE_WITH_KNOTS('',3,1,((#5319,#5320),(#5321,#5322),(#5323,
#5324),(#5325,#5326),(#5327,#5328)),.UNSPECIFIED.,.F.,.F.,.F.,(4,1,4),(2,
2),(0.,0.0779187950768483,0.160494468037232),(0.,0.02),.UNSPECIFIED.);
#3924=B_SPLINE_SURFACE_WITH_KNOTS('',3,1,((#5342,#5343),(#5344,#5345),(#5346,
#5347),(#5348,#5349),(#5350,#5351)),.UNSPECIFIED.,.F.,.F.,.F.,(4,1,4),(2,
2),(0.,0.0801909585286748,0.156564380300061),(0.,0.02),.UNSPECIFIED.);
#3925=B_SPLINE_SURFACE_WITH_KNOTS('',3,1,((#5365,#5366),(#5367,#5368),(#5369,
#5370),(#5371,#5372),(#5373,#5374)),.UNSPECIFIED.,.F.,.F.,.F.,(4,1,4),(2,
2),(0.,0.1224103748316,0.217511949687577),(0.,0.02),.UNSPECIFIED.);
#3926=B_SPLINE_SURFACE_WITH_KNOTS('',3,1,((#5388,#5389),(#5390,#5391),(#5392,
#5393),(#5394,#5395),(#5396,#5397)),.UNSPECIFIED.,.F.,.F.,.F.,(4,1,4),(2,
2),(0.,0.100707336526639,0.224837583605518),(0.,0.02),.UNSPECIFIED.);
#3927=B_SPLINE_SURFACE_WITH_KNOTS('',3,1,((#5417,#5418),(#5419,#5420),(#5421,
#5422),(#5423,#5424),(#5425,#5426)),.UNSPECIFIED.,.F.,.F.,.F.,(4,1,4),(2,
2),(0.,0.0532335022911979,0.104060714249443),(0.,0.02),.UNSPECIFIED.);
#3928=B_SPLINE_SURFACE_WITH_KNOTS('',3,1,((#5440,#5441),(#5442,#5443),(#5444,
#5445),(#5446,#5447),(#5448,#5449)),.UNSPECIFIED.,.F.,.F.,.F.,(4,1,4),(2,
2),(0.,0.0585961479640735,0.11404296187068),(0.,0.02),.UNSPECIFIED.);
#3929=B_SPLINE_SURFACE_WITH_KNOTS('',3,1,((#5463,#5464),(#5465,#5466),(#5467,
#5468),(#5469,#5470),(#5471,#5472)),.UNSPECIFIED.,.F.,.F.,.F.,(4,1,4),(2,
2),(0.,0.0857385627222217,0.16853192475341),(0.,0.02),.UNSPECIFIED.);
#3930=B_SPLINE_SURFACE_WITH_KNOTS('',3,1,((#5486,#5487),(#5488,#5489),(#5490,
#5491),(#5492,#5493),(#5494,#5495)),.UNSPECIFIED.,.F.,.F.,.F.,(4,1,4),(2,
2),(0.,0.0926053618814825,0.181112943322921),(0.,0.02),.UNSPECIFIED.);
#3931=B_SPLINE_SURFACE_WITH_KNOTS('',3,1,((#5509,#5510),(#5511,#5512),(#5513,
#5514),(#5515,#5516),(#5517,#5518)),.UNSPECIFIED.,.F.,.F.,.F.,(4,1,4),(2,
2),(0.,0.106114568305126,0.205297749656038),(0.,0.02),.UNSPECIFIED.);
#3932=B_SPLINE_SURFACE_WITH_KNOTS('',3,1,((#5532,#5533),(#5534,#5535),(#5536,
#5537),(#5538,#5539),(#5540,#5541)),.UNSPECIFIED.,.F.,.F.,.F.,(4,1,4),(2,
2),(0.,0.0950968684915687,0.195011985492316),(0.,0.02),.UNSPECIFIED.);
#3933=B_SPLINE_SURFACE_WITH_KNOTS('',3,1,((#5555,#5556),(#5557,#5558),(#5559,
#5560),(#5561,#5562),(#5563,#5564)),.UNSPECIFIED.,.F.,.F.,.F.,(4,1,4),(2,
2),(0.,0.0847753677408991,0.174028205525654),(0.,0.02),.UNSPECIFIED.);
#3934=B_SPLINE_SURFACE_WITH_KNOTS('',3,1,((#5578,#5579),(#5580,#5581),(#5582,
#5583),(#5584,#5585),(#5586,#5587)),.UNSPECIFIED.,.F.,.F.,.F.,(4,1,4),(2,
2),(0.,0.0881247062580097,0.172500028866243),(0.,0.02),.UNSPECIFIED.);
#3935=B_SPLINE_SURFACE_WITH_KNOTS('',3,1,((#5601,#5602),(#5603,#5604),(#5605,
#5606),(#5607,#5608),(#5609,#5610)),.UNSPECIFIED.,.F.,.F.,.F.,(4,1,4),(2,
2),(0.,0.0588499433597561,0.124867086250066),(0.,0.02),.UNSPECIFIED.);
#3936=B_SPLINE_SURFACE_WITH_KNOTS('',3,1,((#5624,#5625),(#5626,#5627),(#5628,
#5629),(#5630,#5631),(#5632,#5633)),.UNSPECIFIED.,.F.,.F.,.F.,(4,1,4),(2,
2),(0.,0.0641213365620633,0.12263517674741),(0.,0.02),.UNSPECIFIED.);
#3937=B_SPLINE_SURFACE_WITH_KNOTS('',3,1,((#5669,#5670),(#5671,#5672),(#5673,
#5674),(#5675,#5676),(#5677,#5678)),.UNSPECIFIED.,.F.,.F.,.F.,(4,1,4),(2,
2),(0.,0.0535951114848943,0.125048850360675),(0.,0.02),.UNSPECIFIED.);
#3938=B_SPLINE_SURFACE_WITH_KNOTS('',3,1,((#5695,#5696),(#5697,#5698),(#5699,
#5700),(#5701,#5702),(#5703,#5704)),.UNSPECIFIED.,.F.,.F.,.F.,(4,1,4),(2,
2),(0.,0.0603889192890566,0.118926680151198),(0.,0.02),.UNSPECIFIED.);
#3939=B_SPLINE_SURFACE_WITH_KNOTS('',3,1,((#5718,#5719),(#5720,#5721),(#5722,
#5723),(#5724,#5725),(#5726,#5727)),.UNSPECIFIED.,.F.,.F.,.F.,(4,1,4),(2,
2),(0.,0.0674668941129955,0.131055214165066),(0.,0.02),.UNSPECIFIED.);
#3940=B_SPLINE_SURFACE_WITH_KNOTS('',3,1,((#5741,#5742),(#5743,#5744),(#5745,
#5746),(#5747,#5748),(#5749,#5750)),.UNSPECIFIED.,.F.,.F.,.F.,(4,1,4),(2,
2),(0.,0.0519572702126881,0.11549835984805),(0.,0.02),.UNSPECIFIED.);
#3941=B_SPLINE_SURFACE_WITH_KNOTS('',3,1,((#5764,#5765),(#5766,#5767),(#5768,
#5769),(#5770,#5771),(#5772,#5773)),.UNSPECIFIED.,.F.,.F.,.F.,(4,1,4),(2,
2),(0.,0.0459696423399785,0.0921672475942397),(0.,0.02),.UNSPECIFIED.);
#3942=B_SPLINE_SURFACE_WITH_KNOTS('',3,1,((#5787,#5788),(#5789,#5790),(#5791,
#5792),(#5793,#5794),(#5795,#5796)),.UNSPECIFIED.,.F.,.F.,.F.,(4,1,4),(2,
2),(0.,0.0305205655370338,0.0614266014490348),(0.,0.02),.UNSPECIFIED.);
#3943=B_SPLINE_SURFACE_WITH_KNOTS('',3,1,((#5810,#5811),(#5812,#5813),(#5814,
#5815),(#5816,#5817),(#5818,#5819)),.UNSPECIFIED.,.F.,.F.,.F.,(4,1,4),(2,
2),(0.,0.0324778767919981,0.0634571413950581),(0.,0.02),.UNSPECIFIED.);
#3944=B_SPLINE_SURFACE_WITH_KNOTS('',3,1,((#5833,#5834),(#5835,#5836),(#5837,
#5838),(#5839,#5840),(#5841,#5842)),.UNSPECIFIED.,.F.,.F.,.F.,(4,1,4),(2,
2),(0.,0.0656637437992378,0.110059959018128),(0.,0.02),.UNSPECIFIED.);
#3945=B_SPLINE_SURFACE_WITH_KNOTS('',3,1,((#5856,#5857),(#5858,#5859),(#5860,
#5861),(#5862,#5863),(#5864,#5865)),.UNSPECIFIED.,.F.,.F.,.F.,(4,1,4),(2,
2),(0.,0.0872891120395243,0.206169978154547),(0.,0.02),.UNSPECIFIED.);
#3946=B_SPLINE_SURFACE_WITH_KNOTS('',3,1,((#5891,#5892),(#5893,#5894),(#5895,
#5896),(#5897,#5898),(#5899,#5900)),.UNSPECIFIED.,.F.,.F.,.F.,(4,1,4),(2,
2),(0.,0.0459337313085104,0.0926771231646122),(0.,0.02),.UNSPECIFIED.);
#3947=B_SPLINE_SURFACE_WITH_KNOTS('',3,1,((#5914,#5915),(#5916,#5917),(#5918,
#5919),(#5920,#5921),(#5922,#5923)),.UNSPECIFIED.,.F.,.F.,.F.,(4,1,4),(2,
2),(0.,0.13976477813332,0.216814399865316),(0.,0.02),.UNSPECIFIED.);
#3948=B_SPLINE_SURFACE_WITH_KNOTS('',3,1,((#5943,#5944),(#5945,#5946),(#5947,
#5948),(#5949,#5950),(#5951,#5952)),.UNSPECIFIED.,.F.,.F.,.F.,(4,1,4),(2,
2),(0.,0.0442375301871945,0.113490523150943),(0.,0.02),.UNSPECIFIED.);
#3949=B_SPLINE_SURFACE_WITH_KNOTS('',3,1,((#5966,#5967),(#5968,#5969),(#5970,
#5971),(#5972,#5973),(#5974,#5975)),.UNSPECIFIED.,.F.,.F.,.F.,(4,1,4),(2,
2),(0.,0.0440343681219237,0.0925429397784067),(0.,0.02),.UNSPECIFIED.);
#3950=B_SPLINE_SURFACE_WITH_KNOTS('',3,1,((#5989,#5990),(#5991,#5992),(#5993,
#5994),(#5995,#5996),(#5997,#5998)),.UNSPECIFIED.,.F.,.F.,.F.,(4,1,4),(2,
2),(0.,0.0560180296338164,0.102260611335863),(0.,0.02),.UNSPECIFIED.);
#3951=B_SPLINE_SURFACE_WITH_KNOTS('',3,1,((#6012,#6013),(#6014,#6015),(#6016,
#6017),(#6018,#6019),(#6020,#6021)),.UNSPECIFIED.,.F.,.F.,.F.,(4,1,4),(2,
2),(0.,0.0842490288690106,0.152907428967792),(0.,0.02),.UNSPECIFIED.);
#3952=B_SPLINE_SURFACE_WITH_KNOTS('',3,1,((#6035,#6036),(#6037,#6038),(#6039,
#6040),(#6041,#6042),(#6043,#6044)),.UNSPECIFIED.,.F.,.F.,.F.,(4,1,4),(2,
2),(0.,0.0789357027778683,0.16699232905788),(0.,0.02),.UNSPECIFIED.);
#3953=B_SPLINE_SURFACE_WITH_KNOTS('',3,1,((#6058,#6059),(#6060,#6061),(#6062,
#6063),(#6064,#6065),(#6066,#6067)),.UNSPECIFIED.,.F.,.F.,.F.,(4,1,4),(2,
2),(0.,0.0621628806937703,0.132021267366521),(0.,0.02),.UNSPECIFIED.);
#3954=B_SPLINE_SURFACE_WITH_KNOTS('',3,1,((#6081,#6082),(#6083,#6084),(#6085,
#6086),(#6087,#6088),(#6089,#6090)),.UNSPECIFIED.,.F.,.F.,.F.,(4,1,4),(2,
2),(0.,0.0729512961486477,0.136549344222202),(0.,0.02),.UNSPECIFIED.);
#3955=B_SPLINE_SURFACE_WITH_KNOTS('',3,1,((#6110,#6111),(#6112,#6113),(#6114,
#6115),(#6116,#6117),(#6118,#6119)),.UNSPECIFIED.,.F.,.F.,.F.,(4,1,4),(2,
2),(0.,0.0552778383501779,0.125347298822634),(0.,0.02),.UNSPECIFIED.);
#3956=B_SPLINE_SURFACE_WITH_KNOTS('',3,1,((#6133,#6134),(#6135,#6136),(#6137,
#6138),(#6139,#6140),(#6141,#6142)),.UNSPECIFIED.,.F.,.F.,.F.,(4,1,4),(2,
2),(0.,0.0756714405455108,0.132995053399655),(0.,0.02),.UNSPECIFIED.);
#3957=B_SPLINE_SURFACE_WITH_KNOTS('',3,1,((#6156,#6157),(#6158,#6159),(#6160,
#6161),(#6162,#6163),(#6164,#6165)),.UNSPECIFIED.,.F.,.F.,.F.,(4,1,4),(2,
2),(0.,0.0662967885892773,0.148303124291989),(0.,0.02),.UNSPECIFIED.);
#3958=B_SPLINE_SURFACE_WITH_KNOTS('',3,1,((#6179,#6180),(#6181,#6182),(#6183,
#6184),(#6185,#6186),(#6187,#6188)),.UNSPECIFIED.,.F.,.F.,.F.,(4,1,4),(2,
2),(0.,0.0645381480341668,0.11379637741595),(0.,0.02),.UNSPECIFIED.);
#3959=B_SPLINE_SURFACE_WITH_KNOTS('',3,1,((#6202,#6203),(#6204,#6205),(#6206,
#6207),(#6208,#6209),(#6210,#6211)),.UNSPECIFIED.,.F.,.F.,.F.,(4,1,4),(2,
2),(0.,0.0206406955375392,0.0320676411160607),(0.,0.02),.UNSPECIFIED.);
#3960=B_SPLINE_SURFACE_WITH_KNOTS('',3,1,((#6225,#6226),(#6227,#6228),(#6229,
#6230),(#6231,#6232),(#6233,#6234)),.UNSPECIFIED.,.F.,.F.,.F.,(4,1,4),(2,
2),(0.,0.130548314350922,0.223278473430487),(0.,0.02),.UNSPECIFIED.);
#3961=B_SPLINE_SURFACE_WITH_KNOTS('',3,1,((#6248,#6249),(#6250,#6251),(#6252,
#6253),(#6254,#6255),(#6256,#6257)),.UNSPECIFIED.,.F.,.F.,.F.,(4,1,4),(2,
2),(0.,0.0463210325416278,0.110737372355338),(0.,0.02),.UNSPECIFIED.);
#3962=B_SPLINE_SURFACE_WITH_KNOTS('',3,1,((#6271,#6272),(#6273,#6274),(#6275,
#6276),(#6277,#6278),(#6279,#6280)),.UNSPECIFIED.,.F.,.F.,.F.,(4,1,4),(2,
2),(0.,0.0477944221479212,0.0973963444026582),(0.,0.02),.UNSPECIFIED.);
#3963=B_SPLINE_SURFACE_WITH_KNOTS('',3,1,((#6294,#6295),(#6296,#6297),(#6298,
#6299),(#6300,#6301),(#6302,#6303)),.UNSPECIFIED.,.F.,.F.,.F.,(4,1,4),(2,
2),(0.,0.0485200661996176,0.0955961658702421),(0.,0.02),.UNSPECIFIED.);
#3964=B_SPLINE_SURFACE_WITH_KNOTS('',3,1,((#6317,#6318),(#6319,#6320),(#6321,
#6322),(#6323,#6324),(#6325,#6326)),.UNSPECIFIED.,.F.,.F.,.F.,(4,1,4),(2,
2),(0.,0.0512625259506235,0.100996673802998),(0.,0.02),.UNSPECIFIED.);
#3965=B_SPLINE_SURFACE_WITH_KNOTS('',3,1,((#6340,#6341),(#6342,#6343),(#6344,
#6345),(#6346,#6347),(#6348,#6349)),.UNSPECIFIED.,.F.,.F.,.F.,(4,1,4),(2,
2),(0.,0.082003473053311,0.166166891277008),(0.,0.02),.UNSPECIFIED.);
#3966=B_SPLINE_SURFACE_WITH_KNOTS('',3,1,((#6363,#6364),(#6365,#6366),(#6367,
#6368),(#6369,#6370),(#6371,#6372)),.UNSPECIFIED.,.F.,.F.,.F.,(4,1,4),(2,
2),(0.,0.106561563475196,0.195931069517282),(0.,0.02),.UNSPECIFIED.);
#3967=B_SPLINE_SURFACE_WITH_KNOTS('',3,1,((#6386,#6387),(#6388,#6389),(#6390,
#6391),(#6392,#6393),(#6394,#6395)),.UNSPECIFIED.,.F.,.F.,.F.,(4,1,4),(2,
2),(0.,0.0678061537873633,0.138063408227157),(0.,0.02),.UNSPECIFIED.);
#3968=B_SPLINE_SURFACE_WITH_KNOTS('',3,1,((#6409,#6410),(#6411,#6412),(#6413,
#6414),(#6415,#6416),(#6417,#6418)),.UNSPECIFIED.,.F.,.F.,.F.,(4,1,4),(2,
2),(0.,0.0832218354126086,0.155291828413741),(0.,0.02),.UNSPECIFIED.);
#3969=B_SPLINE_SURFACE_WITH_KNOTS('',3,1,((#6432,#6433),(#6434,#6435),(#6436,
#6437),(#6438,#6439),(#6440,#6441)),.UNSPECIFIED.,.F.,.F.,.F.,(4,1,4),(2,
2),(0.,0.044309780162978,0.0930428511329516),(0.,0.02),.UNSPECIFIED.);
#3970=B_SPLINE_SURFACE_WITH_KNOTS('',3,1,((#6462,#6463),(#6464,#6465),(#6466,
#6467),(#6468,#6469),(#6470,#6471)),.UNSPECIFIED.,.F.,.F.,.F.,(4,1,4),(2,
2),(0.,0.0702509292256347,0.145118954238751),(0.,0.02),.UNSPECIFIED.);
#3971=B_SPLINE_SURFACE_WITH_KNOTS('',3,1,((#6485,#6486),(#6487,#6488),(#6489,
#6490),(#6491,#6492),(#6493,#6494)),.UNSPECIFIED.,.F.,.F.,.F.,(4,1,4),(2,
2),(0.,0.039866270994582,0.0822768186447875),(0.,0.02),.UNSPECIFIED.);
#3972=B_SPLINE_SURFACE_WITH_KNOTS('',3,1,((#6508,#6509),(#6510,#6511),(#6512,
#6513),(#6514,#6515),(#6516,#6517)),.UNSPECIFIED.,.F.,.F.,.F.,(4,1,4),(2,
2),(0.,0.0386759335825582,0.0773163566455584),(0.,0.02),.UNSPECIFIED.);
#3973=B_SPLINE_SURFACE_WITH_KNOTS('',3,1,((#6531,#6532),(#6533,#6534),(#6535,
#6536),(#6537,#6538),(#6539,#6540)),.UNSPECIFIED.,.F.,.F.,.F.,(4,1,4),(2,
2),(0.,0.0492435068599427,0.0947526912434249),(0.,0.02),.UNSPECIFIED.);
#3974=B_SPLINE_SURFACE_WITH_KNOTS('',3,1,((#6560,#6561),(#6562,#6563),(#6564,
#6565),(#6566,#6567),(#6568,#6569)),.UNSPECIFIED.,.F.,.F.,.F.,(4,1,4),(2,
2),(0.,0.0633618629277405,0.133551042260651),(0.,0.02),.UNSPECIFIED.);
#3975=B_SPLINE_SURFACE_WITH_KNOTS('',3,1,((#6583,#6584),(#6585,#6586),(#6587,
#6588),(#6589,#6590),(#6591,#6592)),.UNSPECIFIED.,.F.,.F.,.F.,(4,1,4),(2,
2),(0.,0.0418705579533163,0.0835090931737847),(0.,0.02),.UNSPECIFIED.);
#3976=B_SPLINE_SURFACE_WITH_KNOTS('',3,1,((#6606,#6607),(#6608,#6609),(#6610,
#6611),(#6612,#6613),(#6614,#6615)),.UNSPECIFIED.,.F.,.F.,.F.,(4,1,4),(2,
2),(0.,0.0757874605419001,0.128905146857802),(0.,0.02),.UNSPECIFIED.);
#3977=B_SPLINE_SURFACE_WITH_KNOTS('',3,1,((#6724,#6725),(#6726,#6727),(#6728,
#6729),(#6730,#6731),(#6732,#6733)),.UNSPECIFIED.,.F.,.F.,.F.,(4,1,4),(2,
2),(0.,0.095678996975812,0.188857645447314),(0.,0.02),.UNSPECIFIED.);
#3978=B_SPLINE_SURFACE_WITH_KNOTS('',3,1,((#6750,#6751),(#6752,#6753),(#6754,
#6755),(#6756,#6757),(#6758,#6759)),.UNSPECIFIED.,.F.,.F.,.F.,(4,1,4),(2,
2),(0.,0.125135706006847,0.232080155185651),(0.,0.02),.UNSPECIFIED.);
#3979=B_SPLINE_SURFACE_WITH_KNOTS('',3,1,((#6773,#6774),(#6775,#6776),(#6777,
#6778),(#6779,#6780),(#6781,#6782)),.UNSPECIFIED.,.F.,.F.,.F.,(4,1,4),(2,
2),(0.,0.0956163908777278,0.197810303927011),(0.,0.02),.UNSPECIFIED.);
#3980=B_SPLINE_SURFACE_WITH_KNOTS('',3,1,((#6796,#6797),(#6798,#6799),(#6800,
#6801),(#6802,#6803),(#6804,#6805)),.UNSPECIFIED.,.F.,.F.,.F.,(4,1,4),(2,
2),(0.,0.0838951260949257,0.172975691710726),(0.,0.02),.UNSPECIFIED.);
#3981=B_SPLINE_SURFACE_WITH_KNOTS('',3,1,((#6819,#6820),(#6821,#6822),(#6823,
#6824),(#6825,#6826),(#6827,#6828)),.UNSPECIFIED.,.F.,.F.,.F.,(4,1,4),(2,
2),(0.,0.0783445223692298,0.158903047992126),(0.,0.02),.UNSPECIFIED.);
#3982=B_SPLINE_SURFACE_WITH_KNOTS('',3,1,((#6842,#6843),(#6844,#6845),(#6846,
#6847),(#6848,#6849),(#6850,#6851)),.UNSPECIFIED.,.F.,.F.,.F.,(4,1,4),(2,
2),(0.,0.073388095633626,0.149900035413532),(0.,0.02),.UNSPECIFIED.);
#3983=B_SPLINE_SURFACE_WITH_KNOTS('',3,1,((#6865,#6866),(#6867,#6868),(#6869,
#6870),(#6871,#6872),(#6873,#6874)),.UNSPECIFIED.,.F.,.F.,.F.,(4,1,4),(2,
2),(0.,0.0885423718663132,0.165932909704974),(0.,0.02),.UNSPECIFIED.);
#3984=B_SPLINE_SURFACE_WITH_KNOTS('',3,1,((#6888,#6889),(#6890,#6891),(#6892,
#6893),(#6894,#6895),(#6896,#6897)),.UNSPECIFIED.,.F.,.F.,.F.,(4,1,4),(2,
2),(0.,0.140231586714821,0.230565682683235),(0.,0.02),.UNSPECIFIED.);
#3985=B_SPLINE_SURFACE_WITH_KNOTS('',3,1,((#6911,#6912),(#6913,#6914),(#6915,
#6916),(#6917,#6918),(#6919,#6920)),.UNSPECIFIED.,.F.,.F.,.F.,(4,1,4),(2,
2),(0.,0.0774490773667732,0.212882271059074),(0.,0.02),.UNSPECIFIED.);
#3986=B_SPLINE_SURFACE_WITH_KNOTS('',3,1,((#6934,#6935),(#6936,#6937),(#6938,
#6939),(#6940,#6941),(#6942,#6943)),.UNSPECIFIED.,.F.,.F.,.F.,(4,1,4),(2,
2),(0.,0.0500658817781103,0.09921490561675),(0.,0.02),.UNSPECIFIED.);
#3987=B_SPLINE_SURFACE_WITH_KNOTS('',3,1,((#6957,#6958),(#6959,#6960),(#6961,
#6962),(#6963,#6964),(#6965,#6966)),.UNSPECIFIED.,.F.,.F.,.F.,(4,1,4),(2,
2),(0.,0.0636389261173563,0.122808056391752),(0.,0.02),.UNSPECIFIED.);
#3988=B_SPLINE_SURFACE_WITH_KNOTS('',3,1,((#6980,#6981),(#6982,#6983),(#6984,
#6985),(#6986,#6987),(#6988,#6989)),.UNSPECIFIED.,.F.,.F.,.F.,(4,1,4),(2,
2),(0.,0.104350092788488,0.182822355255055),(0.,0.02),.UNSPECIFIED.);
#3989=B_SPLINE_SURFACE_WITH_KNOTS('',3,1,((#7003,#7004),(#7005,#7006),(#7007,
#7008),(#7009,#7010),(#7011,#7012)),.UNSPECIFIED.,.F.,.F.,.F.,(4,1,4),(2,
2),(0.,0.0816030182082024,0.18353543903086),(0.,0.02),.UNSPECIFIED.);
#3990=B_SPLINE_SURFACE_WITH_KNOTS('',3,1,((#7026,#7027),(#7028,#7029),(#7030,
#7031),(#7032,#7033),(#7034,#7035)),.UNSPECIFIED.,.F.,.F.,.F.,(4,1,4),(2,
2),(0.,0.0861880936234744,0.162310040283736),(0.,0.02),.UNSPECIFIED.);
#3991=B_SPLINE_SURFACE_WITH_KNOTS('',3,1,((#7055,#7056),(#7057,#7058),(#7059,
#7060),(#7061,#7062),(#7063,#7064)),.UNSPECIFIED.,.F.,.F.,.F.,(4,1,4),(2,
2),(0.,0.0820790773401012,0.166633573232507),(0.,0.02),.UNSPECIFIED.);
#3992=B_SPLINE_SURFACE_WITH_KNOTS('',3,1,((#7078,#7079),(#7080,#7081),(#7082,
#7083),(#7084,#7085),(#7086,#7087)),.UNSPECIFIED.,.F.,.F.,.F.,(4,1,4),(2,
2),(0.,0.0871851663170577,0.169760841308441),(0.,0.02),.UNSPECIFIED.);
#3993=B_SPLINE_SURFACE_WITH_KNOTS('',3,1,((#7101,#7102),(#7103,#7104),(#7105,
#7106),(#7107,#7108),(#7109,#7110)),.UNSPECIFIED.,.F.,.F.,.F.,(4,1,4),(2,
2),(0.,0.105003811562587,0.200355253503181),(0.,0.02),.UNSPECIFIED.);
#3994=B_SPLINE_SURFACE_WITH_KNOTS('',3,1,((#7124,#7125),(#7126,#7127),(#7128,
#7129),(#7130,#7131),(#7132,#7133)),.UNSPECIFIED.,.F.,.F.,.F.,(4,1,4),(2,
2),(0.,0.0908186991567732,0.187545856111514),(0.,0.02),.UNSPECIFIED.);
#3995=B_SPLINE_SURFACE_WITH_KNOTS('',3,1,((#7147,#7148),(#7149,#7150),(#7151,
#7152),(#7153,#7154),(#7155,#7156)),.UNSPECIFIED.,.F.,.F.,.F.,(4,1,4),(2,
2),(0.,0.0784002701797981,0.16233223959949),(0.,0.02),.UNSPECIFIED.);
#3996=B_SPLINE_SURFACE_WITH_KNOTS('',3,1,((#7170,#7171),(#7172,#7173),(#7174,
#7175),(#7176,#7177),(#7178,#7179)),.UNSPECIFIED.,.F.,.F.,.F.,(4,1,4),(2,
2),(0.,0.0740272474401862,0.14954836951439),(0.,0.02),.UNSPECIFIED.);
#3997=B_SPLINE_SURFACE_WITH_KNOTS('',3,1,((#7193,#7194),(#7195,#7196),(#7197,
#7198),(#7199,#7200),(#7201,#7202)),.UNSPECIFIED.,.F.,.F.,.F.,(4,1,4),(2,
2),(0.,0.0645414919410743,0.130696615313154),(0.,0.02),.UNSPECIFIED.);
#3998=B_SPLINE_SURFACE_WITH_KNOTS('',3,1,((#7216,#7217),(#7218,#7219),(#7220,
#7221),(#7222,#7223),(#7224,#7225)),.UNSPECIFIED.,.F.,.F.,.F.,(4,1,4),(2,
2),(0.,0.0753212458063606,0.142900251167772),(0.,0.02),.UNSPECIFIED.);
#3999=B_SPLINE_SURFACE_WITH_KNOTS('',3,1,((#7239,#7240),(#7241,#7242),(#7243,
#7244),(#7245,#7246),(#7247,#7248)),.UNSPECIFIED.,.F.,.F.,.F.,(4,1,4),(2,
2),(0.,0.12148554665615,0.203186458543194),(0.,0.02),.UNSPECIFIED.);
#4000=B_SPLINE_SURFACE_WITH_KNOTS('',3,1,((#7262,#7263),(#7264,#7265),(#7266,
#7267),(#7268,#7269),(#7270,#7271)),.UNSPECIFIED.,.F.,.F.,.F.,(4,1,4),(2,
2),(0.,0.0676665308280695,0.184654136353423),(0.,0.02),.UNSPECIFIED.);
#4001=B_SPLINE_SURFACE_WITH_KNOTS('',3,1,((#7285,#7286),(#7287,#7288),(#7289,
#7290),(#7291,#7292),(#7293,#7294)),.UNSPECIFIED.,.F.,.F.,.F.,(4,1,4),(2,
2),(0.,0.0484905143196266,0.108625356209997),(0.,0.02),.UNSPECIFIED.);
#4002=B_SPLINE_SURFACE_WITH_KNOTS('',3,1,((#7308,#7309),(#7310,#7311),(#7312,
#7313),(#7314,#7315),(#7316,#7317)),.UNSPECIFIED.,.F.,.F.,.F.,(4,1,4),(2,
2),(0.,0.0446071582795966,0.0878673461689323),(0.,0.02),.UNSPECIFIED.);
#4003=B_SPLINE_SURFACE_WITH_KNOTS('',3,1,((#7331,#7332),(#7333,#7334),(#7335,
#7336),(#7337,#7338),(#7339,#7340)),.UNSPECIFIED.,.F.,.F.,.F.,(4,1,4),(2,
2),(0.,0.0461824846402404,0.0913347292503375),(0.,0.02),.UNSPECIFIED.);
#4004=B_SPLINE_SURFACE_WITH_KNOTS('',3,1,((#7354,#7355),(#7356,#7357),(#7358,
#7359),(#7360,#7361),(#7362,#7363)),.UNSPECIFIED.,.F.,.F.,.F.,(4,1,4),(2,
2),(0.,0.0571739800049572,0.107218774908259),(0.,0.02),.UNSPECIFIED.);
#4005=B_SPLINE_SURFACE_WITH_KNOTS('',3,1,((#7377,#7378),(#7379,#7380),(#7381,
#7382),(#7383,#7384),(#7385,#7386)),.UNSPECIFIED.,.F.,.F.,.F.,(4,1,4),(2,
2),(0.,0.071504208376731,0.136161977252531),(0.,0.02),.UNSPECIFIED.);
#4006=B_SPLINE_SURFACE_WITH_KNOTS('',3,1,((#7400,#7401),(#7402,#7403),(#7404,
#7405),(#7406,#7407),(#7408,#7409)),.UNSPECIFIED.,.F.,.F.,.F.,(4,1,4),(2,
2),(0.,0.0758158544950015,0.157157561223483),(0.,0.02),.UNSPECIFIED.);
#4007=B_SPLINE_SURFACE_WITH_KNOTS('',3,1,((#7423,#7424),(#7425,#7426),(#7427,
#7428),(#7429,#7430),(#7431,#7432)),.UNSPECIFIED.,.F.,.F.,.F.,(4,1,4),(2,
2),(0.,0.0600096190447275,0.128468693570618),(0.,0.02),.UNSPECIFIED.);
#4008=B_SPLINE_SURFACE_WITH_KNOTS('',3,1,((#7446,#7447),(#7448,#7449),(#7450,
#7451),(#7452,#7453),(#7454,#7455)),.UNSPECIFIED.,.F.,.F.,.F.,(4,1,4),(2,
2),(0.,0.0698729717743711,0.130775205088014),(0.,0.02),.UNSPECIFIED.);
#4009=B_SPLINE_SURFACE_WITH_KNOTS('',3,1,((#7475,#7476),(#7477,#7478),(#7479,
#7480),(#7481,#7482),(#7483,#7484)),.UNSPECIFIED.,.F.,.F.,.F.,(4,1,4),(2,
2),(0.,0.0935651112829247,0.189827223536322),(0.,0.02),.UNSPECIFIED.);
#4010=ADVANCED_FACE('',(#256),#3919,.F.);
#4011=ADVANCED_FACE('',(#257),#3920,.F.);
#4012=ADVANCED_FACE('',(#258),#3921,.F.);
#4013=ADVANCED_FACE('',(#259),#3922,.F.);
#4014=ADVANCED_FACE('',(#260),#3923,.F.);
#4015=ADVANCED_FACE('',(#261),#3924,.F.);
#4016=ADVANCED_FACE('',(#262),#3925,.F.);
#4017=ADVANCED_FACE('',(#263),#3926,.F.);
#4018=ADVANCED_FACE('',(#264),#170,.F.);
#4019=ADVANCED_FACE('',(#265),#3927,.F.);
#4020=ADVANCED_FACE('',(#266),#3928,.F.);
#4021=ADVANCED_FACE('',(#267),#3929,.F.);
#4022=ADVANCED_FACE('',(#268),#3930,.F.);
#4023=ADVANCED_FACE('',(#269),#3931,.F.);
#4024=ADVANCED_FACE('',(#270),#3932,.F.);
#4025=ADVANCED_FACE('',(#271),#3933,.F.);
#4026=ADVANCED_FACE('',(#272),#3934,.F.);
#4027=ADVANCED_FACE('',(#273),#3935,.F.);
#4028=ADVANCED_FACE('',(#274),#3936,.F.);
#4029=ADVANCED_FACE('',(#275),#171,.F.);
#4030=ADVANCED_FACE('',(#276),#172,.F.);
#4031=ADVANCED_FACE('',(#277),#173,.F.);
#4032=ADVANCED_FACE('',(#278),#174,.F.);
#4033=ADVANCED_FACE('',(#279,#135),#175,.T.);
#4034=ADVANCED_FACE('',(#280),#3937,.F.);
#4035=ADVANCED_FACE('',(#281),#3938,.F.);
#4036=ADVANCED_FACE('',(#282),#3939,.F.);
#4037=ADVANCED_FACE('',(#283),#3940,.F.);
#4038=ADVANCED_FACE('',(#284),#3941,.F.);
#4039=ADVANCED_FACE('',(#285),#3942,.F.);
#4040=ADVANCED_FACE('',(#286),#3943,.F.);
#4041=ADVANCED_FACE('',(#287),#3944,.F.);
#4042=ADVANCED_FACE('',(#288),#3945,.F.);
#4043=ADVANCED_FACE('',(#289),#176,.F.);
#4044=ADVANCED_FACE('',(#290),#177,.F.);
#4045=ADVANCED_FACE('',(#291),#3946,.F.);
#4046=ADVANCED_FACE('',(#292),#3947,.F.);
#4047=ADVANCED_FACE('',(#293),#178,.F.);
#4048=ADVANCED_FACE('',(#294),#3948,.F.);
#4049=ADVANCED_FACE('',(#295),#3949,.F.);
#4050=ADVANCED_FACE('',(#296),#3950,.F.);
#4051=ADVANCED_FACE('',(#297),#3951,.F.);
#4052=ADVANCED_FACE('',(#298),#3952,.F.);
#4053=ADVANCED_FACE('',(#299),#3953,.F.);
#4054=ADVANCED_FACE('',(#300),#3954,.F.);
#4055=ADVANCED_FACE('',(#301),#179,.F.);
#4056=ADVANCED_FACE('',(#302),#3955,.F.);
#4057=ADVANCED_FACE('',(#303),#3956,.F.);
#4058=ADVANCED_FACE('',(#304),#3957,.F.);
#4059=ADVANCED_FACE('',(#305),#3958,.F.);
#4060=ADVANCED_FACE('',(#306),#3959,.F.);
#4061=ADVANCED_FACE('',(#307),#3960,.F.);
#4062=ADVANCED_FACE('',(#308),#3961,.F.);
#4063=ADVANCED_FACE('',(#309),#3962,.F.);
#4064=ADVANCED_FACE('',(#310),#3963,.F.);
#4065=ADVANCED_FACE('',(#311),#3964,.F.);
#4066=ADVANCED_FACE('',(#312),#3965,.F.);
#4067=ADVANCED_FACE('',(#313),#3966,.F.);
#4068=ADVANCED_FACE('',(#314),#3967,.F.);
#4069=ADVANCED_FACE('',(#315),#3968,.F.);
#4070=ADVANCED_FACE('',(#316),#3969,.F.);
#4071=ADVANCED_FACE('',(#317,#136),#180,.T.);
#4072=ADVANCED_FACE('',(#318),#181,.F.);
#4073=ADVANCED_FACE('',(#319),#3970,.F.);
#4074=ADVANCED_FACE('',(#320),#3971,.F.);
#4075=ADVANCED_FACE('',(#321),#3972,.F.);
#4076=ADVANCED_FACE('',(#322),#3973,.F.);
#4077=ADVANCED_FACE('',(#323),#182,.F.);
#4078=ADVANCED_FACE('',(#324),#3974,.F.);
#4079=ADVANCED_FACE('',(#325),#3975,.F.);
#4080=ADVANCED_FACE('',(#326),#3976,.F.);
#4081=ADVANCED_FACE('',(#327),#183,.F.);
#4082=ADVANCED_FACE('',(#328),#184,.F.);
#4083=ADVANCED_FACE('',(#329),#185,.F.);
#4084=ADVANCED_FACE('',(#330),#186,.F.);
#4085=ADVANCED_FACE('',(#331),#187,.T.);
#4086=ADVANCED_FACE('',(#332),#188,.F.);
#4087=ADVANCED_FACE('',(#333),#189,.F.);
#4088=ADVANCED_FACE('',(#334),#190,.F.);
#4089=ADVANCED_FACE('',(#335),#191,.F.);
#4090=ADVANCED_FACE('',(#336),#192,.F.);
#4091=ADVANCED_FACE('',(#337),#193,.F.);
#4092=ADVANCED_FACE('',(#338),#194,.F.);
#4093=ADVANCED_FACE('',(#339),#195,.F.);
#4094=ADVANCED_FACE('',(#340),#196,.F.);
#4095=ADVANCED_FACE('',(#341),#197,.F.);
#4096=ADVANCED_FACE('',(#342),#198,.F.);
#4097=ADVANCED_FACE('',(#343),#199,.F.);
#4098=ADVANCED_FACE('',(#344),#200,.F.);
#4099=ADVANCED_FACE('',(#345),#3977,.F.);
#4100=ADVANCED_FACE('',(#346),#3978,.F.);
#4101=ADVANCED_FACE('',(#347),#3979,.F.);
#4102=ADVANCED_FACE('',(#348),#3980,.F.);
#4103=ADVANCED_FACE('',(#349),#3981,.F.);
#4104=ADVANCED_FACE('',(#350),#3982,.F.);
#4105=ADVANCED_FACE('',(#351),#3983,.F.);
#4106=ADVANCED_FACE('',(#352),#3984,.F.);
#4107=ADVANCED_FACE('',(#353),#3985,.F.);
#4108=ADVANCED_FACE('',(#354),#3986,.F.);
#4109=ADVANCED_FACE('',(#355),#3987,.F.);
#4110=ADVANCED_FACE('',(#356),#3988,.F.);
#4111=ADVANCED_FACE('',(#357),#3989,.F.);
#4112=ADVANCED_FACE('',(#358),#3990,.F.);
#4113=ADVANCED_FACE('',(#359),#201,.F.);
#4114=ADVANCED_FACE('',(#360),#3991,.F.);
#4115=ADVANCED_FACE('',(#361),#3992,.F.);
#4116=ADVANCED_FACE('',(#362),#3993,.F.);
#4117=ADVANCED_FACE('',(#363),#3994,.F.);
#4118=ADVANCED_FACE('',(#364),#3995,.F.);
#4119=ADVANCED_FACE('',(#365),#3996,.F.);
#4120=ADVANCED_FACE('',(#366),#3997,.F.);
#4121=ADVANCED_FACE('',(#367),#3998,.F.);
#4122=ADVANCED_FACE('',(#368),#3999,.F.);
#4123=ADVANCED_FACE('',(#369),#4000,.F.);
#4124=ADVANCED_FACE('',(#370),#4001,.F.);
#4125=ADVANCED_FACE('',(#371),#4002,.F.);
#4126=ADVANCED_FACE('',(#372),#4003,.F.);
#4127=ADVANCED_FACE('',(#373),#4004,.F.);
#4128=ADVANCED_FACE('',(#374),#4005,.F.);
#4129=ADVANCED_FACE('',(#375),#4006,.F.);
#4130=ADVANCED_FACE('',(#376),#4007,.F.);
#4131=ADVANCED_FACE('',(#377),#4008,.F.);
#4132=ADVANCED_FACE('',(#378),#202,.F.);
#4133=ADVANCED_FACE('',(#379),#4009,.F.);
#4134=ADVANCED_FACE('',(#380),#203,.T.);
#4135=ADVANCED_FACE('',(#381,#137,#138,#139,#140,#141,#142,#143,#144,#145,
#146,#147,#148,#149,#150,#151,#152,#153,#154,#155),#204,.F.);
#4136=ADVANCED_FACE('',(#382),#205,.F.);
#4137=ADVANCED_FACE('',(#383),#15,.T.);
#4138=ADVANCED_FACE('',(#384),#206,.T.);
#4139=ADVANCED_FACE('',(#385),#207,.F.);
#4140=ADVANCED_FACE('',(#386),#16,.T.);
#4141=ADVANCED_FACE('',(#387),#208,.T.);
#4142=ADVANCED_FACE('',(#388),#17,.T.);
#4143=ADVANCED_FACE('',(#389),#18,.T.);
#4144=ADVANCED_FACE('',(#390),#209,.T.);
#4145=ADVANCED_FACE('',(#391),#19,.F.);
#4146=ADVANCED_FACE('',(#392),#210,.T.);
#4147=ADVANCED_FACE('',(#393),#20,.F.);
#4148=ADVANCED_FACE('',(#394),#211,.T.);
#4149=ADVANCED_FACE('',(#395),#21,.F.);
#4150=ADVANCED_FACE('',(#396),#212,.T.);
#4151=ADVANCED_FACE('',(#397),#22,.F.);
#4152=ADVANCED_FACE('',(#398),#213,.T.);
#4153=ADVANCED_FACE('',(#399),#23,.F.);
#4154=ADVANCED_FACE('',(#400),#214,.T.);
#4155=ADVANCED_FACE('',(#401),#24,.F.);
#4156=ADVANCED_FACE('',(#402),#215,.T.);
#4157=ADVANCED_FACE('',(#403),#25,.F.);
#4158=ADVANCED_FACE('',(#404),#216,.T.);
#4159=ADVANCED_FACE('',(#405),#26,.F.);
#4160=ADVANCED_FACE('',(#406),#217,.T.);
#4161=ADVANCED_FACE('',(#407),#27,.F.);
#4162=ADVANCED_FACE('',(#408),#218,.T.);
#4163=ADVANCED_FACE('',(#409),#28,.F.);
#4164=ADVANCED_FACE('',(#410),#219,.T.);
#4165=ADVANCED_FACE('',(#411),#29,.F.);
#4166=ADVANCED_FACE('',(#412),#220,.T.);
#4167=ADVANCED_FACE('',(#413),#30,.F.);
#4168=ADVANCED_FACE('',(#414),#221,.T.);
#4169=ADVANCED_FACE('',(#415),#31,.F.);
#4170=ADVANCED_FACE('',(#416),#222,.T.);
#4171=ADVANCED_FACE('',(#417),#32,.F.);
#4172=ADVANCED_FACE('',(#418),#223,.T.);
#4173=ADVANCED_FACE('',(#419),#33,.F.);
#4174=ADVANCED_FACE('',(#420),#224,.T.);
#4175=ADVANCED_FACE('',(#421),#34,.F.);
#4176=ADVANCED_FACE('',(#422),#225,.T.);
#4177=ADVANCED_FACE('',(#423),#226,.T.);
#4178=ADVANCED_FACE('',(#424),#227,.T.);
#4179=ADVANCED_FACE('',(#425),#228,.T.);
#4180=ADVANCED_FACE('',(#426),#229,.T.);
#4181=ADVANCED_FACE('',(#427),#230,.T.);
#4182=ADVANCED_FACE('',(#428),#231,.T.);
#4183=ADVANCED_FACE('',(#429),#232,.T.);
#4184=ADVANCED_FACE('',(#430),#35,.F.);
#4185=ADVANCED_FACE('',(#431),#233,.T.);
#4186=ADVANCED_FACE('',(#432),#36,.F.);
#4187=ADVANCED_FACE('',(#433),#234,.T.);
#4188=ADVANCED_FACE('',(#434),#37,.F.);
#4189=ADVANCED_FACE('',(#435),#235,.T.);
#4190=ADVANCED_FACE('',(#436),#38,.F.);
#4191=ADVANCED_FACE('',(#437),#236,.T.);
#4192=ADVANCED_FACE('',(#438),#39,.F.);
#4193=ADVANCED_FACE('',(#439),#237,.T.);
#4194=ADVANCED_FACE('',(#440),#40,.F.);
#4195=ADVANCED_FACE('',(#441),#238,.T.);
#4196=ADVANCED_FACE('',(#442),#41,.F.);
#4197=ADVANCED_FACE('',(#443),#239,.T.);
#4198=ADVANCED_FACE('',(#444),#42,.F.);
#4199=ADVANCED_FACE('',(#445),#240,.T.);
#4200=ADVANCED_FACE('',(#446),#43,.F.);
#4201=ADVANCED_FACE('',(#447),#241,.T.);
#4202=ADVANCED_FACE('',(#448),#44,.F.);
#4203=ADVANCED_FACE('',(#449),#242,.T.);
#4204=ADVANCED_FACE('',(#450),#45,.F.);
#4205=ADVANCED_FACE('',(#451),#243,.T.);
#4206=ADVANCED_FACE('',(#452),#46,.F.);
#4207=ADVANCED_FACE('',(#453),#244,.T.);
#4208=ADVANCED_FACE('',(#454),#47,.F.);
#4209=ADVANCED_FACE('',(#455),#245,.T.);
#4210=ADVANCED_FACE('',(#456),#48,.F.);
#4211=ADVANCED_FACE('',(#457),#246,.T.);
#4212=ADVANCED_FACE('',(#458),#49,.F.);
#4213=ADVANCED_FACE('',(#459),#247,.T.);
#4214=ADVANCED_FACE('',(#460),#50,.F.);
#4215=ADVANCED_FACE('',(#461),#248,.T.);
#4216=ADVANCED_FACE('',(#462),#51,.F.);
#4217=ADVANCED_FACE('',(#463),#52,.F.);
#4218=ADVANCED_FACE('',(#464),#53,.F.);
#4219=ADVANCED_FACE('',(#465),#54,.F.);
#4220=ADVANCED_FACE('',(#466),#249,.T.);
#4221=ADVANCED_FACE('',(#467),#250,.T.);
#4222=ADVANCED_FACE('',(#468),#251,.T.);
#4223=ADVANCED_FACE('',(#469),#252,.T.);
#4224=ADVANCED_FACE('',(#470),#253,.T.);
#4225=ADVANCED_FACE('',(#471),#254,.T.);
#4226=ADVANCED_FACE('',(#472,#156,#157,#158,#159,#160,#161,#162,#163,#164,
#165,#166,#167,#168,#169),#255,.T.);
#4227=CLOSED_SHELL('',(#4010,#4011,#4012,#4013,#4014,#4015,#4016,#4017,
#4018,#4019,#4020,#4021,#4022,#4023,#4024,#4025,#4026,#4027,#4028,#4029,
#4030,#4031,#4032,#4033,#4034,#4035,#4036,#4037,#4038,#4039,#4040,#4041,
#4042,#4043,#4044,#4045,#4046,#4047,#4048,#4049,#4050,#4051,#4052,#4053,
#4054,#4055,#4056,#4057,#4058,#4059,#4060,#4061,#4062,#4063,#4064,#4065,
#4066,#4067,#4068,#4069,#4070,#4071,#4072,#4073,#4074,#4075,#4076,#4077,
#4078,#4079,#4080,#4081,#4082,#4083,#4084,#4085,#4086,#4087,#4088,#4089,
#4090,#4091,#4092,#4093,#4094,#4095,#4096,#4097,#4098,#4099,#4100,#4101,
#4102,#4103,#4104,#4105,#4106,#4107,#4108,#4109,#4110,#4111,#4112,#4113,
#4114,#4115,#4116,#4117,#4118,#4119,#4120,#4121,#4122,#4123,#4124,#4125,
#4126,#4127,#4128,#4129,#4130,#4131,#4132,#4133,#4134,#4135,#4136,#4137,
#4138,#4139,#4140,#4141,#4142,#4143,#4144,#4145,#4146,#4147,#4148,#4149,
#4150,#4151,#4152,#4153,#4154,#4155,#4156,#4157,#4158,#4159,#4160,#4161,
#4162,#4163,#4164,#4165,#4166,#4167,#4168,#4169,#4170,#4171,#4172,#4173,
#4174,#4175,#4176,#4177,#4178,#4179,#4180,#4181,#4182,#4183,#4184,#4185,
#4186,#4187,#4188,#4189,#4190,#4191,#4192,#4193,#4194,#4195,#4196,#4197,
#4198,#4199,#4200,#4201,#4202,#4203,#4204,#4205,#4206,#4207,#4208,#4209,
#4210,#4211,#4212,#4213,#4214,#4215,#4216,#4217,#4218,#4219,#4220,#4221,
#4222,#4223,#4224,#4225,#4226));
#4228=DERIVED_UNIT_ELEMENT(#4230,1.);
#4229=DERIVED_UNIT_ELEMENT(#8033,-3.);
#4230=(
MASS_UNIT()
NAMED_UNIT(*)
SI_UNIT(.KILO.,.GRAM.)
);
#4231=DERIVED_UNIT((#4228,#4229));
#4232=MEASURE_REPRESENTATION_ITEM('density measure',
POSITIVE_RATIO_MEASURE(7850.),#4231);
#4233=PROPERTY_DEFINITION_REPRESENTATION(#4238,#4235);
#4234=PROPERTY_DEFINITION_REPRESENTATION(#4239,#4236);
#4235=REPRESENTATION('material name',(#4237),#8030);
#4236=REPRESENTATION('density',(#4232),#8030);
#4237=DESCRIPTIVE_REPRESENTATION_ITEM('Steel','Steel');
#4238=PROPERTY_DEFINITION('material property','material name',#8040);
#4239=PROPERTY_DEFINITION('material property','density of part',#8040);
#4240=AXIS2_PLACEMENT_3D('',#5223,#4447,#4448);
#4241=AXIS2_PLACEMENT_3D('',#5408,#4457,#4458);
#4242=AXIS2_PLACEMENT_3D('',#5647,#4473,#4474);
#4243=AXIS2_PLACEMENT_3D('',#5653,#4478,#4479);
#4244=AXIS2_PLACEMENT_3D('',#5659,#4483,#4484);
#4245=AXIS2_PLACEMENT_3D('',#5665,#4488,#4489);
#4246=AXIS2_PLACEMENT_3D('',#5668,#4492,#4493);
#4247=AXIS2_PLACEMENT_3D('',#5879,#4504,#4505);
#4248=AXIS2_PLACEMENT_3D('',#5882,#4508,#4509);
#4249=AXIS2_PLACEMENT_3D('',#5937,#4516,#4517);
#4250=AXIS2_PLACEMENT_3D('',#6104,#4528,#4529);
#4251=AXIS2_PLACEMENT_3D('',#6452,#4547,#4548);
#4252=AXIS2_PLACEMENT_3D('',#6453,#4549,#4550);
#4253=AXIS2_PLACEMENT_3D('',#6554,#4559,#4560);
#4254=AXIS2_PLACEMENT_3D('',#6629,#4567,#4568);
#4255=AXIS2_PLACEMENT_3D('',#6635,#4572,#4573);
#4256=AXIS2_PLACEMENT_3D('',#6641,#4577,#4578);
#4257=AXIS2_PLACEMENT_3D('',#6647,#4582,#4583);
#4258=AXIS2_PLACEMENT_3D('',#6650,#4586,#4587);
#4259=AXIS2_PLACEMENT_3D('',#6651,#4588,#4589);
#4260=AXIS2_PLACEMENT_3D('',#6660,#4594,#4595);
#4261=AXIS2_PLACEMENT_3D('',#6666,#4599,#4600);
#4262=AXIS2_PLACEMENT_3D('',#6672,#4604,#4605);
#4263=AXIS2_PLACEMENT_3D('',#6678,#4609,#4610);
#4264=AXIS2_PLACEMENT_3D('',#6684,#4614,#4615);
#4265=AXIS2_PLACEMENT_3D('',#6690,#4619,#4620);
#4266=AXIS2_PLACEMENT_3D('',#6696,#4624,#4625);
#4267=AXIS2_PLACEMENT_3D('',#6702,#4629,#4630);
#4268=AXIS2_PLACEMENT_3D('',#6708,#4634,#4635);
#4269=AXIS2_PLACEMENT_3D('',#6714,#4639,#4640);
#4270=AXIS2_PLACEMENT_3D('',#6720,#4644,#4645);
#4271=AXIS2_PLACEMENT_3D('',#6723,#4648,#4649);
#4272=AXIS2_PLACEMENT_3D('',#7049,#4665,#4666);
#4273=AXIS2_PLACEMENT_3D('',#7469,#4688,#4689);
#4274=AXIS2_PLACEMENT_3D('',#7495,#4693,#4694);
#4275=AXIS2_PLACEMENT_3D('',#7496,#4695,#4696);
#4276=AXIS2_PLACEMENT_3D('',#7499,#4697,#4698);
#4277=AXIS2_PLACEMENT_3D('',#7511,#4704,#4705);
#4278=AXIS2_PLACEMENT_3D('',#7515,#4707,#4708);
#4279=AXIS2_PLACEMENT_3D('',#7519,#4710,#4711);
#4280=AXIS2_PLACEMENT_3D('',#7522,#4713,#4714);
#4281=AXIS2_PLACEMENT_3D('',#7524,#4715,#4716);
#4282=AXIS2_PLACEMENT_3D('',#7526,#4717,#4718);
#4283=AXIS2_PLACEMENT_3D('',#7529,#4719,#4720);
#4284=AXIS2_PLACEMENT_3D('',#7533,#4722,#4723);
#4285=AXIS2_PLACEMENT_3D('',#7537,#4725,#4726);
#4286=AXIS2_PLACEMENT_3D('',#7541,#4728,#4729);
#4287=AXIS2_PLACEMENT_3D('',#7545,#4731,#4732);
#4288=AXIS2_PLACEMENT_3D('',#7549,#4734,#4735);
#4289=AXIS2_PLACEMENT_3D('',#7553,#4737,#4738);
#4290=AXIS2_PLACEMENT_3D('',#7557,#4740,#4741);
#4291=AXIS2_PLACEMENT_3D('',#7561,#4743,#4744);
#4292=AXIS2_PLACEMENT_3D('',#7565,#4746,#4747);
#4293=AXIS2_PLACEMENT_3D('',#7569,#4749,#4750);
#4294=AXIS2_PLACEMENT_3D('',#7573,#4752,#4753);
#4295=AXIS2_PLACEMENT_3D('',#7577,#4755,#4756);
#4296=AXIS2_PLACEMENT_3D('',#7581,#4758,#4759);
#4297=AXIS2_PLACEMENT_3D('',#7585,#4761,#4762);
#4298=AXIS2_PLACEMENT_3D('',#7589,#4764,#4765);
#4299=AXIS2_PLACEMENT_3D('',#7592,#4767,#4768);
#4300=AXIS2_PLACEMENT_3D('',#7611,#4777,#4778);
#4301=AXIS2_PLACEMENT_3D('',#7615,#4780,#4781);
#4302=AXIS2_PLACEMENT_3D('',#7619,#4783,#4784);
#4303=AXIS2_PLACEMENT_3D('',#7623,#4786,#4787);
#4304=AXIS2_PLACEMENT_3D('',#7627,#4789,#4790);
#4305=AXIS2_PLACEMENT_3D('',#7631,#4792,#4793);
#4306=AXIS2_PLACEMENT_3D('',#7635,#4795,#4796);
#4307=AXIS2_PLACEMENT_3D('',#7639,#4798,#4799);
#4308=AXIS2_PLACEMENT_3D('',#7643,#4801,#4802);
#4309=AXIS2_PLACEMENT_3D('',#7647,#4804,#4805);
#4310=AXIS2_PLACEMENT_3D('',#7651,#4807,#4808);
#4311=AXIS2_PLACEMENT_3D('',#7655,#4810,#4811);
#4312=AXIS2_PLACEMENT_3D('',#7659,#4813,#4814);
#4313=AXIS2_PLACEMENT_3D('',#7663,#4816,#4817);
#4314=AXIS2_PLACEMENT_3D('',#7667,#4819,#4820);
#4315=AXIS2_PLACEMENT_3D('',#7671,#4822,#4823);
#4316=AXIS2_PLACEMENT_3D('',#7673,#4825,#4826);
#4317=AXIS2_PLACEMENT_3D('',#7674,#4827,#4828);
#4318=AXIS2_PLACEMENT_3D('',#7677,#4829,#4830);
#4319=AXIS2_PLACEMENT_3D('',#7680,#4833,#4834);
#4320=AXIS2_PLACEMENT_3D('',#7684,#4837,#4838);
#4321=AXIS2_PLACEMENT_3D('',#7685,#4839,#4840);
#4322=AXIS2_PLACEMENT_3D('',#7688,#4841,#4842);
#4323=AXIS2_PLACEMENT_3D('',#7691,#4845,#4846);
#4324=AXIS2_PLACEMENT_3D('',#7695,#4849,#4850);
#4325=AXIS2_PLACEMENT_3D('',#7697,#4851,#4852);
#4326=AXIS2_PLACEMENT_3D('',#7699,#4854,#4855);
#4327=AXIS2_PLACEMENT_3D('',#7701,#4856,#4857);
#4328=AXIS2_PLACEMENT_3D('',#7703,#4859,#4860);
#4329=AXIS2_PLACEMENT_3D('',#7709,#4864,#4865);
#4330=AXIS2_PLACEMENT_3D('',#7711,#4866,#4867);
#4331=AXIS2_PLACEMENT_3D('',#7713,#4869,#4870);
#4332=AXIS2_PLACEMENT_3D('',#7717,#4873,#4874);
#4333=AXIS2_PLACEMENT_3D('',#7719,#4875,#4876);
#4334=AXIS2_PLACEMENT_3D('',#7721,#4878,#4879);
#4335=AXIS2_PLACEMENT_3D('',#7725,#4882,#4883);
#4336=AXIS2_PLACEMENT_3D('',#7727,#4884,#4885);
#4337=AXIS2_PLACEMENT_3D('',#7729,#4887,#4888);
#4338=AXIS2_PLACEMENT_3D('',#7733,#4891,#4892);
#4339=AXIS2_PLACEMENT_3D('',#7734,#4893,#4894);
#4340=AXIS2_PLACEMENT_3D('',#7735,#4895,#4896);
#4341=AXIS2_PLACEMENT_3D('',#7741,#4900,#4901);
#4342=AXIS2_PLACEMENT_3D('',#7743,#4902,#4903);
#4343=AXIS2_PLACEMENT_3D('',#7745,#4905,#4906);
#4344=AXIS2_PLACEMENT_3D('',#7749,#4909,#4910);
#4345=AXIS2_PLACEMENT_3D('',#7751,#4911,#4912);
#4346=AXIS2_PLACEMENT_3D('',#7753,#4914,#4915);
#4347=AXIS2_PLACEMENT_3D('',#7757,#4918,#4919);
#4348=AXIS2_PLACEMENT_3D('',#7759,#4920,#4921);
#4349=AXIS2_PLACEMENT_3D('',#7761,#4923,#4924);
#4350=AXIS2_PLACEMENT_3D('',#7765,#4927,#4928);
#4351=AXIS2_PLACEMENT_3D('',#7766,#4929,#4930);
#4352=AXIS2_PLACEMENT_3D('',#7767,#4931,#4932);
#4353=AXIS2_PLACEMENT_3D('',#7773,#4936,#4937);
#4354=AXIS2_PLACEMENT_3D('',#7775,#4938,#4939);
#4355=AXIS2_PLACEMENT_3D('',#7777,#4941,#4942);
#4356=AXIS2_PLACEMENT_3D('',#7781,#4945,#4946);
#4357=AXIS2_PLACEMENT_3D('',#7783,#4947,#4948);
#4358=AXIS2_PLACEMENT_3D('',#7785,#4950,#4951);
#4359=AXIS2_PLACEMENT_3D('',#7789,#4954,#4955);
#4360=AXIS2_PLACEMENT_3D('',#7791,#4956,#4957);
#4361=AXIS2_PLACEMENT_3D('',#7793,#4959,#4960);
#4362=AXIS2_PLACEMENT_3D('',#7797,#4963,#4964);
#4363=AXIS2_PLACEMENT_3D('',#7798,#4965,#4966);
#4364=AXIS2_PLACEMENT_3D('',#7799,#4967,#4968);
#4365=AXIS2_PLACEMENT_3D('',#7805,#4972,#4973);
#4366=AXIS2_PLACEMENT_3D('',#7807,#4974,#4975);
#4367=AXIS2_PLACEMENT_3D('',#7809,#4977,#4978);
#4368=AXIS2_PLACEMENT_3D('',#7813,#4981,#4982);
#4369=AXIS2_PLACEMENT_3D('',#7815,#4983,#4984);
#4370=AXIS2_PLACEMENT_3D('',#7817,#4986,#4987);
#4371=AXIS2_PLACEMENT_3D('',#7821,#4990,#4991);
#4372=AXIS2_PLACEMENT_3D('',#7823,#4992,#4993);
#4373=AXIS2_PLACEMENT_3D('',#7825,#4995,#4996);
#4374=AXIS2_PLACEMENT_3D('',#7829,#4999,#5000);
#4375=AXIS2_PLACEMENT_3D('',#7830,#5001,#5002);
#4376=AXIS2_PLACEMENT_3D('',#7831,#5003,#5004);
#4377=AXIS2_PLACEMENT_3D('',#7837,#5008,#5009);
#4378=AXIS2_PLACEMENT_3D('',#7841,#5012,#5013);
#4379=AXIS2_PLACEMENT_3D('',#7845,#5016,#5017);
#4380=AXIS2_PLACEMENT_3D('',#7847,#5019,#5020);
#4381=AXIS2_PLACEMENT_3D('',#7853,#5024,#5025);
#4382=AXIS2_PLACEMENT_3D('',#7857,#5028,#5029);
#4383=AXIS2_PLACEMENT_3D('',#7861,#5032,#5033);
#4384=AXIS2_PLACEMENT_3D('',#7863,#5035,#5036);
#4385=AXIS2_PLACEMENT_3D('',#7865,#5037,#5038);
#4386=AXIS2_PLACEMENT_3D('',#7867,#5040,#5041);
#4387=AXIS2_PLACEMENT_3D('',#7873,#5045,#5046);
#4388=AXIS2_PLACEMENT_3D('',#7875,#5047,#5048);
#4389=AXIS2_PLACEMENT_3D('',#7877,#5050,#5051);
#4390=AXIS2_PLACEMENT_3D('',#7881,#5054,#5055);
#4391=AXIS2_PLACEMENT_3D('',#7883,#5056,#5057);
#4392=AXIS2_PLACEMENT_3D('',#7885,#5059,#5060);
#4393=AXIS2_PLACEMENT_3D('',#7889,#5063,#5064);
#4394=AXIS2_PLACEMENT_3D('',#7891,#5065,#5066);
#4395=AXIS2_PLACEMENT_3D('',#7893,#5068,#5069);
#4396=AXIS2_PLACEMENT_3D('',#7897,#5072,#5073);
#4397=AXIS2_PLACEMENT_3D('',#7898,#5074,#5075);
#4398=AXIS2_PLACEMENT_3D('',#7899,#5076,#5077);
#4399=AXIS2_PLACEMENT_3D('',#7905,#5081,#5082);
#4400=AXIS2_PLACEMENT_3D('',#7907,#5083,#5084);
#4401=AXIS2_PLACEMENT_3D('',#7909,#5086,#5087);
#4402=AXIS2_PLACEMENT_3D('',#7913,#5090,#5091);
#4403=AXIS2_PLACEMENT_3D('',#7915,#5092,#5093);
#4404=AXIS2_PLACEMENT_3D('',#7917,#5095,#5096);
#4405=AXIS2_PLACEMENT_3D('',#7921,#5099,#5100);
#4406=AXIS2_PLACEMENT_3D('',#7923,#5101,#5102);
#4407=AXIS2_PLACEMENT_3D('',#7925,#5104,#5105);
#4408=AXIS2_PLACEMENT_3D('',#7929,#5108,#5109);
#4409=AXIS2_PLACEMENT_3D('',#7930,#5110,#5111);
#4410=AXIS2_PLACEMENT_3D('',#7931,#5112,#5113);
#4411=AXIS2_PLACEMENT_3D('',#7937,#5117,#5118);
#4412=AXIS2_PLACEMENT_3D('',#7939,#5119,#5120);
#4413=AXIS2_PLACEMENT_3D('',#7941,#5122,#5123);
#4414=AXIS2_PLACEMENT_3D('',#7945,#5126,#5127);
#4415=AXIS2_PLACEMENT_3D('',#7947,#5128,#5129);
#4416=AXIS2_PLACEMENT_3D('',#7949,#5131,#5132);
#4417=AXIS2_PLACEMENT_3D('',#7953,#5135,#5136);
#4418=AXIS2_PLACEMENT_3D('',#7955,#5137,#5138);
#4419=AXIS2_PLACEMENT_3D('',#7957,#5140,#5141);
#4420=AXIS2_PLACEMENT_3D('',#7961,#5144,#5145);
#4421=AXIS2_PLACEMENT_3D('',#7962,#5146,#5147);
#4422=AXIS2_PLACEMENT_3D('',#7963,#5148,#5149);
#4423=AXIS2_PLACEMENT_3D('',#7969,#5153,#5154);
#4424=AXIS2_PLACEMENT_3D('',#7971,#5155,#5156);
#4425=AXIS2_PLACEMENT_3D('',#7973,#5158,#5159);
#4426=AXIS2_PLACEMENT_3D('',#7977,#5162,#5163);
#4427=AXIS2_PLACEMENT_3D('',#7979,#5164,#5165);
#4428=AXIS2_PLACEMENT_3D('',#7981,#5167,#5168);
#4429=AXIS2_PLACEMENT_3D('',#7985,#5171,#5172);
#4430=AXIS2_PLACEMENT_3D('',#7987,#5173,#5174);
#4431=AXIS2_PLACEMENT_3D('',#7989,#5176,#5177);
#4432=AXIS2_PLACEMENT_3D('',#7993,#5180,#5181);
#4433=AXIS2_PLACEMENT_3D('',#7994,#5182,#5183);
#4434=AXIS2_PLACEMENT_3D('',#7995,#5184,#5185);
#4435=AXIS2_PLACEMENT_3D('',#7997,#5186,#5187);
#4436=AXIS2_PLACEMENT_3D('',#7999,#5189,#5190);
#4437=AXIS2_PLACEMENT_3D('',#8001,#5191,#5192);
#4438=AXIS2_PLACEMENT_3D('',#8003,#5194,#5195);
#4439=AXIS2_PLACEMENT_3D('',#8005,#5196,#5197);
#4440=AXIS2_PLACEMENT_3D('',#8007,#5199,#5200);
#4441=AXIS2_PLACEMENT_3D('',#8011,#5203,#5204);
#4442=AXIS2_PLACEMENT_3D('',#8013,#5206,#5207);
#4443=AXIS2_PLACEMENT_3D('',#8017,#5210,#5211);
#4444=AXIS2_PLACEMENT_3D('',#8021,#5214,#5215);
#4445=AXIS2_PLACEMENT_3D('',#8025,#5218,#5219);
#4446=AXIS2_PLACEMENT_3D('',#8027,#5221,#5222);
#4447=DIRECTION('axis',(0.,0.,1.));
#4448=DIRECTION('refdir',(1.,0.,0.));
#4449=DIRECTION('',(0.,0.,1.));
#4450=DIRECTION('',(0.,0.,1.));
#4451=DIRECTION('',(0.,0.,1.));
#4452=DIRECTION('',(0.,0.,1.));
#4453=DIRECTION('',(0.,0.,1.));
#4454=DIRECTION('',(0.,0.,1.));
#4455=DIRECTION('',(0.,0.,1.));
#4456=DIRECTION('',(0.,0.,1.));
#4457=DIRECTION('center_axis',(-1.,0.,0.));
#4458=DIRECTION('ref_axis',(0.,-1.,0.));
#4459=DIRECTION('',(0.,-1.,0.));
#4460=DIRECTION('',(0.,0.,1.));
#4461=DIRECTION('',(0.,-1.,0.));
#4462=DIRECTION('',(0.,0.,1.));
#4463=DIRECTION('',(0.,0.,1.));
#4464=DIRECTION('',(0.,0.,1.));
#4465=DIRECTION('',(0.,0.,1.));
#4466=DIRECTION('',(0.,0.,1.));
#4467=DIRECTION('',(0.,0.,1.));
#4468=DIRECTION('',(0.,0.,1.));
#4469=DIRECTION('',(0.,0.,1.));
#4470=DIRECTION('',(0.,0.,1.));
#4471=DIRECTION('',(0.,0.,1.));
#4472=DIRECTION('',(0.,0.,1.));
#4473=DIRECTION('center_axis',(-1.,0.,0.));
#4474=DIRECTION('ref_axis',(0.,-1.,0.));
#4475=DIRECTION('',(0.,-1.,0.));
#4476=DIRECTION('',(0.,0.,1.));
#4477=DIRECTION('',(0.,-1.,0.));
#4478=DIRECTION('center_axis',(0.,1.,0.));
#4479=DIRECTION('ref_axis',(-1.,0.,0.));
#4480=DIRECTION('',(-1.,0.,0.));
#4481=DIRECTION('',(0.,0.,1.));
#4482=DIRECTION('',(-1.,0.,0.));
#4483=DIRECTION('center_axis',(1.,0.,0.));
#4484=DIRECTION('ref_axis',(0.,1.,0.));
#4485=DIRECTION('',(0.,1.,0.));
#4486=DIRECTION('',(0.,0.,1.));
#4487=DIRECTION('',(0.,1.,0.));
#4488=DIRECTION('center_axis',(0.,-1.,0.));
#4489=DIRECTION('ref_axis',(1.,0.,0.));
#4490=DIRECTION('',(1.,0.,0.));
#4491=DIRECTION('',(1.,0.,0.));
#4492=DIRECTION('center_axis',(0.,0.,-1.));
#4493=DIRECTION('ref_axis',(1.,0.,0.));
#4494=DIRECTION('',(0.,0.,1.));
#4495=DIRECTION('',(0.,0.,1.));
#4496=DIRECTION('',(0.,0.,1.));
#4497=DIRECTION('',(0.,0.,1.));
#4498=DIRECTION('',(0.,0.,1.));
#4499=DIRECTION('',(0.,0.,1.));
#4500=DIRECTION('',(0.,0.,1.));
#4501=DIRECTION('',(0.,0.,1.));
#4502=DIRECTION('',(0.,0.,1.));
#4503=DIRECTION('',(0.,0.,1.));
#4504=DIRECTION('center_axis',(1.,0.,0.));
#4505=DIRECTION('ref_axis',(0.,1.,0.));
#4506=DIRECTION('',(0.,1.,0.));
#4507=DIRECTION('',(0.,1.,0.));
#4508=DIRECTION('center_axis',(0.,-1.,0.));
#4509=DIRECTION('ref_axis',(1.,0.,0.));
#4510=DIRECTION('',(1.,0.,0.));
#4511=DIRECTION('',(0.,0.,1.));
#4512=DIRECTION('',(1.,0.,0.));
#4513=DIRECTION('',(0.,0.,1.));
#4514=DIRECTION('',(0.,0.,1.));
#4515=DIRECTION('',(0.,0.,1.));
#4516=DIRECTION('center_axis',(-1.,0.,0.));
#4517=DIRECTION('ref_axis',(0.,-1.,0.));
#4518=DIRECTION('',(0.,-1.,0.));
#4519=DIRECTION('',(0.,0.,1.));
#4520=DIRECTION('',(0.,-1.,0.));
#4521=DIRECTION('',(0.,0.,1.));
#4522=DIRECTION('',(0.,0.,1.));
#4523=DIRECTION('',(0.,0.,1.));
#4524=DIRECTION('',(0.,0.,1.));
#4525=DIRECTION('',(0.,0.,1.));
#4526=DIRECTION('',(0.,0.,1.));
#4527=DIRECTION('',(0.,0.,1.));
#4528=DIRECTION('center_axis',(0.135113116924872,-0.990830180018173,0.));
#4529=DIRECTION('ref_axis',(0.990830180018173,0.135113116924872,0.));
#4530=DIRECTION('',(0.990830180018173,0.135113116924872,0.));
#4531=DIRECTION('',(0.,0.,1.));
#4532=DIRECTION('',(0.990830180018173,0.135113116924872,0.));
#4533=DIRECTION('',(0.,0.,1.));
#4534=DIRECTION('',(0.,0.,1.));
#4535=DIRECTION('',(0.,0.,1.));
#4536=DIRECTION('',(0.,0.,1.));
#4537=DIRECTION('',(0.,0.,1.));
#4538=DIRECTION('',(0.,0.,1.));
#4539=DIRECTION('',(0.,0.,1.));
#4540=DIRECTION('',(0.,0.,1.));
#4541=DIRECTION('',(0.,0.,1.));
#4542=DIRECTION('',(0.,0.,1.));
#4543=DIRECTION('',(0.,0.,1.));
#4544=DIRECTION('',(0.,0.,1.));
#4545=DIRECTION('',(0.,0.,1.));
#4546=DIRECTION('',(0.,0.,1.));
#4547=DIRECTION('center_axis',(0.,0.,-1.));
#4548=DIRECTION('ref_axis',(1.,0.,0.));
#4549=DIRECTION('center_axis',(-1.,0.,0.));
#4550=DIRECTION('ref_axis',(0.,-1.,0.));
#4551=DIRECTION('',(0.,-1.,0.));
#4552=DIRECTION('',(0.,0.,1.));
#4553=DIRECTION('',(0.,-1.,0.));
#4554=DIRECTION('',(0.,0.,1.));
#4555=DIRECTION('',(0.,0.,1.));
#4556=DIRECTION('',(0.,0.,1.));
#4557=DIRECTION('',(0.,0.,1.));
#4558=DIRECTION('',(0.,0.,1.));
#4559=DIRECTION('center_axis',(-0.937477190728815,-0.34804671649537,0.));
#4560=DIRECTION('ref_axis',(0.34804671649537,-0.937477190728816,0.));
#4561=DIRECTION('',(0.34804671649537,-0.937477190728816,0.));
#4562=DIRECTION('',(0.,0.,1.));
#4563=DIRECTION('',(0.34804671649537,-0.937477190728816,0.));
#4564=DIRECTION('',(0.,0.,1.));
#4565=DIRECTION('',(0.,0.,1.));
#4566=DIRECTION('',(0.,0.,1.));
#4567=DIRECTION('center_axis',(-1.,0.,0.));
#4568=DIRECTION('ref_axis',(0.,-1.,0.));
#4569=DIRECTION('',(0.,-1.,0.));
#4570=DIRECTION('',(0.,0.,1.));
#4571=DIRECTION('',(0.,-1.,0.));
#4572=DIRECTION('center_axis',(0.,1.,0.));
#4573=DIRECTION('ref_axis',(-1.,0.,0.));
#4574=DIRECTION('',(-1.,0.,0.));
#4575=DIRECTION('',(0.,0.,1.));
#4576=DIRECTION('',(-1.,0.,0.));
#4577=DIRECTION('center_axis',(1.,0.,0.));
#4578=DIRECTION('ref_axis',(0.,1.,0.));
#4579=DIRECTION('',(0.,1.,0.));
#4580=DIRECTION('',(0.,0.,1.));
#4581=DIRECTION('',(0.,1.,0.));
#4582=DIRECTION('center_axis',(0.,-1.,0.));
#4583=DIRECTION('ref_axis',(1.,0.,0.));
#4584=DIRECTION('',(1.,0.,0.));
#4585=DIRECTION('',(1.,0.,0.));
#4586=DIRECTION('center_axis',(0.,0.,-1.));
#4587=DIRECTION('ref_axis',(1.,0.,0.));
#4588=DIRECTION('center_axis',(-1.,0.,0.));
#4589=DIRECTION('ref_axis',(0.,-1.,0.));
#4590=DIRECTION('',(0.,-1.,0.));
#4591=DIRECTION('',(0.,0.,1.));
#4592=DIRECTION('',(0.,-1.,0.));
#4593=DIRECTION('',(0.,0.,1.));
#4594=DIRECTION('center_axis',(-0.692768955090173,-0.721159604292469,0.));
#4595=DIRECTION('ref_axis',(0.721159604292469,-0.692768955090173,0.));
#4596=DIRECTION('',(0.721159604292469,-0.692768955090173,0.));
#4597=DIRECTION('',(0.,0.,1.));
#4598=DIRECTION('',(0.721159604292469,-0.692768955090173,0.));
#4599=DIRECTION('center_axis',(0.839818975743281,-0.542866547119553,0.));
#4600=DIRECTION('ref_axis',(0.542866547119553,0.839818975743281,0.));
#4601=DIRECTION('',(0.542866547119553,0.839818975743281,0.));
#4602=DIRECTION('',(0.,0.,1.));
#4603=DIRECTION('',(0.542866547119553,0.839818975743281,0.));
#4604=DIRECTION('center_axis',(0.,-1.,0.));
#4605=DIRECTION('ref_axis',(1.,0.,0.));
#4606=DIRECTION('',(1.,0.,0.));
#4607=DIRECTION('',(0.,0.,1.));
#4608=DIRECTION('',(1.,0.,0.));
#4609=DIRECTION('center_axis',(-0.831091968489052,0.556135001517611,0.));
#4610=DIRECTION('ref_axis',(-0.556135001517611,-0.831091968489052,0.));
#4611=DIRECTION('',(-0.556135001517611,-0.831091968489052,0.));
#4612=DIRECTION('',(0.,0.,1.));
#4613=DIRECTION('',(-0.556135001517611,-0.831091968489052,0.));
#4614=DIRECTION('center_axis',(-0.696421725138765,-0.717632761762412,0.));
#4615=DIRECTION('ref_axis',(0.717632761762412,-0.696421725138765,0.));
#4616=DIRECTION('',(0.717632761762412,-0.696421725138765,0.));
#4617=DIRECTION('',(0.,0.,1.));
#4618=DIRECTION('',(0.717632761762412,-0.696421725138765,0.));
#4619=DIRECTION('center_axis',(0.,1.,0.));
#4620=DIRECTION('ref_axis',(-1.,0.,0.));
#4621=DIRECTION('',(-1.,0.,0.));
#4622=DIRECTION('',(0.,0.,1.));
#4623=DIRECTION('',(-1.,0.,0.));
#4624=DIRECTION('center_axis',(0.712034370077022,0.702144611763858,0.));
#4625=DIRECTION('ref_axis',(-0.702144611763858,0.712034370077022,0.));
#4626=DIRECTION('',(-0.702144611763858,0.712034370077022,0.));
#4627=DIRECTION('',(0.,0.,1.));
#4628=DIRECTION('',(-0.702144611763858,0.712034370077022,0.));
#4629=DIRECTION('center_axis',(-1.,0.,0.));
#4630=DIRECTION('ref_axis',(0.,-1.,0.));
#4631=DIRECTION('',(0.,-1.,0.));
#4632=DIRECTION('',(0.,0.,1.));
#4633=DIRECTION('',(0.,-1.,0.));
#4634=DIRECTION('center_axis',(0.,1.,0.));
#4635=DIRECTION('ref_axis',(-1.,0.,0.));
#4636=DIRECTION('',(-1.,0.,0.));
#4637=DIRECTION('',(0.,0.,1.));
#4638=DIRECTION('',(-1.,0.,0.));
#4639=DIRECTION('center_axis',(1.,0.,0.));
#4640=DIRECTION('ref_axis',(0.,1.,0.));
#4641=DIRECTION('',(0.,1.,0.));
#4642=DIRECTION('',(0.,0.,1.));
#4643=DIRECTION('',(0.,1.,0.));
#4644=DIRECTION('center_axis',(0.,-1.,0.));
#4645=DIRECTION('ref_axis',(1.,0.,0.));
#4646=DIRECTION('',(1.,0.,0.));
#4647=DIRECTION('',(1.,0.,0.));
#4648=DIRECTION('center_axis',(0.,0.,1.));
#4649=DIRECTION('ref_axis',(1.,0.,0.));
#4650=DIRECTION('',(0.,0.,1.));
#4651=DIRECTION('',(0.,0.,1.));
#4652=DIRECTION('',(0.,0.,1.));
#4653=DIRECTION('',(0.,0.,1.));
#4654=DIRECTION('',(0.,0.,1.));
#4655=DIRECTION('',(0.,0.,1.));
#4656=DIRECTION('',(0.,0.,1.));
#4657=DIRECTION('',(0.,0.,1.));
#4658=DIRECTION('',(0.,0.,1.));
#4659=DIRECTION('',(0.,0.,1.));
#4660=DIRECTION('',(0.,0.,1.));
#4661=DIRECTION('',(0.,0.,1.));
#4662=DIRECTION('',(0.,0.,1.));
#4663=DIRECTION('',(0.,0.,1.));
#4664=DIRECTION('',(0.,0.,1.));
#4665=DIRECTION('center_axis',(-0.0750565001101665,-0.997179282672486,0.));
#4666=DIRECTION('ref_axis',(0.997179282672485,-0.0750565001101664,0.));
#4667=DIRECTION('',(0.997179282672485,-0.0750565001101664,0.));
#4668=DIRECTION('',(0.,0.,1.));
#4669=DIRECTION('',(0.997179282672485,-0.0750565001101664,0.));
#4670=DIRECTION('',(0.,0.,1.));
#4671=DIRECTION('',(0.,0.,1.));
#4672=DIRECTION('',(0.,0.,1.));
#4673=DIRECTION('',(0.,0.,1.));
#4674=DIRECTION('',(0.,0.,1.));
#4675=DIRECTION('',(0.,0.,1.));
#4676=DIRECTION('',(0.,0.,1.));
#4677=DIRECTION('',(0.,0.,1.));
#4678=DIRECTION('',(0.,0.,1.));
#4679=DIRECTION('',(0.,0.,1.));
#4680=DIRECTION('',(0.,0.,1.));
#4681=DIRECTION('',(0.,0.,1.));
#4682=DIRECTION('',(0.,0.,1.));
#4683=DIRECTION('',(0.,0.,1.));
#4684=DIRECTION('',(0.,0.,1.));
#4685=DIRECTION('',(0.,0.,1.));
#4686=DIRECTION('',(0.,0.,1.));
#4687=DIRECTION('',(0.,0.,1.));
#4688=DIRECTION('center_axis',(0.0870992323699791,0.996199640494093,0.));
#4689=DIRECTION('ref_axis',(-0.996199640494093,0.0870992323699791,0.));
#4690=DIRECTION('',(-0.996199640494093,0.0870992323699791,0.));
#4691=DIRECTION('',(0.,0.,1.));
#4692=DIRECTION('',(-0.996199640494093,0.0870992323699791,0.));
#4693=DIRECTION('center_axis',(0.,0.,-1.));
#4694=DIRECTION('ref_axis',(1.,0.,0.));
#4695=DIRECTION('center_axis',(0.,0.,1.));
#4696=DIRECTION('ref_axis',(1.,0.,0.));
#4697=DIRECTION('center_axis',(0.,0.,1.));
#4698=DIRECTION('ref_axis',(-0.707106781186547,0.707106781186547,0.));
#4699=DIRECTION('',(1.,0.,0.));
#4700=DIRECTION('',(0.,1.,0.));
#4701=DIRECTION('',(-1.,0.,0.));
#4702=DIRECTION('',(0.,-1.,0.));
#4703=DIRECTION('',(1.,0.,0.));
#4704=DIRECTION('center_axis',(0.,0.,1.));
#4705=DIRECTION('ref_axis',(0.707106781186547,0.707106781186547,0.));
#4706=DIRECTION('',(0.,-1.,0.));
#4707=DIRECTION('center_axis',(0.,0.,1.));
#4708=DIRECTION('ref_axis',(0.707106781186547,-0.707106781186547,0.));
#4709=DIRECTION('',(-1.,0.,0.));
#4710=DIRECTION('center_axis',(0.,0.,1.));
#4711=DIRECTION('ref_axis',(-0.707106781186547,-0.707106781186547,0.));
#4712=DIRECTION('',(0.,1.,0.));
#4713=DIRECTION('center_axis',(0.,0.,-1.));
#4714=DIRECTION('ref_axis',(1.,0.,0.));
#4715=DIRECTION('center_axis',(0.,0.,-1.));
#4716=DIRECTION('ref_axis',(1.,0.,0.));
#4717=DIRECTION('center_axis',(0.,0.,-1.));
#4718=DIRECTION('ref_axis',(1.,0.,0.));
#4719=DIRECTION('center_axis',(0.,0.,-1.));
#4720=DIRECTION('ref_axis',(0.,1.,0.));
#4721=DIRECTION('',(0.,1.,0.));
#4722=DIRECTION('center_axis',(0.,0.,-1.));
#4723=DIRECTION('ref_axis',(-1.,0.,0.));
#4724=DIRECTION('',(-1.,0.,0.));
#4725=DIRECTION('center_axis',(0.,0.,-1.));
#4726=DIRECTION('ref_axis',(0.,-1.,0.));
#4727=DIRECTION('',(0.,-1.,0.));
#4728=DIRECTION('center_axis',(0.,0.,-1.));
#4729=DIRECTION('ref_axis',(1.,0.,0.));
#4730=DIRECTION('',(1.,0.,0.));
#4731=DIRECTION('center_axis',(0.,0.,-1.));
#4732=DIRECTION('ref_axis',(0.,1.,0.));
#4733=DIRECTION('',(0.,1.,0.));
#4734=DIRECTION('center_axis',(0.,0.,-1.));
#4735=DIRECTION('ref_axis',(-1.,0.,0.));
#4736=DIRECTION('',(-1.,0.,0.));
#4737=DIRECTION('center_axis',(0.,0.,-1.));
#4738=DIRECTION('ref_axis',(0.,-1.,0.));
#4739=DIRECTION('',(0.,-1.,0.));
#4740=DIRECTION('center_axis',(0.,0.,-1.));
#4741=DIRECTION('ref_axis',(1.,0.,0.));
#4742=DIRECTION('',(1.,0.,0.));
#4743=DIRECTION('center_axis',(0.,0.,-1.));
#4744=DIRECTION('ref_axis',(0.,1.,0.));
#4745=DIRECTION('',(0.,1.,0.));
#4746=DIRECTION('center_axis',(0.,0.,-1.));
#4747=DIRECTION('ref_axis',(-1.,0.,0.));
#4748=DIRECTION('',(-1.,0.,0.));
#4749=DIRECTION('center_axis',(0.,0.,-1.));
#4750=DIRECTION('ref_axis',(0.,-1.,0.));
#4751=DIRECTION('',(0.,-1.,0.));
#4752=DIRECTION('center_axis',(0.,0.,-1.));
#4753=DIRECTION('ref_axis',(1.,0.,0.));
#4754=DIRECTION('',(1.,0.,0.));
#4755=DIRECTION('center_axis',(0.,0.,-1.));
#4756=DIRECTION('ref_axis',(0.,1.,0.));
#4757=DIRECTION('',(0.,1.,0.));
#4758=DIRECTION('center_axis',(0.,0.,-1.));
#4759=DIRECTION('ref_axis',(-1.,0.,0.));
#4760=DIRECTION('',(-1.,0.,0.));
#4761=DIRECTION('center_axis',(0.,0.,-1.));
#4762=DIRECTION('ref_axis',(0.,-1.,0.));
#4763=DIRECTION('',(0.,-1.,0.));
#4764=DIRECTION('center_axis',(0.,0.,-1.));
#4765=DIRECTION('ref_axis',(1.,0.,0.));
#4766=DIRECTION('',(1.,0.,0.));
#4767=DIRECTION('center_axis',(0.,0.,-1.));
#4768=DIRECTION('ref_axis',(1.,0.,0.));
#4769=DIRECTION('',(1.,0.,0.));
#4770=DIRECTION('',(0.,1.,0.));
#4771=DIRECTION('',(-1.,0.,0.));
#4772=DIRECTION('',(0.,-1.,0.));
#4773=DIRECTION('',(-1.,0.,0.));
#4774=DIRECTION('',(0.,-1.,0.));
#4775=DIRECTION('',(1.,0.,0.));
#4776=DIRECTION('',(0.,1.,0.));
#4777=DIRECTION('center_axis',(0.,0.,-1.));
#4778=DIRECTION('ref_axis',(0.,1.,0.));
#4779=DIRECTION('',(0.,1.,0.));
#4780=DIRECTION('center_axis',(0.,0.,-1.));
#4781=DIRECTION('ref_axis',(-1.,0.,0.));
#4782=DIRECTION('',(-1.,0.,0.));
#4783=DIRECTION('center_axis',(0.,0.,-1.));
#4784=DIRECTION('ref_axis',(0.,-1.,0.));
#4785=DIRECTION('',(0.,-1.,0.));
#4786=DIRECTION('center_axis',(0.,0.,-1.));
#4787=DIRECTION('ref_axis',(1.,0.,0.));
#4788=DIRECTION('',(1.,0.,0.));
#4789=DIRECTION('center_axis',(0.,0.,-1.));
#4790=DIRECTION('ref_axis',(0.,1.,0.));
#4791=DIRECTION('',(0.,1.,0.));
#4792=DIRECTION('center_axis',(0.,0.,-1.));
#4793=DIRECTION('ref_axis',(-1.,0.,0.));
#4794=DIRECTION('',(-1.,0.,0.));
#4795=DIRECTION('center_axis',(0.,0.,-1.));
#4796=DIRECTION('ref_axis',(0.,-1.,0.));
#4797=DIRECTION('',(0.,-1.,0.));
#4798=DIRECTION('center_axis',(0.,0.,-1.));
#4799=DIRECTION('ref_axis',(1.,0.,0.));
#4800=DIRECTION('',(1.,0.,0.));
#4801=DIRECTION('center_axis',(0.,0.,-1.));
#4802=DIRECTION('ref_axis',(0.,1.,0.));
#4803=DIRECTION('',(0.,1.,0.));
#4804=DIRECTION('center_axis',(0.,0.,-1.));
#4805=DIRECTION('ref_axis',(-1.,0.,0.));
#4806=DIRECTION('',(-1.,0.,0.));
#4807=DIRECTION('center_axis',(0.,0.,-1.));
#4808=DIRECTION('ref_axis',(0.,-1.,0.));
#4809=DIRECTION('',(0.,-1.,0.));
#4810=DIRECTION('center_axis',(0.,0.,-1.));
#4811=DIRECTION('ref_axis',(1.,0.,0.));
#4812=DIRECTION('',(1.,0.,0.));
#4813=DIRECTION('center_axis',(0.,0.,-1.));
#4814=DIRECTION('ref_axis',(0.,1.,0.));
#4815=DIRECTION('',(0.,1.,0.));
#4816=DIRECTION('center_axis',(0.,0.,-1.));
#4817=DIRECTION('ref_axis',(-1.,0.,0.));
#4818=DIRECTION('',(-1.,0.,0.));
#4819=DIRECTION('center_axis',(0.,0.,-1.));
#4820=DIRECTION('ref_axis',(0.,-1.,0.));
#4821=DIRECTION('',(0.,-1.,0.));
#4822=DIRECTION('center_axis',(0.,0.,-1.));
#4823=DIRECTION('ref_axis',(1.,0.,0.));
#4824=DIRECTION('',(1.,0.,0.));
#4825=DIRECTION('center_axis',(0.,0.,1.));
#4826=DIRECTION('ref_axis',(1.,0.,0.));
#4827=DIRECTION('center_axis',(0.,0.,1.));
#4828=DIRECTION('ref_axis',(-0.707106781186547,0.707106781186547,0.));
#4829=DIRECTION('center_axis',(0.,0.,-1.));
#4830=DIRECTION('ref_axis',(-0.707106781186547,0.707106781186547,0.));
#4831=DIRECTION('',(0.,0.,-1.));
#4832=DIRECTION('',(0.,0.,1.));
#4833=DIRECTION('center_axis',(-1.,0.,0.));
#4834=DIRECTION('ref_axis',(0.,-1.,0.));
#4835=DIRECTION('',(0.,0.,-1.));
#4836=DIRECTION('',(0.,-1.,0.));
#4837=DIRECTION('center_axis',(0.,0.,1.));
#4838=DIRECTION('ref_axis',(1.,0.,0.));
#4839=DIRECTION('center_axis',(0.,0.,1.));
#4840=DIRECTION('ref_axis',(0.707106781186547,0.707106781186547,0.));
#4841=DIRECTION('center_axis',(0.,0.,-1.));
#4842=DIRECTION('ref_axis',(0.707106781186547,0.707106781186547,0.));
#4843=DIRECTION('',(0.,0.,-1.));
#4844=DIRECTION('',(0.,0.,1.));
#4845=DIRECTION('center_axis',(1.,0.,0.));
#4846=DIRECTION('ref_axis',(0.,1.,0.));
#4847=DIRECTION('',(0.,1.,0.));
#4848=DIRECTION('',(0.,0.,1.));
#4849=DIRECTION('center_axis',(0.,0.,1.));
#4850=DIRECTION('ref_axis',(0.707106781186547,-0.707106781186547,0.));
#4851=DIRECTION('center_axis',(0.,0.,-1.));
#4852=DIRECTION('ref_axis',(0.707106781186547,-0.707106781186547,0.));
#4853=DIRECTION('',(0.,0.,-1.));
#4854=DIRECTION('center_axis',(0.,0.,1.));
#4855=DIRECTION('ref_axis',(-0.707106781186547,-0.707106781186547,0.));
#4856=DIRECTION('center_axis',(0.,0.,-1.));
#4857=DIRECTION('ref_axis',(-0.707106781186547,-0.707106781186547,0.));
#4858=DIRECTION('',(0.,0.,1.));
#4859=DIRECTION('center_axis',(1.,0.,0.));
#4860=DIRECTION('ref_axis',(0.,1.,0.));
#4861=DIRECTION('',(0.,0.,1.));
#4862=DIRECTION('',(0.,1.,0.));
#4863=DIRECTION('',(0.,0.,1.));
#4864=DIRECTION('center_axis',(0.,0.,1.));
#4865=DIRECTION('ref_axis',(-1.,0.,0.));
#4866=DIRECTION('center_axis',(0.,0.,-1.));
#4867=DIRECTION('ref_axis',(-1.,0.,0.));
#4868=DIRECTION('',(0.,0.,1.));
#4869=DIRECTION('center_axis',(0.,1.,0.));
#4870=DIRECTION('ref_axis',(-1.,0.,0.));
#4871=DIRECTION('',(-1.,0.,0.));
#4872=DIRECTION('',(0.,0.,1.));
#4873=DIRECTION('center_axis',(0.,0.,1.));
#4874=DIRECTION('ref_axis',(0.,-1.,0.));
#4875=DIRECTION('center_axis',(0.,0.,-1.));
#4876=DIRECTION('ref_axis',(0.,-1.,0.));
#4877=DIRECTION('',(0.,0.,1.));
#4878=DIRECTION('center_axis',(-1.,0.,0.));
#4879=DIRECTION('ref_axis',(0.,-1.,0.));
#4880=DIRECTION('',(0.,-1.,0.));
#4881=DIRECTION('',(0.,0.,1.));
#4882=DIRECTION('center_axis',(0.,0.,1.));
#4883=DIRECTION('ref_axis',(1.,0.,0.));
#4884=DIRECTION('center_axis',(0.,0.,-1.));
#4885=DIRECTION('ref_axis',(1.,0.,0.));
#4886=DIRECTION('',(0.,0.,1.));
#4887=DIRECTION('center_axis',(0.,-1.,0.));
#4888=DIRECTION('ref_axis',(1.,0.,0.));
#4889=DIRECTION('',(1.,0.,0.));
#4890=DIRECTION('',(0.,0.,1.));
#4891=DIRECTION('center_axis',(0.,0.,1.));
#4892=DIRECTION('ref_axis',(0.,1.,0.));
#4893=DIRECTION('center_axis',(0.,0.,-1.));
#4894=DIRECTION('ref_axis',(0.,1.,0.));
#4895=DIRECTION('center_axis',(1.,0.,0.));
#4896=DIRECTION('ref_axis',(0.,1.,0.));
#4897=DIRECTION('',(0.,0.,1.));
#4898=DIRECTION('',(0.,1.,0.));
#4899=DIRECTION('',(0.,0.,1.));
#4900=DIRECTION('center_axis',(0.,0.,1.));
#4901=DIRECTION('ref_axis',(-1.,0.,0.));
#4902=DIRECTION('center_axis',(0.,0.,-1.));
#4903=DIRECTION('ref_axis',(-1.,0.,0.));
#4904=DIRECTION('',(0.,0.,1.));
#4905=DIRECTION('center_axis',(0.,1.,0.));
#4906=DIRECTION('ref_axis',(-1.,0.,0.));
#4907=DIRECTION('',(-1.,0.,0.));
#4908=DIRECTION('',(0.,0.,1.));
#4909=DIRECTION('center_axis',(0.,0.,1.));
#4910=DIRECTION('ref_axis',(0.,-1.,0.));
#4911=DIRECTION('center_axis',(0.,0.,-1.));
#4912=DIRECTION('ref_axis',(0.,-1.,0.));
#4913=DIRECTION('',(0.,0.,1.));
#4914=DIRECTION('center_axis',(-1.,0.,0.));
#4915=DIRECTION('ref_axis',(0.,-1.,0.));
#4916=DIRECTION('',(0.,-1.,0.));
#4917=DIRECTION('',(0.,0.,1.));
#4918=DIRECTION('center_axis',(0.,0.,1.));
#4919=DIRECTION('ref_axis',(1.,0.,0.));
#4920=DIRECTION('center_axis',(0.,0.,-1.));
#4921=DIRECTION('ref_axis',(1.,0.,0.));
#4922=DIRECTION('',(0.,0.,1.));
#4923=DIRECTION('center_axis',(0.,-1.,0.));
#4924=DIRECTION('ref_axis',(1.,0.,0.));
#4925=DIRECTION('',(1.,0.,0.));
#4926=DIRECTION('',(0.,0.,1.));
#4927=DIRECTION('center_axis',(0.,0.,1.));
#4928=DIRECTION('ref_axis',(0.,1.,0.));
#4929=DIRECTION('center_axis',(0.,0.,-1.));
#4930=DIRECTION('ref_axis',(0.,1.,0.));
#4931=DIRECTION('center_axis',(1.,0.,0.));
#4932=DIRECTION('ref_axis',(0.,1.,0.));
#4933=DIRECTION('',(0.,0.,1.));
#4934=DIRECTION('',(0.,1.,0.));
#4935=DIRECTION('',(0.,0.,1.));
#4936=DIRECTION('center_axis',(0.,0.,1.));
#4937=DIRECTION('ref_axis',(-1.,0.,0.));
#4938=DIRECTION('center_axis',(0.,0.,-1.));
#4939=DIRECTION('ref_axis',(-1.,0.,0.));
#4940=DIRECTION('',(0.,0.,1.));
#4941=DIRECTION('center_axis',(0.,1.,0.));
#4942=DIRECTION('ref_axis',(-1.,0.,0.));
#4943=DIRECTION('',(-1.,0.,0.));
#4944=DIRECTION('',(0.,0.,1.));
#4945=DIRECTION('center_axis',(0.,0.,1.));
#4946=DIRECTION('ref_axis',(0.,-1.,0.));
#4947=DIRECTION('center_axis',(0.,0.,-1.));
#4948=DIRECTION('ref_axis',(0.,-1.,0.));
#4949=DIRECTION('',(0.,0.,1.));
#4950=DIRECTION('center_axis',(-1.,0.,0.));
#4951=DIRECTION('ref_axis',(0.,-1.,0.));
#4952=DIRECTION('',(0.,-1.,0.));
#4953=DIRECTION('',(0.,0.,1.));
#4954=DIRECTION('center_axis',(0.,0.,1.));
#4955=DIRECTION('ref_axis',(1.,0.,0.));
#4956=DIRECTION('center_axis',(0.,0.,-1.));
#4957=DIRECTION('ref_axis',(1.,0.,0.));
#4958=DIRECTION('',(0.,0.,1.));
#4959=DIRECTION('center_axis',(0.,-1.,0.));
#4960=DIRECTION('ref_axis',(1.,0.,0.));
#4961=DIRECTION('',(1.,0.,0.));
#4962=DIRECTION('',(0.,0.,1.));
#4963=DIRECTION('center_axis',(0.,0.,1.));
#4964=DIRECTION('ref_axis',(0.,1.,0.));
#4965=DIRECTION('center_axis',(0.,0.,-1.));
#4966=DIRECTION('ref_axis',(0.,1.,0.));
#4967=DIRECTION('center_axis',(1.,0.,0.));
#4968=DIRECTION('ref_axis',(0.,1.,0.));
#4969=DIRECTION('',(0.,0.,1.));
#4970=DIRECTION('',(0.,1.,0.));
#4971=DIRECTION('',(0.,0.,1.));
#4972=DIRECTION('center_axis',(0.,0.,1.));
#4973=DIRECTION('ref_axis',(-1.,0.,0.));
#4974=DIRECTION('center_axis',(0.,0.,-1.));
#4975=DIRECTION('ref_axis',(-1.,0.,0.));
#4976=DIRECTION('',(0.,0.,1.));
#4977=DIRECTION('center_axis',(0.,1.,0.));
#4978=DIRECTION('ref_axis',(-1.,0.,0.));
#4979=DIRECTION('',(-1.,0.,0.));
#4980=DIRECTION('',(0.,0.,1.));
#4981=DIRECTION('center_axis',(0.,0.,1.));
#4982=DIRECTION('ref_axis',(0.,-1.,0.));
#4983=DIRECTION('center_axis',(0.,0.,-1.));
#4984=DIRECTION('ref_axis',(0.,-1.,0.));
#4985=DIRECTION('',(0.,0.,1.));
#4986=DIRECTION('center_axis',(-1.,0.,0.));
#4987=DIRECTION('ref_axis',(0.,-1.,0.));
#4988=DIRECTION('',(0.,-1.,0.));
#4989=DIRECTION('',(0.,0.,1.));
#4990=DIRECTION('center_axis',(0.,0.,1.));
#4991=DIRECTION('ref_axis',(1.,0.,0.));
#4992=DIRECTION('center_axis',(0.,0.,-1.));
#4993=DIRECTION('ref_axis',(1.,0.,0.));
#4994=DIRECTION('',(0.,0.,1.));
#4995=DIRECTION('center_axis',(0.,-1.,0.));
#4996=DIRECTION('ref_axis',(1.,0.,0.));
#4997=DIRECTION('',(1.,0.,0.));
#4998=DIRECTION('',(0.,0.,1.));
#4999=DIRECTION('center_axis',(0.,0.,1.));
#5000=DIRECTION('ref_axis',(0.,1.,0.));
#5001=DIRECTION('center_axis',(0.,0.,-1.));
#5002=DIRECTION('ref_axis',(0.,1.,0.));
#5003=DIRECTION('center_axis',(-1.,0.,0.));
#5004=DIRECTION('ref_axis',(0.,-1.,0.));
#5005=DIRECTION('',(0.,0.,1.));
#5006=DIRECTION('',(0.,-1.,0.));
#5007=DIRECTION('',(0.,0.,1.));
#5008=DIRECTION('center_axis',(0.,-1.,0.));
#5009=DIRECTION('ref_axis',(1.,0.,0.));
#5010=DIRECTION('',(1.,0.,0.));
#5011=DIRECTION('',(0.,0.,1.));
#5012=DIRECTION('center_axis',(1.,0.,0.));
#5013=DIRECTION('ref_axis',(0.,1.,0.));
#5014=DIRECTION('',(0.,1.,0.));
#5015=DIRECTION('',(0.,0.,1.));
#5016=DIRECTION('center_axis',(0.,1.,0.));
#5017=DIRECTION('ref_axis',(-1.,0.,0.));
#5018=DIRECTION('',(-1.,0.,0.));
#5019=DIRECTION('center_axis',(1.,0.,0.));
#5020=DIRECTION('ref_axis',(0.,1.,0.));
#5021=DIRECTION('',(0.,0.,1.));
#5022=DIRECTION('',(0.,1.,0.));
#5023=DIRECTION('',(0.,0.,1.));
#5024=DIRECTION('center_axis',(0.,1.,0.));
#5025=DIRECTION('ref_axis',(-1.,0.,0.));
#5026=DIRECTION('',(-1.,0.,0.));
#5027=DIRECTION('',(0.,0.,1.));
#5028=DIRECTION('center_axis',(-1.,0.,0.));
#5029=DIRECTION('ref_axis',(0.,-1.,0.));
#5030=DIRECTION('',(0.,-1.,0.));
#5031=DIRECTION('',(0.,0.,1.));
#5032=DIRECTION('center_axis',(0.,-1.,0.));
#5033=DIRECTION('ref_axis',(1.,0.,0.));
#5034=DIRECTION('',(1.,0.,0.));
#5035=DIRECTION('center_axis',(0.,0.,1.));
#5036=DIRECTION('ref_axis',(1.,0.,0.));
#5037=DIRECTION('center_axis',(0.,0.,-1.));
#5038=DIRECTION('ref_axis',(1.,0.,0.));
#5039=DIRECTION('',(0.,0.,-1.));
#5040=DIRECTION('center_axis',(1.,0.,0.));
#5041=DIRECTION('ref_axis',(0.,1.,0.));
#5042=DIRECTION('',(0.,0.,1.));
#5043=DIRECTION('',(0.,1.,0.));
#5044=DIRECTION('',(0.,0.,1.));
#5045=DIRECTION('center_axis',(0.,0.,1.));
#5046=DIRECTION('ref_axis',(-1.,0.,0.));
#5047=DIRECTION('center_axis',(0.,0.,-1.));
#5048=DIRECTION('ref_axis',(-1.,0.,0.));
#5049=DIRECTION('',(0.,0.,1.));
#5050=DIRECTION('center_axis',(0.,1.,0.));
#5051=DIRECTION('ref_axis',(-1.,0.,0.));
#5052=DIRECTION('',(-1.,0.,0.));
#5053=DIRECTION('',(0.,0.,1.));
#5054=DIRECTION('center_axis',(0.,0.,1.));
#5055=DIRECTION('ref_axis',(0.,-1.,0.));
#5056=DIRECTION('center_axis',(0.,0.,-1.));
#5057=DIRECTION('ref_axis',(0.,-1.,0.));
#5058=DIRECTION('',(0.,0.,1.));
#5059=DIRECTION('center_axis',(-1.,0.,0.));
#5060=DIRECTION('ref_axis',(0.,-1.,0.));
#5061=DIRECTION('',(0.,-1.,0.));
#5062=DIRECTION('',(0.,0.,1.));
#5063=DIRECTION('center_axis',(0.,0.,1.));
#5064=DIRECTION('ref_axis',(1.,0.,0.));
#5065=DIRECTION('center_axis',(0.,0.,-1.));
#5066=DIRECTION('ref_axis',(1.,0.,0.));
#5067=DIRECTION('',(0.,0.,1.));
#5068=DIRECTION('center_axis',(0.,-1.,0.));
#5069=DIRECTION('ref_axis',(1.,0.,0.));
#5070=DIRECTION('',(1.,0.,0.));
#5071=DIRECTION('',(0.,0.,1.));
#5072=DIRECTION('center_axis',(0.,0.,1.));
#5073=DIRECTION('ref_axis',(0.,1.,0.));
#5074=DIRECTION('center_axis',(0.,0.,-1.));
#5075=DIRECTION('ref_axis',(0.,1.,0.));
#5076=DIRECTION('center_axis',(1.,0.,0.));
#5077=DIRECTION('ref_axis',(0.,1.,0.));
#5078=DIRECTION('',(0.,0.,1.));
#5079=DIRECTION('',(0.,1.,0.));
#5080=DIRECTION('',(0.,0.,1.));
#5081=DIRECTION('center_axis',(0.,0.,1.));
#5082=DIRECTION('ref_axis',(-1.,0.,0.));
#5083=DIRECTION('center_axis',(0.,0.,-1.));
#5084=DIRECTION('ref_axis',(-1.,0.,0.));
#5085=DIRECTION('',(0.,0.,1.));
#5086=DIRECTION('center_axis',(0.,1.,0.));
#5087=DIRECTION('ref_axis',(-1.,0.,0.));
#5088=DIRECTION('',(-1.,0.,0.));
#5089=DIRECTION('',(0.,0.,1.));
#5090=DIRECTION('center_axis',(0.,0.,1.));
#5091=DIRECTION('ref_axis',(0.,-1.,0.));
#5092=DIRECTION('center_axis',(0.,0.,-1.));
#5093=DIRECTION('ref_axis',(0.,-1.,0.));
#5094=DIRECTION('',(0.,0.,1.));
#5095=DIRECTION('center_axis',(-1.,0.,0.));
#5096=DIRECTION('ref_axis',(0.,-1.,0.));
#5097=DIRECTION('',(0.,-1.,0.));
#5098=DIRECTION('',(0.,0.,1.));
#5099=DIRECTION('center_axis',(0.,0.,1.));
#5100=DIRECTION('ref_axis',(1.,0.,0.));
#5101=DIRECTION('center_axis',(0.,0.,-1.));
#5102=DIRECTION('ref_axis',(1.,0.,0.));
#5103=DIRECTION('',(0.,0.,1.));
#5104=DIRECTION('center_axis',(0.,-1.,0.));
#5105=DIRECTION('ref_axis',(1.,0.,0.));
#5106=DIRECTION('',(1.,0.,0.));
#5107=DIRECTION('',(0.,0.,1.));
#5108=DIRECTION('center_axis',(0.,0.,1.));
#5109=DIRECTION('ref_axis',(0.,1.,0.));
#5110=DIRECTION('center_axis',(0.,0.,-1.));
#5111=DIRECTION('ref_axis',(0.,1.,0.));
#5112=DIRECTION('center_axis',(1.,0.,0.));
#5113=DIRECTION('ref_axis',(0.,1.,0.));
#5114=DIRECTION('',(0.,0.,1.));
#5115=DIRECTION('',(0.,1.,0.));
#5116=DIRECTION('',(0.,0.,1.));
#5117=DIRECTION('center_axis',(0.,0.,1.));
#5118=DIRECTION('ref_axis',(-1.,0.,0.));
#5119=DIRECTION('center_axis',(0.,0.,-1.));
#5120=DIRECTION('ref_axis',(-1.,0.,0.));
#5121=DIRECTION('',(0.,0.,1.));
#5122=DIRECTION('center_axis',(0.,1.,0.));
#5123=DIRECTION('ref_axis',(-1.,0.,0.));
#5124=DIRECTION('',(-1.,0.,0.));
#5125=DIRECTION('',(0.,0.,1.));
#5126=DIRECTION('center_axis',(0.,0.,1.));
#5127=DIRECTION('ref_axis',(0.,-1.,0.));
#5128=DIRECTION('center_axis',(0.,0.,-1.));
#5129=DIRECTION('ref_axis',(0.,-1.,0.));
#5130=DIRECTION('',(0.,0.,1.));
#5131=DIRECTION('center_axis',(-1.,0.,0.));
#5132=DIRECTION('ref_axis',(0.,-1.,0.));
#5133=DIRECTION('',(0.,-1.,0.));
#5134=DIRECTION('',(0.,0.,1.));
#5135=DIRECTION('center_axis',(0.,0.,1.));
#5136=DIRECTION('ref_axis',(1.,0.,0.));
#5137=DIRECTION('center_axis',(0.,0.,-1.));
#5138=DIRECTION('ref_axis',(1.,0.,0.));
#5139=DIRECTION('',(0.,0.,1.));
#5140=DIRECTION('center_axis',(0.,-1.,0.));
#5141=DIRECTION('ref_axis',(1.,0.,0.));
#5142=DIRECTION('',(1.,0.,0.));
#5143=DIRECTION('',(0.,0.,1.));
#5144=DIRECTION('center_axis',(0.,0.,1.));
#5145=DIRECTION('ref_axis',(0.,1.,0.));
#5146=DIRECTION('center_axis',(0.,0.,-1.));
#5147=DIRECTION('ref_axis',(0.,1.,0.));
#5148=DIRECTION('center_axis',(1.,0.,0.));
#5149=DIRECTION('ref_axis',(0.,1.,0.));
#5150=DIRECTION('',(0.,0.,1.));
#5151=DIRECTION('',(0.,1.,0.));
#5152=DIRECTION('',(0.,0.,1.));
#5153=DIRECTION('center_axis',(0.,0.,1.));
#5154=DIRECTION('ref_axis',(-1.,0.,0.));
#5155=DIRECTION('center_axis',(0.,0.,-1.));
#5156=DIRECTION('ref_axis',(-1.,0.,0.));
#5157=DIRECTION('',(0.,0.,1.));
#5158=DIRECTION('center_axis',(0.,1.,0.));
#5159=DIRECTION('ref_axis',(-1.,0.,0.));
#5160=DIRECTION('',(-1.,0.,0.));
#5161=DIRECTION('',(0.,0.,1.));
#5162=DIRECTION('center_axis',(0.,0.,1.));
#5163=DIRECTION('ref_axis',(0.,-1.,0.));
#5164=DIRECTION('center_axis',(0.,0.,-1.));
#5165=DIRECTION('ref_axis',(0.,-1.,0.));
#5166=DIRECTION('',(0.,0.,1.));
#5167=DIRECTION('center_axis',(-1.,0.,0.));
#5168=DIRECTION('ref_axis',(0.,-1.,0.));
#5169=DIRECTION('',(0.,-1.,0.));
#5170=DIRECTION('',(0.,0.,1.));
#5171=DIRECTION('center_axis',(0.,0.,1.));
#5172=DIRECTION('ref_axis',(1.,0.,0.));
#5173=DIRECTION('center_axis',(0.,0.,-1.));
#5174=DIRECTION('ref_axis',(1.,0.,0.));
#5175=DIRECTION('',(0.,0.,1.));
#5176=DIRECTION('center_axis',(0.,-1.,0.));
#5177=DIRECTION('ref_axis',(1.,0.,0.));
#5178=DIRECTION('',(1.,0.,0.));
#5179=DIRECTION('',(0.,0.,1.));
#5180=DIRECTION('center_axis',(0.,0.,1.));
#5181=DIRECTION('ref_axis',(0.,1.,0.));
#5182=DIRECTION('center_axis',(0.,0.,-1.));
#5183=DIRECTION('ref_axis',(0.,1.,0.));
#5184=DIRECTION('center_axis',(0.,0.,1.));
#5185=DIRECTION('ref_axis',(1.,0.,0.));
#5186=DIRECTION('center_axis',(0.,0.,-1.));
#5187=DIRECTION('ref_axis',(1.,0.,0.));
#5188=DIRECTION('',(0.,0.,-1.));
#5189=DIRECTION('center_axis',(0.,0.,1.));
#5190=DIRECTION('ref_axis',(1.,0.,0.));
#5191=DIRECTION('center_axis',(0.,0.,-1.));
#5192=DIRECTION('ref_axis',(1.,0.,0.));
#5193=DIRECTION('',(0.,0.,-1.));
#5194=DIRECTION('center_axis',(0.,0.,1.));
#5195=DIRECTION('ref_axis',(1.,0.,0.));
#5196=DIRECTION('center_axis',(0.,0.,-1.));
#5197=DIRECTION('ref_axis',(1.,0.,0.));
#5198=DIRECTION('',(0.,0.,-1.));
#5199=DIRECTION('center_axis',(0.,1.,0.));
#5200=DIRECTION('ref_axis',(-1.,0.,0.));
#5201=DIRECTION('',(0.,0.,1.));
#5202=DIRECTION('',(-1.,0.,0.));
#5203=DIRECTION('center_axis',(0.,-1.,0.));
#5204=DIRECTION('ref_axis',(1.,0.,0.));
#5205=DIRECTION('',(1.,0.,0.));
#5206=DIRECTION('center_axis',(0.,1.,0.));
#5207=DIRECTION('ref_axis',(-1.,0.,0.));
#5208=DIRECTION('',(-1.,0.,0.));
#5209=DIRECTION('',(0.,0.,1.));
#5210=DIRECTION('center_axis',(1.,0.,0.));
#5211=DIRECTION('ref_axis',(0.,1.,0.));
#5212=DIRECTION('',(0.,1.,0.));
#5213=DIRECTION('',(0.,0.,1.));
#5214=DIRECTION('center_axis',(0.,1.,0.));
#5215=DIRECTION('ref_axis',(-1.,0.,0.));
#5216=DIRECTION('',(-1.,0.,0.));
#5217=DIRECTION('',(0.,0.,1.));
#5218=DIRECTION('center_axis',(-1.,0.,0.));
#5219=DIRECTION('ref_axis',(0.,-1.,0.));
#5220=DIRECTION('',(0.,-1.,0.));
#5221=DIRECTION('center_axis',(0.,0.,1.));
#5222=DIRECTION('ref_axis',(1.,0.,0.));
#5223=CARTESIAN_POINT('',(0.,0.,0.));
#5224=CARTESIAN_POINT('Ctrl Pts',(47.2851298004389,6.44611239433289,0.));
#5225=CARTESIAN_POINT('Ctrl Pts',(47.2851298004389,6.44611239433289,0.2));
#5226=CARTESIAN_POINT('Ctrl Pts',(47.5440070052391,6.4093451848059,0.));
#5227=CARTESIAN_POINT('Ctrl Pts',(47.5440070052391,6.4093451848059,0.2));
#5228=CARTESIAN_POINT('Ctrl Pts',(48.0919915951328,6.33151730401693,0.));
#5229=CARTESIAN_POINT('Ctrl Pts',(48.0919915951328,6.33151730401693,0.2));
#5230=CARTESIAN_POINT('Ctrl Pts',(48.4725066778661,5.92650270699889,0.));
#5231=CARTESIAN_POINT('Ctrl Pts',(48.4725066778661,5.92650270699889,0.2));
#5232=CARTESIAN_POINT('Ctrl Pts',(48.6732599884272,5.71282386779785,0.));
#5233=CARTESIAN_POINT('Ctrl Pts',(48.6732599884272,5.71282386779785,0.2));
#5234=CARTESIAN_POINT('',(47.2851298004389,6.44611239433289,0.));
#5235=CARTESIAN_POINT('',(48.6732599884272,5.71282386779785,0.));
#5236=CARTESIAN_POINT('Ctrl Pts',(47.2851298004389,6.44611239433289,0.));
#5237=CARTESIAN_POINT('Ctrl Pts',(47.5440070052391,6.4093451848059,0.));
#5238=CARTESIAN_POINT('Ctrl Pts',(48.0919915951328,6.33151730401693,0.));
#5239=CARTESIAN_POINT('Ctrl Pts',(48.4725066778661,5.92650270699889,0.));
#5240=CARTESIAN_POINT('Ctrl Pts',(48.6732599884272,5.71282386779785,0.));
#5241=CARTESIAN_POINT('',(47.2851298004389,6.44611239433289,0.2));
#5242=CARTESIAN_POINT('',(47.2851298004389,6.44611239433289,0.));
#5243=CARTESIAN_POINT('',(48.6732599884272,5.71282386779785,0.2));
#5244=CARTESIAN_POINT('Ctrl Pts',(47.2851298004389,6.44611239433289,0.2));
#5245=CARTESIAN_POINT('Ctrl Pts',(47.5440070052391,6.4093451848059,0.2));
#5246=CARTESIAN_POINT('Ctrl Pts',(48.0919915951328,6.33151730401693,0.2));
#5247=CARTESIAN_POINT('Ctrl Pts',(48.4725066778661,5.92650270699889,0.2));
#5248=CARTESIAN_POINT('Ctrl Pts',(48.6732599884272,5.71282386779785,0.2));
#5249=CARTESIAN_POINT('',(48.6732599884272,5.71282386779785,0.));
#5250=CARTESIAN_POINT('Ctrl Pts',(45.9242830425501,5.75716257095337,0.));
#5251=CARTESIAN_POINT('Ctrl Pts',(45.9242830425501,5.75716257095337,0.2));
#5252=CARTESIAN_POINT('Ctrl Pts',(46.1184168922114,5.95803254441468,0.));
#5253=CARTESIAN_POINT('Ctrl Pts',(46.1184168922114,5.95803254441468,0.2));
#5254=CARTESIAN_POINT('Ctrl Pts',(46.4934699006605,6.34609927252618,0.));
#5255=CARTESIAN_POINT('Ctrl Pts',(46.4934699006605,6.34609927252618,0.2));
#5256=CARTESIAN_POINT('Ctrl Pts',(47.027515388146,6.41356707834174,0.));
#5257=CARTESIAN_POINT('Ctrl Pts',(47.027515388146,6.41356707834174,0.2));
#5258=CARTESIAN_POINT('Ctrl Pts',(47.2851298004389,6.44611239433289,0.));
#5259=CARTESIAN_POINT('Ctrl Pts',(47.2851298004389,6.44611239433289,0.2));
#5260=CARTESIAN_POINT('',(45.9242830425501,5.75716257095337,0.));
#5261=CARTESIAN_POINT('Ctrl Pts',(45.9242830425501,5.75716257095337,0.));
#5262=CARTESIAN_POINT('Ctrl Pts',(46.1184168922114,5.95803254441468,0.));
#5263=CARTESIAN_POINT('Ctrl Pts',(46.4934699006605,6.34609927252618,0.));
#5264=CARTESIAN_POINT('Ctrl Pts',(47.027515388146,6.41356707834174,0.));
#5265=CARTESIAN_POINT('Ctrl Pts',(47.2851298004389,6.44611239433289,0.));
#5266=CARTESIAN_POINT('',(45.9242830425501,5.75716257095337,0.2));
#5267=CARTESIAN_POINT('',(45.9242830425501,5.75716257095337,0.));
#5268=CARTESIAN_POINT('Ctrl Pts',(45.9242830425501,5.75716257095337,0.2));
#5269=CARTESIAN_POINT('Ctrl Pts',(46.1184168922114,5.95803254441468,0.2));
#5270=CARTESIAN_POINT('Ctrl Pts',(46.4934699006605,6.34609927252618,0.2));
#5271=CARTESIAN_POINT('Ctrl Pts',(47.027515388146,6.41356707834174,0.2));
#5272=CARTESIAN_POINT('Ctrl Pts',(47.2851298004389,6.44611239433289,0.2));
#5273=CARTESIAN_POINT('Ctrl Pts',(45.3547070175409,3.68349313735962,0.));
#5274=CARTESIAN_POINT('Ctrl Pts',(45.3547070175409,3.68349313735962,0.2));
#5275=CARTESIAN_POINT('Ctrl Pts',(45.3650640728293,4.09809318398858,0.));
#5276=CARTESIAN_POINT('Ctrl Pts',(45.3650640728293,4.09809318398858,0.2));
#5277=CARTESIAN_POINT('Ctrl Pts',(45.3836009783043,4.840138259569,0.));
#5278=CARTESIAN_POINT('Ctrl Pts',(45.3836009783043,4.840138259569,0.2));
#5279=CARTESIAN_POINT('Ctrl Pts',(45.7587427973152,5.47639788606469,0.));
#5280=CARTESIAN_POINT('Ctrl Pts',(45.7587427973152,5.47639788606469,0.2));
#5281=CARTESIAN_POINT('Ctrl Pts',(45.9242830425501,5.75716257095337,0.));
#5282=CARTESIAN_POINT('Ctrl Pts',(45.9242830425501,5.75716257095337,0.2));
#5283=CARTESIAN_POINT('',(45.3547070175409,3.68349313735962,0.));
#5284=CARTESIAN_POINT('Ctrl Pts',(45.3547070175409,3.68349313735962,0.));
#5285=CARTESIAN_POINT('Ctrl Pts',(45.3650640728293,4.09809318398858,0.));
#5286=CARTESIAN_POINT('Ctrl Pts',(45.3836009783043,4.840138259569,0.));
#5287=CARTESIAN_POINT('Ctrl Pts',(45.7587427973152,5.47639788606469,0.));
#5288=CARTESIAN_POINT('Ctrl Pts',(45.9242830425501,5.75716257095337,0.));
#5289=CARTESIAN_POINT('',(45.3547070175409,3.68349313735962,0.2));
#5290=CARTESIAN_POINT('',(45.3547070175409,3.68349313735962,0.));
#5291=CARTESIAN_POINT('Ctrl Pts',(45.3547070175409,3.68349313735962,0.2));
#5292=CARTESIAN_POINT('Ctrl Pts',(45.3650640728293,4.09809318398858,0.2));
#5293=CARTESIAN_POINT('Ctrl Pts',(45.3836009783043,4.840138259569,0.2));
#5294=CARTESIAN_POINT('Ctrl Pts',(45.7587427973152,5.47639788606469,0.2));
#5295=CARTESIAN_POINT('Ctrl Pts',(45.9242830425501,5.75716257095337,0.2));
#5296=CARTESIAN_POINT('Ctrl Pts',(45.9379265457392,1.53819918632507,0.));
#5297=CARTESIAN_POINT('Ctrl Pts',(45.9379265457392,1.53819918632507,0.2));
#5298=CARTESIAN_POINT('Ctrl Pts',(45.7685149928683,1.82538537930901,0.));
#5299=CARTESIAN_POINT('Ctrl Pts',(45.7685149928683,1.82538537930901,0.2));
#5300=CARTESIAN_POINT('Ctrl Pts',(45.3804624211299,2.48321147715569,0.));
#5301=CARTESIAN_POINT('Ctrl Pts',(45.3804624211299,2.48321147715569,0.2));
#5302=CARTESIAN_POINT('Ctrl Pts',(45.3639887831129,3.25093408419258,0.));
#5303=CARTESIAN_POINT('Ctrl Pts',(45.3639887831129,3.25093408419258,0.2));
#5304=CARTESIAN_POINT('Ctrl Pts',(45.3547070175409,3.68349313735962,0.));
#5305=CARTESIAN_POINT('Ctrl Pts',(45.3547070175409,3.68349313735962,0.2));
#5306=CARTESIAN_POINT('',(45.9379265457392,1.53819918632507,0.));
#5307=CARTESIAN_POINT('Ctrl Pts',(45.9379265457392,1.53819918632507,0.));
#5308=CARTESIAN_POINT('Ctrl Pts',(45.7685149928683,1.82538537930901,0.));
#5309=CARTESIAN_POINT('Ctrl Pts',(45.3804624211299,2.48321147715569,0.));
#5310=CARTESIAN_POINT('Ctrl Pts',(45.3639887831129,3.25093408419258,0.));
#5311=CARTESIAN_POINT('Ctrl Pts',(45.3547070175409,3.68349313735962,0.));
#5312=CARTESIAN_POINT('',(45.9379265457392,1.53819918632507,0.2));
#5313=CARTESIAN_POINT('',(45.9379265457392,1.53819918632507,0.));
#5314=CARTESIAN_POINT('Ctrl Pts',(45.9379265457392,1.53819918632507,0.2));
#5315=CARTESIAN_POINT('Ctrl Pts',(45.7685149928683,1.82538537930901,0.2));
#5316=CARTESIAN_POINT('Ctrl Pts',(45.3804624211299,2.48321147715569,0.2));
#5317=CARTESIAN_POINT('Ctrl Pts',(45.3639887831129,3.25093408419258,0.2));
#5318=CARTESIAN_POINT('Ctrl Pts',(45.3547070175409,3.68349313735962,0.2));
#5319=CARTESIAN_POINT('Ctrl Pts',(47.3396990448236,0.845838785171509,0.));
#5320=CARTESIAN_POINT('Ctrl Pts',(47.3396990448236,0.845838785171509,0.2));
#5321=CARTESIAN_POINT('Ctrl Pts',(47.0740082873317,0.877893457996239,0.));
#5322=CARTESIAN_POINT('Ctrl Pts',(47.0740082873317,0.877893457996239,0.2));
#5323=CARTESIAN_POINT('Ctrl Pts',(46.5267475558993,0.943918576300993,0.));
#5324=CARTESIAN_POINT('Ctrl Pts',(46.5267475558993,0.943918576300993,0.2));
#5325=CARTESIAN_POINT('Ctrl Pts',(46.137960539909,1.33631045948006,0.));
#5326=CARTESIAN_POINT('Ctrl Pts',(46.137960539909,1.33631045948006,0.2));
#5327=CARTESIAN_POINT('Ctrl Pts',(45.9379265457392,1.53819918632507,0.));
#5328=CARTESIAN_POINT('Ctrl Pts',(45.9379265457392,1.53819918632507,0.2));
#5329=CARTESIAN_POINT('',(47.3396990448236,0.845838785171509,0.));
#5330=CARTESIAN_POINT('Ctrl Pts',(47.3396990448236,0.845838785171509,0.));
#5331=CARTESIAN_POINT('Ctrl Pts',(47.0740082873317,0.877893457996239,0.));
#5332=CARTESIAN_POINT('Ctrl Pts',(46.5267475558993,0.943918576300993,0.));
#5333=CARTESIAN_POINT('Ctrl Pts',(46.137960539909,1.33631045948006,0.));
#5334=CARTESIAN_POINT('Ctrl Pts',(45.9379265457392,1.53819918632507,0.));
#5335=CARTESIAN_POINT('',(47.3396990448236,0.845838785171509,0.2));
#5336=CARTESIAN_POINT('',(47.3396990448236,0.845838785171509,0.));
#5337=CARTESIAN_POINT('Ctrl Pts',(47.3396990448236,0.845838785171509,0.2));
#5338=CARTESIAN_POINT('Ctrl Pts',(47.0740082873317,0.877893457996239,0.2));
#5339=CARTESIAN_POINT('Ctrl Pts',(46.5267475558993,0.943918576300993,0.2));
#5340=CARTESIAN_POINT('Ctrl Pts',(46.137960539909,1.33631045948006,0.2));
#5341=CARTESIAN_POINT('Ctrl Pts',(45.9379265457392,1.53819918632507,0.2));
#5342=CARTESIAN_POINT('Ctrl Pts',(48.7107775360346,1.51432514190674,0.));
#5343=CARTESIAN_POINT('Ctrl Pts',(48.7107775360346,1.51432514190674,0.2));
#5344=CARTESIAN_POINT('Ctrl Pts',(48.5155297336309,1.31938405389148,0.));
#5345=CARTESIAN_POINT('Ctrl Pts',(48.5155297336309,1.31938405389148,0.2));
#5346=CARTESIAN_POINT('Ctrl Pts',(48.134329012887,0.938782160609271,0.));
#5347=CARTESIAN_POINT('Ctrl Pts',(48.134329012887,0.938782160609271,0.2));
#5348=CARTESIAN_POINT('Ctrl Pts',(47.6002347292999,0.876312171414704,0.));
#5349=CARTESIAN_POINT('Ctrl Pts',(47.6002347292999,0.876312171414704,0.2));
#5350=CARTESIAN_POINT('Ctrl Pts',(47.3396990448236,0.845838785171509,0.));
#5351=CARTESIAN_POINT('Ctrl Pts',(47.3396990448236,0.845838785171509,0.2));
#5352=CARTESIAN_POINT('',(48.7107775360346,1.51432514190674,0.));
#5353=CARTESIAN_POINT('Ctrl Pts',(48.7107775360346,1.51432514190674,0.));
#5354=CARTESIAN_POINT('Ctrl Pts',(48.5155297336309,1.31938405389148,0.));
#5355=CARTESIAN_POINT('Ctrl Pts',(48.134329012887,0.938782160609271,0.));
#5356=CARTESIAN_POINT('Ctrl Pts',(47.6002347292999,0.876312171414704,0.));
#5357=CARTESIAN_POINT('Ctrl Pts',(47.3396990448236,0.845838785171509,0.));
#5358=CARTESIAN_POINT('',(48.7107775360346,1.51432514190674,0.2));
#5359=CARTESIAN_POINT('',(48.7107775360346,1.51432514190674,0.));
#5360=CARTESIAN_POINT('Ctrl Pts',(48.7107775360346,1.51432514190674,0.2));
#5361=CARTESIAN_POINT('Ctrl Pts',(48.5155297336309,1.31938405389148,0.2));
#5362=CARTESIAN_POINT('Ctrl Pts',(48.134329012887,0.938782160609271,0.2));
#5363=CARTESIAN_POINT('Ctrl Pts',(47.6002347292999,0.876312171414704,0.2));
#5364=CARTESIAN_POINT('Ctrl Pts',(47.3396990448236,0.845838785171509,0.2));
#5365=CARTESIAN_POINT('Ctrl Pts',(49.2769441753626,3.58117341995239,0.));
#5366=CARTESIAN_POINT('Ctrl Pts',(49.2769441753626,3.58117341995239,0.2));
#5367=CARTESIAN_POINT('Ctrl Pts',(49.2677523077348,3.16456559364525,0.));
#5368=CARTESIAN_POINT('Ctrl Pts',(49.2677523077348,3.16456559364525,0.2));
#5369=CARTESIAN_POINT('Ctrl Pts',(49.2514192064617,2.42429189805504,0.));
#5370=CARTESIAN_POINT('Ctrl Pts',(49.2514192064617,2.42429189805504,0.2));
#5371=CARTESIAN_POINT('Ctrl Pts',(48.8752485849614,1.79115024633126,0.));
#5372=CARTESIAN_POINT('Ctrl Pts',(48.8752485849614,1.79115024633126,0.2));
#5373=CARTESIAN_POINT('Ctrl Pts',(48.7107775360346,1.51432514190674,0.));
#5374=CARTESIAN_POINT('Ctrl Pts',(48.7107775360346,1.51432514190674,0.2));
#5375=CARTESIAN_POINT('',(49.2769441753626,3.58117341995239,0.));
#5376=CARTESIAN_POINT('Ctrl Pts',(49.2769441753626,3.58117341995239,0.));
#5377=CARTESIAN_POINT('Ctrl Pts',(49.2677523077348,3.16456559364525,0.));
#5378=CARTESIAN_POINT('Ctrl Pts',(49.2514192064617,2.42429189805504,0.));
#5379=CARTESIAN_POINT('Ctrl Pts',(48.8752485849614,1.79115024633126,0.));
#5380=CARTESIAN_POINT('Ctrl Pts',(48.7107775360346,1.51432514190674,0.));
#5381=CARTESIAN_POINT('',(49.2769441753626,3.58117341995239,0.2));
#5382=CARTESIAN_POINT('',(49.2769441753626,3.58117341995239,0.));
#5383=CARTESIAN_POINT('Ctrl Pts',(49.2769441753626,3.58117341995239,0.2));
#5384=CARTESIAN_POINT('Ctrl Pts',(49.2677523077348,3.16456559364525,0.2));
#5385=CARTESIAN_POINT('Ctrl Pts',(49.2514192064617,2.42429189805504,0.2));
#5386=CARTESIAN_POINT('Ctrl Pts',(48.8752485849614,1.79115024633126,0.2));
#5387=CARTESIAN_POINT('Ctrl Pts',(48.7107775360346,1.51432514190674,0.2));
#5388=CARTESIAN_POINT('Ctrl Pts',(48.6732599884272,5.71282386779785,0.));
#5389=CARTESIAN_POINT('Ctrl Pts',(48.6732599884272,5.71282386779785,0.2));
#5390=CARTESIAN_POINT('Ctrl Pts',(48.8488399403684,5.42044014747626,0.));
#5391=CARTESIAN_POINT('Ctrl Pts',(48.8488399403684,5.42044014747626,0.2));
#5392=CARTESIAN_POINT('Ctrl Pts',(49.2408369237619,4.76766894499978,0.));
#5393=CARTESIAN_POINT('Ctrl Pts',(49.2408369237619,4.76766894499978,0.2));
#5394=CARTESIAN_POINT('Ctrl Pts',(49.2641005787086,4.0032180032404,0.));
#5395=CARTESIAN_POINT('Ctrl Pts',(49.2641005787086,4.0032180032404,0.2));
#5396=CARTESIAN_POINT('Ctrl Pts',(49.2769441753626,3.58117341995239,0.));
#5397=CARTESIAN_POINT('Ctrl Pts',(49.2769441753626,3.58117341995239,0.2));
#5398=CARTESIAN_POINT('Ctrl Pts',(48.6732599884272,5.71282386779785,0.));
#5399=CARTESIAN_POINT('Ctrl Pts',(48.8488399403684,5.42044014747626,0.));
#5400=CARTESIAN_POINT('Ctrl Pts',(49.2408369237619,4.76766894499978,0.));
#5401=CARTESIAN_POINT('Ctrl Pts',(49.2641005787086,4.0032180032404,0.));
#5402=CARTESIAN_POINT('Ctrl Pts',(49.2769441753626,3.58117341995239,0.));
#5403=CARTESIAN_POINT('Ctrl Pts',(48.6732599884272,5.71282386779785,0.2));
#5404=CARTESIAN_POINT('Ctrl Pts',(48.8488399403684,5.42044014747626,0.2));
#5405=CARTESIAN_POINT('Ctrl Pts',(49.2408369237619,4.76766894499978,0.2));
#5406=CARTESIAN_POINT('Ctrl Pts',(49.2641005787086,4.0032180032404,0.2));
#5407=CARTESIAN_POINT('Ctrl Pts',(49.2769441753626,3.58117341995239,0.2));
#5408=CARTESIAN_POINT('Origin',(49.1609821468592,0.750341415405273,0.));
#5409=CARTESIAN_POINT('',(49.1609821468592,0.750341415405273,0.));
#5410=CARTESIAN_POINT('',(49.1609821468592,-2.77626156806946,0.));
#5411=CARTESIAN_POINT('',(49.1609821468592,-18.3448292922974,0.));
#5412=CARTESIAN_POINT('',(49.1609821468592,0.750341415405273,0.2));
#5413=CARTESIAN_POINT('',(49.1609821468592,0.750341415405273,0.));
#5414=CARTESIAN_POINT('',(49.1609821468592,-2.77626156806946,0.2));
#5415=CARTESIAN_POINT('',(49.1609821468592,0.750341415405273,0.2));
#5416=CARTESIAN_POINT('',(49.1609821468592,-2.77626156806946,0.));
#5417=CARTESIAN_POINT('Ctrl Pts',(48.3594808727503,0.0954973697662354,0.));
#5418=CARTESIAN_POINT('Ctrl Pts',(48.3594808727503,0.0954973697662354,0.2));
#5419=CARTESIAN_POINT('Ctrl Pts',(48.5135331159753,0.185994123272577,0.));
#5420=CARTESIAN_POINT('Ctrl Pts',(48.5135331159753,0.185994123272577,0.2));
#5421=CARTESIAN_POINT('Ctrl Pts',(48.8146740473765,0.362896945777318,0.));
#5422=CARTESIAN_POINT('Ctrl Pts',(48.8146740473765,0.362896945777318,0.2));
#5423=CARTESIAN_POINT('Ctrl Pts',(49.0473394917715,0.623199664192049,0.));
#5424=CARTESIAN_POINT('Ctrl Pts',(49.0473394917715,0.623199664192049,0.2));
#5425=CARTESIAN_POINT('Ctrl Pts',(49.1609821468592,0.750341415405273,0.));
#5426=CARTESIAN_POINT('Ctrl Pts',(49.1609821468592,0.750341415405273,0.2));
#5427=CARTESIAN_POINT('',(48.3594808727503,0.0954973697662354,0.));
#5428=CARTESIAN_POINT('Ctrl Pts',(48.3594808727503,0.0954973697662354,0.));
#5429=CARTESIAN_POINT('Ctrl Pts',(48.5135331159753,0.185994123272577,0.));
#5430=CARTESIAN_POINT('Ctrl Pts',(48.8146740473765,0.362896945777318,0.));
#5431=CARTESIAN_POINT('Ctrl Pts',(49.0473394917715,0.623199664192049,0.));
#5432=CARTESIAN_POINT('Ctrl Pts',(49.1609821468592,0.750341415405273,0.));
#5433=CARTESIAN_POINT('',(48.3594808727503,0.0954973697662354,0.2));
#5434=CARTESIAN_POINT('',(48.3594808727503,0.0954973697662354,0.));
#5435=CARTESIAN_POINT('Ctrl Pts',(48.3594808727503,0.0954973697662354,0.2));
#5436=CARTESIAN_POINT('Ctrl Pts',(48.5135331159753,0.185994123272577,0.2));
#5437=CARTESIAN_POINT('Ctrl Pts',(48.8146740473765,0.362896945777318,0.2));
#5438=CARTESIAN_POINT('Ctrl Pts',(49.0473394917715,0.623199664192049,0.2));
#5439=CARTESIAN_POINT('Ctrl Pts',(49.1609821468592,0.750341415405273,0.2));
#5440=CARTESIAN_POINT('Ctrl Pts',(47.2578439861536,-0.163711309432983,0.));
#5441=CARTESIAN_POINT('Ctrl Pts',(47.2578439861536,-0.163711309432983,0.2));
#5442=CARTESIAN_POINT('Ctrl Pts',(47.4548439923552,-0.154154792034595,0.));
#5443=CARTESIAN_POINT('Ctrl Pts',(47.4548439923552,-0.154154792034595,0.2));
#5444=CARTESIAN_POINT('Ctrl Pts',(47.8382559567312,-0.135555385978947,0.));
#5445=CARTESIAN_POINT('Ctrl Pts',(47.8382559567312,-0.135555385978947,0.2));
#5446=CARTESIAN_POINT('Ctrl Pts',(48.1889675731164,0.0199108685058524,0.));
#5447=CARTESIAN_POINT('Ctrl Pts',(48.1889675731164,0.0199108685058524,0.2));
#5448=CARTESIAN_POINT('Ctrl Pts',(48.3594808727503,0.0954973697662354,0.));
#5449=CARTESIAN_POINT('Ctrl Pts',(48.3594808727503,0.0954973697662354,0.2));
#5450=CARTESIAN_POINT('',(47.2578439861536,-0.163711309432983,0.));
#5451=CARTESIAN_POINT('Ctrl Pts',(47.2578439861536,-0.163711309432983,0.));
#5452=CARTESIAN_POINT('Ctrl Pts',(47.4548439923552,-0.154154792034595,0.));
#5453=CARTESIAN_POINT('Ctrl Pts',(47.8382559567312,-0.135555385978947,0.));
#5454=CARTESIAN_POINT('Ctrl Pts',(48.1889675731164,0.0199108685058524,0.));
#5455=CARTESIAN_POINT('Ctrl Pts',(48.3594808727503,0.0954973697662354,0.));
#5456=CARTESIAN_POINT('',(47.2578439861536,-0.163711309432983,0.2));
#5457=CARTESIAN_POINT('',(47.2578439861536,-0.163711309432983,0.));
#5458=CARTESIAN_POINT('Ctrl Pts',(47.2578439861536,-0.163711309432983,0.2));
#5459=CARTESIAN_POINT('Ctrl Pts',(47.4548439923552,-0.154154792034595,0.2));
#5460=CARTESIAN_POINT('Ctrl Pts',(47.8382559567312,-0.135555385978947,0.2));
#5461=CARTESIAN_POINT('Ctrl Pts',(48.1889675731164,0.0199108685058524,0.2));
#5462=CARTESIAN_POINT('Ctrl Pts',(48.3594808727503,0.0954973697662354,0.2));
#5463=CARTESIAN_POINT('Ctrl Pts',(45.6582532078028,0.310368537902832,0.));
#5464=CARTESIAN_POINT('Ctrl Pts',(45.6582532078028,0.310368537902832,0.2));
#5465=CARTESIAN_POINT('Ctrl Pts',(45.9125174859823,0.172107679704696,0.));
#5466=CARTESIAN_POINT('Ctrl Pts',(45.9125174859823,0.172107679704696,0.2));
#5467=CARTESIAN_POINT('Ctrl Pts',(46.4123118239916,-0.0996646454937378,
0.));
#5468=CARTESIAN_POINT('Ctrl Pts',(46.4123118239916,-0.0996646454937378,
0.2));
#5469=CARTESIAN_POINT('Ctrl Pts',(46.9793027724679,-0.142612602246563,0.));
#5470=CARTESIAN_POINT('Ctrl Pts',(46.9793027724679,-0.142612602246563,0.2));
#5471=CARTESIAN_POINT('Ctrl Pts',(47.2578439861536,-0.163711309432983,0.));
#5472=CARTESIAN_POINT('Ctrl Pts',(47.2578439861536,-0.163711309432983,0.2));
#5473=CARTESIAN_POINT('',(45.6582532078028,0.310368537902832,0.));
#5474=CARTESIAN_POINT('Ctrl Pts',(45.6582532078028,0.310368537902832,0.));
#5475=CARTESIAN_POINT('Ctrl Pts',(45.9125174859823,0.172107679704696,0.));
#5476=CARTESIAN_POINT('Ctrl Pts',(46.4123118239916,-0.0996646454937378,
0.));
#5477=CARTESIAN_POINT('Ctrl Pts',(46.9793027724679,-0.142612602246563,0.));
#5478=CARTESIAN_POINT('Ctrl Pts',(47.2578439861536,-0.163711309432983,0.));
#5479=CARTESIAN_POINT('',(45.6582532078028,0.310368537902832,0.2));
#5480=CARTESIAN_POINT('',(45.6582532078028,0.310368537902832,0.));
#5481=CARTESIAN_POINT('Ctrl Pts',(45.6582532078028,0.310368537902832,0.2));
#5482=CARTESIAN_POINT('Ctrl Pts',(45.9125174859823,0.172107679704696,0.2));
#5483=CARTESIAN_POINT('Ctrl Pts',(46.4123118239916,-0.0996646454937378,
0.2));
#5484=CARTESIAN_POINT('Ctrl Pts',(46.9793027724679,-0.142612602246563,0.2));
#5485=CARTESIAN_POINT('Ctrl Pts',(47.2578439861536,-0.163711309432983,0.2));
#5486=CARTESIAN_POINT('Ctrl Pts',(44.4986353069544,1.67462468147278,0.));
#5487=CARTESIAN_POINT('Ctrl Pts',(44.4986353069544,1.67462468147278,0.2));
#5488=CARTESIAN_POINT('Ctrl Pts',(44.6437288350882,1.39712479768328,0.));
#5489=CARTESIAN_POINT('Ctrl Pts',(44.6437288350882,1.39712479768328,0.2));
#5490=CARTESIAN_POINT('Ctrl Pts',(44.9274955134264,0.854404379515645,0.));
#5491=CARTESIAN_POINT('Ctrl Pts',(44.9274955134264,0.854404379515645,0.2));
#5492=CARTESIAN_POINT('Ctrl Pts',(45.4183694073929,0.488957673877144,0.));
#5493=CARTESIAN_POINT('Ctrl Pts',(45.4183694073929,0.488957673877144,0.2));
#5494=CARTESIAN_POINT('Ctrl Pts',(45.6582532078028,0.310368537902832,0.));
#5495=CARTESIAN_POINT('Ctrl Pts',(45.6582532078028,0.310368537902832,0.2));
#5496=CARTESIAN_POINT('',(44.4986353069544,1.67462468147278,0.));
#5497=CARTESIAN_POINT('Ctrl Pts',(44.4986353069544,1.67462468147278,0.));
#5498=CARTESIAN_POINT('Ctrl Pts',(44.6437288350882,1.39712479768328,0.));
#5499=CARTESIAN_POINT('Ctrl Pts',(44.9274955134264,0.854404379515645,0.));
#5500=CARTESIAN_POINT('Ctrl Pts',(45.4183694073929,0.488957673877144,0.));
#5501=CARTESIAN_POINT('Ctrl Pts',(45.6582532078028,0.310368537902832,0.));
#5502=CARTESIAN_POINT('',(44.4986353069544,1.67462468147278,0.2));
#5503=CARTESIAN_POINT('',(44.4986353069544,1.67462468147278,0.));
#5504=CARTESIAN_POINT('Ctrl Pts',(44.4986353069544,1.67462468147278,0.2));
#5505=CARTESIAN_POINT('Ctrl Pts',(44.6437288350882,1.39712479768328,0.2));
#5506=CARTESIAN_POINT('Ctrl Pts',(44.9274955134264,0.854404379515645,0.2));
#5507=CARTESIAN_POINT('Ctrl Pts',(45.4183694073929,0.488957673877144,0.2));
#5508=CARTESIAN_POINT('Ctrl Pts',(45.6582532078028,0.310368537902832,0.2));
#5509=CARTESIAN_POINT('Ctrl Pts',(44.0995905548334,3.67667078971863,0.));
#5510=CARTESIAN_POINT('Ctrl Pts',(44.0995905548334,3.67667078971863,0.2));
#5511=CARTESIAN_POINT('Ctrl Pts',(44.1138544141478,3.3206660211385,0.));
#5512=CARTESIAN_POINT('Ctrl Pts',(44.1138544141478,3.3206660211385,0.2));
#5513=CARTESIAN_POINT('Ctrl Pts',(44.1414504197239,2.63191065961112,0.));
#5514=CARTESIAN_POINT('Ctrl Pts',(44.1414504197239,2.63191065961112,0.2));
#5515=CARTESIAN_POINT('Ctrl Pts',(44.3822840683766,1.98645592969046,0.));
#5516=CARTESIAN_POINT('Ctrl Pts',(44.3822840683766,1.98645592969046,0.2));
#5517=CARTESIAN_POINT('Ctrl Pts',(44.4986353069544,1.67462468147278,0.));
#5518=CARTESIAN_POINT('Ctrl Pts',(44.4986353069544,1.67462468147278,0.2));
#5519=CARTESIAN_POINT('',(44.0995905548334,3.67667078971863,0.));
#5520=CARTESIAN_POINT('Ctrl Pts',(44.0995905548334,3.67667078971863,0.));
#5521=CARTESIAN_POINT('Ctrl Pts',(44.1138544141478,3.3206660211385,0.));
#5522=CARTESIAN_POINT('Ctrl Pts',(44.1414504197239,2.63191065961112,0.));
#5523=CARTESIAN_POINT('Ctrl Pts',(44.3822840683766,1.98645592969046,0.));
#5524=CARTESIAN_POINT('Ctrl Pts',(44.4986353069544,1.67462468147278,0.));
#5525=CARTESIAN_POINT('',(44.0995905548334,3.67667078971863,0.2));
#5526=CARTESIAN_POINT('',(44.0995905548334,3.67667078971863,0.));
#5527=CARTESIAN_POINT('Ctrl Pts',(44.0995905548334,3.67667078971863,0.2));
#5528=CARTESIAN_POINT('Ctrl Pts',(44.1138544141478,3.3206660211385,0.2));
#5529=CARTESIAN_POINT('Ctrl Pts',(44.1414504197239,2.63191065961112,0.2));
#5530=CARTESIAN_POINT('Ctrl Pts',(44.3822840683766,1.98645592969046,0.2));
#5531=CARTESIAN_POINT('Ctrl Pts',(44.4986353069544,1.67462468147278,0.2));
#5532=CARTESIAN_POINT('Ctrl Pts',(44.4611189514399,5.58321952819824,0.));
#5533=CARTESIAN_POINT('Ctrl Pts',(44.4611189514399,5.58321952819824,0.2));
#5534=CARTESIAN_POINT('Ctrl Pts',(44.3556911171376,5.28227964616777,0.));
#5535=CARTESIAN_POINT('Ctrl Pts',(44.3556911171376,5.28227964616777,0.2));
#5536=CARTESIAN_POINT('Ctrl Pts',(44.1394937636436,4.66515223872018,0.));
#5537=CARTESIAN_POINT('Ctrl Pts',(44.1394937636436,4.66515223872018,0.2));
#5538=CARTESIAN_POINT('Ctrl Pts',(44.113108925113,4.01154757382965,0.));
#5539=CARTESIAN_POINT('Ctrl Pts',(44.113108925113,4.01154757382965,0.2));
#5540=CARTESIAN_POINT('Ctrl Pts',(44.0995905548334,3.67667078971863,0.));
#5541=CARTESIAN_POINT('Ctrl Pts',(44.0995905548334,3.67667078971863,0.2));
#5542=CARTESIAN_POINT('',(44.4611189514399,5.58321952819824,0.));
#5543=CARTESIAN_POINT('Ctrl Pts',(44.4611189514399,5.58321952819824,0.));
#5544=CARTESIAN_POINT('Ctrl Pts',(44.3556911171376,5.28227964616777,0.));
#5545=CARTESIAN_POINT('Ctrl Pts',(44.1394937636436,4.66515223872018,0.));
#5546=CARTESIAN_POINT('Ctrl Pts',(44.113108925113,4.01154757382965,0.));
#5547=CARTESIAN_POINT('Ctrl Pts',(44.0995905548334,3.67667078971863,0.));
#5548=CARTESIAN_POINT('',(44.4611189514399,5.58321952819824,0.2));
#5549=CARTESIAN_POINT('',(44.4611189514399,5.58321952819824,0.));
#5550=CARTESIAN_POINT('Ctrl Pts',(44.4611189514399,5.58321952819824,0.2));
#5551=CARTESIAN_POINT('Ctrl Pts',(44.3556911171376,5.28227964616777,0.2));
#5552=CARTESIAN_POINT('Ctrl Pts',(44.1394937636436,4.66515223872018,0.2));
#5553=CARTESIAN_POINT('Ctrl Pts',(44.113108925113,4.01154757382965,0.2));
#5554=CARTESIAN_POINT('Ctrl Pts',(44.0995905548334,3.67667078971863,0.2));
#5555=CARTESIAN_POINT('Ctrl Pts',(45.5320594459772,6.93042278289795,0.));
#5556=CARTESIAN_POINT('Ctrl Pts',(45.5320594459772,6.93042278289795,0.2));
#5557=CARTESIAN_POINT('Ctrl Pts',(45.3086298283487,6.75135360753699,0.));
#5558=CARTESIAN_POINT('Ctrl Pts',(45.3086298283487,6.75135360753699,0.2));
#5559=CARTESIAN_POINT('Ctrl Pts',(44.8499700023481,6.38375759370111,0.));
#5560=CARTESIAN_POINT('Ctrl Pts',(44.8499700023481,6.38375759370111,0.2));
#5561=CARTESIAN_POINT('Ctrl Pts',(44.5929402908449,5.85460364762612,0.));
#5562=CARTESIAN_POINT('Ctrl Pts',(44.5929402908449,5.85460364762612,0.2));
#5563=CARTESIAN_POINT('Ctrl Pts',(44.4611189514399,5.58321952819824,0.));
#5564=CARTESIAN_POINT('Ctrl Pts',(44.4611189514399,5.58321952819824,0.2));
#5565=CARTESIAN_POINT('',(45.5320594459772,6.93042278289795,0.));
#5566=CARTESIAN_POINT('Ctrl Pts',(45.5320594459772,6.93042278289795,0.));
#5567=CARTESIAN_POINT('Ctrl Pts',(45.3086298283487,6.75135360753699,0.));
#5568=CARTESIAN_POINT('Ctrl Pts',(44.8499700023481,6.38375759370111,0.));
#5569=CARTESIAN_POINT('Ctrl Pts',(44.5929402908449,5.85460364762612,0.));
#5570=CARTESIAN_POINT('Ctrl Pts',(44.4611189514399,5.58321952819824,0.));
#5571=CARTESIAN_POINT('',(45.5320594459772,6.93042278289795,0.2));
#5572=CARTESIAN_POINT('',(45.5320594459772,6.93042278289795,0.));
#5573=CARTESIAN_POINT('Ctrl Pts',(45.5320594459772,6.93042278289795,0.2));
#5574=CARTESIAN_POINT('Ctrl Pts',(45.3086298283487,6.75135360753699,0.2));
#5575=CARTESIAN_POINT('Ctrl Pts',(44.8499700023481,6.38375759370111,0.2));
#5576=CARTESIAN_POINT('Ctrl Pts',(44.5929402908449,5.85460364762612,0.2));
#5577=CARTESIAN_POINT('Ctrl Pts',(44.4611189514399,5.58321952819824,0.2));
#5578=CARTESIAN_POINT('Ctrl Pts',(47.1691677719355,7.40791320800781,0.));
#5579=CARTESIAN_POINT('Ctrl Pts',(47.1691677719355,7.40791320800781,0.2));
#5580=CARTESIAN_POINT('Ctrl Pts',(46.8717240649798,7.38980517550242,0.));
#5581=CARTESIAN_POINT('Ctrl Pts',(46.8717240649798,7.38980517550242,0.2));
#5582=CARTESIAN_POINT('Ctrl Pts',(46.2894917919357,7.35435954098598,0.));
#5583=CARTESIAN_POINT('Ctrl Pts',(46.2894917919357,7.35435954098598,0.2));
#5584=CARTESIAN_POINT('Ctrl Pts',(45.7808517033009,7.06967242488908,0.));
#5585=CARTESIAN_POINT('Ctrl Pts',(45.7808517033009,7.06967242488908,0.2));
#5586=CARTESIAN_POINT('Ctrl Pts',(45.5320594459772,6.93042278289795,0.));
#5587=CARTESIAN_POINT('Ctrl Pts',(45.5320594459772,6.93042278289795,0.2));
#5588=CARTESIAN_POINT('',(47.1691677719355,7.40791320800781,0.));
#5589=CARTESIAN_POINT('Ctrl Pts',(47.1691677719355,7.40791320800781,0.));
#5590=CARTESIAN_POINT('Ctrl Pts',(46.8717240649798,7.38980517550242,0.));
#5591=CARTESIAN_POINT('Ctrl Pts',(46.2894917919357,7.35435954098598,0.));
#5592=CARTESIAN_POINT('Ctrl Pts',(45.7808517033009,7.06967242488908,0.));
#5593=CARTESIAN_POINT('Ctrl Pts',(45.5320594459772,6.93042278289795,0.));
#5594=CARTESIAN_POINT('',(47.1691677719355,7.40791320800781,0.2));
#5595=CARTESIAN_POINT('',(47.1691677719355,7.40791320800781,0.));
#5596=CARTESIAN_POINT('Ctrl Pts',(47.1691677719355,7.40791320800781,0.2));
#5597=CARTESIAN_POINT('Ctrl Pts',(46.8717240649798,7.38980517550242,0.2));
#5598=CARTESIAN_POINT('Ctrl Pts',(46.2894917919357,7.35435954098598,0.2));
#5599=CARTESIAN_POINT('Ctrl Pts',(45.7808517033009,7.06967242488908,0.2));
#5600=CARTESIAN_POINT('Ctrl Pts',(45.5320594459772,6.93042278289795,0.2));
#5601=CARTESIAN_POINT('Ctrl Pts',(48.3765349537134,7.13165044784546,0.));
#5602=CARTESIAN_POINT('Ctrl Pts',(48.3765349537134,7.13165044784546,0.2));
#5603=CARTESIAN_POINT('Ctrl Pts',(48.1956349830576,7.2121553554727,0.));
#5604=CARTESIAN_POINT('Ctrl Pts',(48.1956349830576,7.2121553554727,0.2));
#5605=CARTESIAN_POINT('Ctrl Pts',(47.8118036495179,7.38296967865383,0.));
#5606=CARTESIAN_POINT('Ctrl Pts',(47.8118036495179,7.38296967865383,0.2));
#5607=CARTESIAN_POINT('Ctrl Pts',(47.3914228254192,7.39928651030226,0.));
#5608=CARTESIAN_POINT('Ctrl Pts',(47.3914228254192,7.39928651030226,0.2));
#5609=CARTESIAN_POINT('Ctrl Pts',(47.1691677719355,7.40791320800781,0.));
#5610=CARTESIAN_POINT('Ctrl Pts',(47.1691677719355,7.40791320800781,0.2));
#5611=CARTESIAN_POINT('',(48.3765349537134,7.13165044784546,0.));
#5612=CARTESIAN_POINT('Ctrl Pts',(48.3765349537134,7.13165044784546,0.));
#5613=CARTESIAN_POINT('Ctrl Pts',(48.1956349830576,7.2121553554727,0.));
#5614=CARTESIAN_POINT('Ctrl Pts',(47.8118036495179,7.38296967865383,0.));
#5615=CARTESIAN_POINT('Ctrl Pts',(47.3914228254192,7.39928651030226,0.));
#5616=CARTESIAN_POINT('Ctrl Pts',(47.1691677719355,7.40791320800781,0.));
#5617=CARTESIAN_POINT('',(48.3765349537134,7.13165044784546,0.2));
#5618=CARTESIAN_POINT('',(48.3765349537134,7.13165044784546,0.));
#5619=CARTESIAN_POINT('Ctrl Pts',(48.3765349537134,7.13165044784546,0.2));
#5620=CARTESIAN_POINT('Ctrl Pts',(48.1956349830576,7.2121553554727,0.2));
#5621=CARTESIAN_POINT('Ctrl Pts',(47.8118036495179,7.38296967865383,0.2));
#5622=CARTESIAN_POINT('Ctrl Pts',(47.3914228254192,7.39928651030226,0.2));
#5623=CARTESIAN_POINT('Ctrl Pts',(47.1691677719355,7.40791320800781,0.2));
#5624=CARTESIAN_POINT('Ctrl Pts',(49.2701230198145,6.30286455154419,0.));
#5625=CARTESIAN_POINT('Ctrl Pts',(49.2701230198145,6.30286455154419,0.2));
#5626=CARTESIAN_POINT('Ctrl Pts',(49.1381208347163,6.4731708354755,0.));
#5627=CARTESIAN_POINT('Ctrl Pts',(49.1381208347163,6.4731708354755,0.2));
#5628=CARTESIAN_POINT('Ctrl Pts',(48.885660231608,6.79888989173528,0.));
#5629=CARTESIAN_POINT('Ctrl Pts',(48.885660231608,6.79888989173528,0.2));
#5630=CARTESIAN_POINT('Ctrl Pts',(48.5409900285986,7.02416381429974,0.));
#5631=CARTESIAN_POINT('Ctrl Pts',(48.5409900285986,7.02416381429974,0.2));
#5632=CARTESIAN_POINT('Ctrl Pts',(48.3765349537134,7.13165044784546,0.));
#5633=CARTESIAN_POINT('Ctrl Pts',(48.3765349537134,7.13165044784546,0.2));
#5634=CARTESIAN_POINT('',(49.2701230198145,6.30286455154419,0.));
#5635=CARTESIAN_POINT('Ctrl Pts',(49.2701230198145,6.30286455154419,0.));
#5636=CARTESIAN_POINT('Ctrl Pts',(49.1381208347163,6.4731708354755,0.));
#5637=CARTESIAN_POINT('Ctrl Pts',(48.885660231608,6.79888989173528,0.));
#5638=CARTESIAN_POINT('Ctrl Pts',(48.5409900285986,7.02416381429974,0.));
#5639=CARTESIAN_POINT('Ctrl Pts',(48.3765349537134,7.13165044784546,0.));
#5640=CARTESIAN_POINT('',(49.2701230198145,6.30286455154419,0.2));
#5641=CARTESIAN_POINT('',(49.2701230198145,6.30286455154419,0.));
#5642=CARTESIAN_POINT('Ctrl Pts',(49.2701230198145,6.30286455154419,0.2));
#5643=CARTESIAN_POINT('Ctrl Pts',(49.1381208347163,6.4731708354755,0.2));
#5644=CARTESIAN_POINT('Ctrl Pts',(48.885660231608,6.79888989173528,0.2));
#5645=CARTESIAN_POINT('Ctrl Pts',(48.5409900285986,7.02416381429974,0.2));
#5646=CARTESIAN_POINT('Ctrl Pts',(48.3765349537134,7.13165044784546,0.2));
#5647=CARTESIAN_POINT('Origin',(49.2701230198145,7.24420189857483,0.));
#5648=CARTESIAN_POINT('',(49.2701230198145,7.24420189857483,0.));
#5649=CARTESIAN_POINT('',(49.2701230198145,-15.0978990507126,0.));
#5650=CARTESIAN_POINT('',(49.2701230198145,7.24420189857483,0.2));
#5651=CARTESIAN_POINT('',(49.2701230198145,7.24420189857483,0.));
#5652=CARTESIAN_POINT('',(49.2701230198145,7.24420189857483,0.2));
#5653=CARTESIAN_POINT('Origin',(50.3888127952814,7.24420189857483,0.));
#5654=CARTESIAN_POINT('',(50.3888127952814,7.24420189857483,0.));
#5655=CARTESIAN_POINT('',(39.6994063976407,7.24420189857483,0.));
#5656=CARTESIAN_POINT('',(50.3888127952814,7.24420189857483,0.2));
#5657=CARTESIAN_POINT('',(50.3888127952814,7.24420189857483,0.));
#5658=CARTESIAN_POINT('',(50.3888127952814,7.24420189857483,0.2));
#5659=CARTESIAN_POINT('Origin',(50.3888127952814,-2.77626156806946,0.));
#5660=CARTESIAN_POINT('',(50.3888127952814,-2.77626156806946,0.));
#5661=CARTESIAN_POINT('',(50.3888127952814,-20.1081307840347,0.));
#5662=CARTESIAN_POINT('',(50.3888127952814,-2.77626156806946,0.2));
#5663=CARTESIAN_POINT('',(50.3888127952814,-2.77626156806946,0.));
#5664=CARTESIAN_POINT('',(50.3888127952814,-2.77626156806946,0.2));
#5665=CARTESIAN_POINT('Origin',(49.1609821468592,-2.77626156806946,0.));
#5666=CARTESIAN_POINT('',(39.0854910734296,-2.77626156806946,0.));
#5667=CARTESIAN_POINT('',(49.1609821468592,-2.77626156806946,0.2));
#5668=CARTESIAN_POINT('Origin',(42.0941339805722,3.69713485240936,0.2));
#5669=CARTESIAN_POINT('Ctrl Pts',(38.1923601776361,1.95770859718323,0.));
#5670=CARTESIAN_POINT('Ctrl Pts',(38.1923601776361,1.95770859718323,0.2));
#5671=CARTESIAN_POINT('Ctrl Pts',(38.1349576554211,2.12797323220742,0.));
#5672=CARTESIAN_POINT('Ctrl Pts',(38.1349576554211,2.12797323220742,0.2));
#5673=CARTESIAN_POINT('Ctrl Pts',(38.0010253020418,2.5252370175968,0.));
#5674=CARTESIAN_POINT('Ctrl Pts',(38.0010253020418,2.5252370175968,0.2));
#5675=CARTESIAN_POINT('Ctrl Pts',(37.9968994420277,2.94543521866843,0.));
#5676=CARTESIAN_POINT('Ctrl Pts',(37.9968994420277,2.94543521866843,0.2));
#5677=CARTESIAN_POINT('Ctrl Pts',(37.9945418983698,3.18553924560547,0.));
#5678=CARTESIAN_POINT('Ctrl Pts',(37.9945418983698,3.18553924560547,0.2));
#5679=CARTESIAN_POINT('',(38.1923601776361,1.95770859718323,0.));
#5680=CARTESIAN_POINT('',(37.9945418983698,3.18553924560547,0.));
#5681=CARTESIAN_POINT('Ctrl Pts',(38.1923601776361,1.95770859718323,0.));
#5682=CARTESIAN_POINT('Ctrl Pts',(38.1349576554211,2.12797323220742,0.));
#5683=CARTESIAN_POINT('Ctrl Pts',(38.0010253020418,2.5252370175968,0.));
#5684=CARTESIAN_POINT('Ctrl Pts',(37.9968994420277,2.94543521866843,0.));
#5685=CARTESIAN_POINT('Ctrl Pts',(37.9945418983698,3.18553924560547,0.));
#5686=CARTESIAN_POINT('',(38.1923601776361,1.95770859718323,0.2));
#5687=CARTESIAN_POINT('',(38.1923601776361,1.95770859718323,0.));
#5688=CARTESIAN_POINT('',(37.9945418983698,3.18553924560547,0.2));
#5689=CARTESIAN_POINT('Ctrl Pts',(38.1923601776361,1.95770859718323,0.2));
#5690=CARTESIAN_POINT('Ctrl Pts',(38.1349576554211,2.12797323220742,0.2));
#5691=CARTESIAN_POINT('Ctrl Pts',(38.0010253020418,2.5252370175968,0.2));
#5692=CARTESIAN_POINT('Ctrl Pts',(37.9968994420277,2.94543521866843,0.2));
#5693=CARTESIAN_POINT('Ctrl Pts',(37.9945418983698,3.18553924560547,0.2));
#5694=CARTESIAN_POINT('',(37.9945418983698,3.18553924560547,0.));
#5695=CARTESIAN_POINT('Ctrl Pts',(39.0040919929743,1.10845804214478,0.));
#5696=CARTESIAN_POINT('Ctrl Pts',(39.0040919929743,1.10845804214478,0.2));
#5697=CARTESIAN_POINT('Ctrl Pts',(38.8328384838401,1.21999824580327,0.));
#5698=CARTESIAN_POINT('Ctrl Pts',(38.8328384838401,1.21999824580327,0.2));
#5699=CARTESIAN_POINT('Ctrl Pts',(38.4955810607013,1.43965950619112,0.));
#5700=CARTESIAN_POINT('Ctrl Pts',(38.4955810607013,1.43965950619112,0.2));
#5701=CARTESIAN_POINT('Ctrl Pts',(38.292379491026,1.78682684966139,0.));
#5702=CARTESIAN_POINT('Ctrl Pts',(38.292379491026,1.78682684966139,0.2));
#5703=CARTESIAN_POINT('Ctrl Pts',(38.1923601776361,1.95770859718323,0.));
#5704=CARTESIAN_POINT('Ctrl Pts',(38.1923601776361,1.95770859718323,0.2));
#5705=CARTESIAN_POINT('',(39.0040919929743,1.10845804214478,0.));
#5706=CARTESIAN_POINT('Ctrl Pts',(39.0040919929743,1.10845804214478,0.));
#5707=CARTESIAN_POINT('Ctrl Pts',(38.8328384838401,1.21999824580327,0.));
#5708=CARTESIAN_POINT('Ctrl Pts',(38.4955810607013,1.43965950619112,0.));
#5709=CARTESIAN_POINT('Ctrl Pts',(38.292379491026,1.78682684966139,0.));
#5710=CARTESIAN_POINT('Ctrl Pts',(38.1923601776361,1.95770859718323,0.));
#5711=CARTESIAN_POINT('',(39.0040919929743,1.10845804214478,0.2));
#5712=CARTESIAN_POINT('',(39.0040919929743,1.10845804214478,0.));
#5713=CARTESIAN_POINT('Ctrl Pts',(39.0040919929743,1.10845804214478,0.2));
#5714=CARTESIAN_POINT('Ctrl Pts',(38.8328384838401,1.21999824580327,0.2));
#5715=CARTESIAN_POINT('Ctrl Pts',(38.4955810607013,1.43965950619112,0.2));
#5716=CARTESIAN_POINT('Ctrl Pts',(38.292379491026,1.78682684966139,0.2));
#5717=CARTESIAN_POINT('Ctrl Pts',(38.1923601776361,1.95770859718323,0.2));
#5718=CARTESIAN_POINT('Ctrl Pts',(40.2660296112299,0.798089504241943,0.));
#5719=CARTESIAN_POINT('Ctrl Pts',(40.2660296112299,0.798089504241943,0.2));
#5720=CARTESIAN_POINT('Ctrl Pts',(40.038998300768,0.809420603219868,0.));
#5721=CARTESIAN_POINT('Ctrl Pts',(40.038998300768,0.809420603219868,0.2));
#5722=CARTESIAN_POINT('Ctrl Pts',(39.5979873811763,0.831431392701159,0.));
#5723=CARTESIAN_POINT('Ctrl Pts',(39.5979873811763,0.831431392701159,0.2));
#5724=CARTESIAN_POINT('Ctrl Pts',(39.1981123603825,1.01795588743091,0.));
#5725=CARTESIAN_POINT('Ctrl Pts',(39.1981123603825,1.01795588743091,0.2));
#5726=CARTESIAN_POINT('Ctrl Pts',(39.0040919929743,1.10845804214478,0.));
#5727=CARTESIAN_POINT('Ctrl Pts',(39.0040919929743,1.10845804214478,0.2));
#5728=CARTESIAN_POINT('',(40.2660296112299,0.798089504241943,0.));
#5729=CARTESIAN_POINT('Ctrl Pts',(40.2660296112299,0.798089504241943,0.));
#5730=CARTESIAN_POINT('Ctrl Pts',(40.038998300768,0.809420603219868,0.));
#5731=CARTESIAN_POINT('Ctrl Pts',(39.5979873811763,0.831431392701159,0.));
#5732=CARTESIAN_POINT('Ctrl Pts',(39.1981123603825,1.01795588743091,0.));
#5733=CARTESIAN_POINT('Ctrl Pts',(39.0040919929743,1.10845804214478,0.));
#5734=CARTESIAN_POINT('',(40.2660296112299,0.798089504241943,0.2));
#5735=CARTESIAN_POINT('',(40.2660296112299,0.798089504241943,0.));
#5736=CARTESIAN_POINT('Ctrl Pts',(40.2660296112299,0.798089504241943,0.2));
#5737=CARTESIAN_POINT('Ctrl Pts',(40.038998300768,0.809420603219868,0.2));
#5738=CARTESIAN_POINT('Ctrl Pts',(39.5979873811763,0.831431392701159,0.2));
#5739=CARTESIAN_POINT('Ctrl Pts',(39.1981123603825,1.01795588743091,0.2));
#5740=CARTESIAN_POINT('Ctrl Pts',(39.0040919929743,1.10845804214478,0.2));
#5741=CARTESIAN_POINT('Ctrl Pts',(41.3540241867304,1.12551212310791,0.));
#5742=CARTESIAN_POINT('Ctrl Pts',(41.3540241867304,1.12551212310791,0.2));
#5743=CARTESIAN_POINT('Ctrl Pts',(41.2056991441301,1.03026302189824,0.));
#5744=CARTESIAN_POINT('Ctrl Pts',(41.2056991441301,1.03026302189824,0.2));
#5745=CARTESIAN_POINT('Ctrl Pts',(40.8759801447563,0.818529131305343,0.));
#5746=CARTESIAN_POINT('Ctrl Pts',(40.8759801447563,0.818529131305343,0.2));
#5747=CARTESIAN_POINT('Ctrl Pts',(40.4825010181504,0.80534352663252,0.));
#5748=CARTESIAN_POINT('Ctrl Pts',(40.4825010181504,0.80534352663252,0.2));
#5749=CARTESIAN_POINT('Ctrl Pts',(40.2660296112299,0.798089504241943,0.));
#5750=CARTESIAN_POINT('Ctrl Pts',(40.2660296112299,0.798089504241943,0.2));
#5751=CARTESIAN_POINT('',(41.3540241867304,1.12551212310791,0.));
#5752=CARTESIAN_POINT('Ctrl Pts',(41.3540241867304,1.12551212310791,0.));
#5753=CARTESIAN_POINT('Ctrl Pts',(41.2056991441301,1.03026302189824,0.));
#5754=CARTESIAN_POINT('Ctrl Pts',(40.8759801447563,0.818529131305343,0.));
#5755=CARTESIAN_POINT('Ctrl Pts',(40.4825010181504,0.80534352663252,0.));
#5756=CARTESIAN_POINT('Ctrl Pts',(40.2660296112299,0.798089504241943,0.));
#5757=CARTESIAN_POINT('',(41.3540241867304,1.12551212310791,0.2));
#5758=CARTESIAN_POINT('',(41.3540241867304,1.12551212310791,0.));
#5759=CARTESIAN_POINT('Ctrl Pts',(41.3540241867304,1.12551212310791,0.2));
#5760=CARTESIAN_POINT('Ctrl Pts',(41.2056991441301,1.03026302189824,0.2));
#5761=CARTESIAN_POINT('Ctrl Pts',(40.8759801447563,0.818529131305343,0.2));
#5762=CARTESIAN_POINT('Ctrl Pts',(40.4825010181504,0.80534352663252,0.2));
#5763=CARTESIAN_POINT('Ctrl Pts',(40.2660296112299,0.798089504241943,0.2));
#5764=CARTESIAN_POINT('Ctrl Pts',(41.7257831245661,1.94406509399414,0.));
#5765=CARTESIAN_POINT('Ctrl Pts',(41.7257831245661,1.94406509399414,0.2));
#5766=CARTESIAN_POINT('Ctrl Pts',(41.7101407844779,1.78704190906491,0.));
#5767=CARTESIAN_POINT('Ctrl Pts',(41.7101407844779,1.78704190906491,0.2));
#5768=CARTESIAN_POINT('Ctrl Pts',(41.6787785341214,1.47221686308401,0.));
#5769=CARTESIAN_POINT('Ctrl Pts',(41.6787785341214,1.47221686308401,0.2));
#5770=CARTESIAN_POINT('Ctrl Pts',(41.4624539854583,1.24127077414868,0.));
#5771=CARTESIAN_POINT('Ctrl Pts',(41.4624539854583,1.24127077414868,0.2));
#5772=CARTESIAN_POINT('Ctrl Pts',(41.3540241867304,1.12551212310791,0.));
#5773=CARTESIAN_POINT('Ctrl Pts',(41.3540241867304,1.12551212310791,0.2));
#5774=CARTESIAN_POINT('',(41.7257831245661,1.94406509399414,0.));
#5775=CARTESIAN_POINT('Ctrl Pts',(41.7257831245661,1.94406509399414,0.));
#5776=CARTESIAN_POINT('Ctrl Pts',(41.7101407844779,1.78704190906491,0.));
#5777=CARTESIAN_POINT('Ctrl Pts',(41.6787785341214,1.47221686308401,0.));
#5778=CARTESIAN_POINT('Ctrl Pts',(41.4624539854583,1.24127077414868,0.));
#5779=CARTESIAN_POINT('Ctrl Pts',(41.3540241867304,1.12551212310791,0.));
#5780=CARTESIAN_POINT('',(41.7257831245661,1.94406509399414,0.2));
#5781=CARTESIAN_POINT('',(41.7257831245661,1.94406509399414,0.));
#5782=CARTESIAN_POINT('Ctrl Pts',(41.7257831245661,1.94406509399414,0.2));
#5783=CARTESIAN_POINT('Ctrl Pts',(41.7101407844779,1.78704190906491,0.2));
#5784=CARTESIAN_POINT('Ctrl Pts',(41.6787785341214,1.47221686308401,0.2));
#5785=CARTESIAN_POINT('Ctrl Pts',(41.4624539854583,1.24127077414868,0.2));
#5786=CARTESIAN_POINT('Ctrl Pts',(41.3540241867304,1.12551212310791,0.2));
#5787=CARTESIAN_POINT('Ctrl Pts',(41.5552518516779,2.52728581428528,0.));
#5788=CARTESIAN_POINT('Ctrl Pts',(41.5552518516779,2.52728581428528,0.2));
#5789=CARTESIAN_POINT('Ctrl Pts',(41.6049889899069,2.43699866958839,0.));
#5790=CARTESIAN_POINT('Ctrl Pts',(41.6049889899069,2.43699866958839,0.2));
#5791=CARTESIAN_POINT('Ctrl Pts',(41.7050914393028,2.25528406647801,0.));
#5792=CARTESIAN_POINT('Ctrl Pts',(41.7050914393028,2.25528406647801,0.2));
#5793=CARTESIAN_POINT('Ctrl Pts',(41.7188571015898,2.04823784390133,0.));
#5794=CARTESIAN_POINT('Ctrl Pts',(41.7188571015898,2.04823784390133,0.2));
#5795=CARTESIAN_POINT('Ctrl Pts',(41.7257831245661,1.94406509399414,0.));
#5796=CARTESIAN_POINT('Ctrl Pts',(41.7257831245661,1.94406509399414,0.2));
#5797=CARTESIAN_POINT('',(41.5552518516779,2.52728581428528,0.));
#5798=CARTESIAN_POINT('Ctrl Pts',(41.5552518516779,2.52728581428528,0.));
#5799=CARTESIAN_POINT('Ctrl Pts',(41.6049889899069,2.43699866958839,0.));
#5800=CARTESIAN_POINT('Ctrl Pts',(41.7050914393028,2.25528406647801,0.));
#5801=CARTESIAN_POINT('Ctrl Pts',(41.7188571015898,2.04823784390133,0.));
#5802=CARTESIAN_POINT('Ctrl Pts',(41.7257831245661,1.94406509399414,0.));
#5803=CARTESIAN_POINT('',(41.5552518516779,2.52728581428528,0.2));
#5804=CARTESIAN_POINT('',(41.5552518516779,2.52728581428528,0.));
#5805=CARTESIAN_POINT('Ctrl Pts',(41.5552518516779,2.52728581428528,0.2));
#5806=CARTESIAN_POINT('Ctrl Pts',(41.6049889899069,2.43699866958839,0.2));
#5807=CARTESIAN_POINT('Ctrl Pts',(41.7050914393028,2.25528406647801,0.2));
#5808=CARTESIAN_POINT('Ctrl Pts',(41.7188571015898,2.04823784390133,0.2));
#5809=CARTESIAN_POINT('Ctrl Pts',(41.7257831245661,1.94406509399414,0.2));
#5810=CARTESIAN_POINT('Ctrl Pts',(41.0709402710199,2.92633056640625,0.));
#5811=CARTESIAN_POINT('Ctrl Pts',(41.0709402710199,2.92633056640625,0.2));
#5812=CARTESIAN_POINT('Ctrl Pts',(41.168854190906,2.87667484844635,0.));
#5813=CARTESIAN_POINT('Ctrl Pts',(41.168854190906,2.87667484844635,0.2));
#5814=CARTESIAN_POINT('Ctrl Pts',(41.3601640323267,2.77965465418197,0.));
#5815=CARTESIAN_POINT('Ctrl Pts',(41.3601640323267,2.77965465418197,0.2));
#5816=CARTESIAN_POINT('Ctrl Pts',(41.4912545286896,2.6100738131094,0.));
#5817=CARTESIAN_POINT('Ctrl Pts',(41.4912545286896,2.6100738131094,0.2));
#5818=CARTESIAN_POINT('Ctrl Pts',(41.5552518516779,2.52728581428528,0.));
#5819=CARTESIAN_POINT('Ctrl Pts',(41.5552518516779,2.52728581428528,0.2));
#5820=CARTESIAN_POINT('',(41.0709402710199,2.92633056640625,0.));
#5821=CARTESIAN_POINT('Ctrl Pts',(41.0709402710199,2.92633056640625,0.));
#5822=CARTESIAN_POINT('Ctrl Pts',(41.168854190906,2.87667484844635,0.));
#5823=CARTESIAN_POINT('Ctrl Pts',(41.3601640323267,2.77965465418197,0.));
#5824=CARTESIAN_POINT('Ctrl Pts',(41.4912545286896,2.6100738131094,0.));
#5825=CARTESIAN_POINT('Ctrl Pts',(41.5552518516779,2.52728581428528,0.));
#5826=CARTESIAN_POINT('',(41.0709402710199,2.92633056640625,0.2));
#5827=CARTESIAN_POINT('',(41.0709402710199,2.92633056640625,0.));
#5828=CARTESIAN_POINT('Ctrl Pts',(41.0709402710199,2.92633056640625,0.2));
#5829=CARTESIAN_POINT('Ctrl Pts',(41.168854190906,2.87667484844635,0.2));
#5830=CARTESIAN_POINT('Ctrl Pts',(41.3601640323267,2.77965465418197,0.2));
#5831=CARTESIAN_POINT('Ctrl Pts',(41.4912545286896,2.6100738131094,0.2));
#5832=CARTESIAN_POINT('Ctrl Pts',(41.5552518516779,2.52728581428528,0.2));
#5833=CARTESIAN_POINT('Ctrl Pts',(39.9999997764826,3.17189633846283,0.));
#5834=CARTESIAN_POINT('Ctrl Pts',(39.9999997764826,3.17189633846283,0.2));
#5835=CARTESIAN_POINT('Ctrl Pts',(40.21725669369,3.14077268798553,0.));
#5836=CARTESIAN_POINT('Ctrl Pts',(40.21725669369,3.14077268798553,0.2));
#5837=CARTESIAN_POINT('Ctrl Pts',(40.5814041824071,3.08860588332542,0.));
#5838=CARTESIAN_POINT('Ctrl Pts',(40.5814041824071,3.08860588332542,0.2));
#5839=CARTESIAN_POINT('Ctrl Pts',(40.9302301333072,2.97297428220619,0.));
#5840=CARTESIAN_POINT('Ctrl Pts',(40.9302301333072,2.97297428220619,0.2));
#5841=CARTESIAN_POINT('Ctrl Pts',(41.0709402710199,2.92633056640625,0.));
#5842=CARTESIAN_POINT('Ctrl Pts',(41.0709402710199,2.92633056640625,0.2));
#5843=CARTESIAN_POINT('',(39.9999997764826,3.17189633846283,0.));
#5844=CARTESIAN_POINT('Ctrl Pts',(39.9999997764826,3.17189633846283,0.));
#5845=CARTESIAN_POINT('Ctrl Pts',(40.21725669369,3.14077268798553,0.));
#5846=CARTESIAN_POINT('Ctrl Pts',(40.5814041824071,3.08860588332542,0.));
#5847=CARTESIAN_POINT('Ctrl Pts',(40.9302301333072,2.97297428220619,0.));
#5848=CARTESIAN_POINT('Ctrl Pts',(41.0709402710199,2.92633056640625,0.));
#5849=CARTESIAN_POINT('',(39.9999997764826,3.17189633846283,0.2));
#5850=CARTESIAN_POINT('',(39.9999997764826,3.17189633846283,0.));
#5851=CARTESIAN_POINT('Ctrl Pts',(39.9999997764826,3.17189633846283,0.2));
#5852=CARTESIAN_POINT('Ctrl Pts',(40.21725669369,3.14077268798553,0.2));
#5853=CARTESIAN_POINT('Ctrl Pts',(40.5814041824071,3.08860588332542,0.2));
#5854=CARTESIAN_POINT('Ctrl Pts',(40.9302301333072,2.97297428220619,0.2));
#5855=CARTESIAN_POINT('Ctrl Pts',(41.0709402710199,2.92633056640625,0.2));
#5856=CARTESIAN_POINT('Ctrl Pts',(37.9945418983698,3.63574385643005,0.));
#5857=CARTESIAN_POINT('Ctrl Pts',(37.9945418983698,3.63574385643005,0.2));
#5858=CARTESIAN_POINT('Ctrl Pts',(38.271428914002,3.54476112291819,0.));
#5859=CARTESIAN_POINT('Ctrl Pts',(38.271428914002,3.54476112291819,0.2));
#5860=CARTESIAN_POINT('Ctrl Pts',(38.9254141434349,3.32986710300781,0.));
#5861=CARTESIAN_POINT('Ctrl Pts',(38.9254141434349,3.32986710300781,0.2));
#5862=CARTESIAN_POINT('Ctrl Pts',(39.6069915040121,3.22967099630801,0.));
#5863=CARTESIAN_POINT('Ctrl Pts',(39.6069915040121,3.22967099630801,0.2));
#5864=CARTESIAN_POINT('Ctrl Pts',(39.9999997764826,3.17189633846283,0.));
#5865=CARTESIAN_POINT('Ctrl Pts',(39.9999997764826,3.17189633846283,0.2));
#5866=CARTESIAN_POINT('',(37.9945418983698,3.63574385643005,0.));
#5867=CARTESIAN_POINT('Ctrl Pts',(37.9945418983698,3.63574385643005,0.));
#5868=CARTESIAN_POINT('Ctrl Pts',(38.271428914002,3.54476112291819,0.));
#5869=CARTESIAN_POINT('Ctrl Pts',(38.9254141434349,3.32986710300781,0.));
#5870=CARTESIAN_POINT('Ctrl Pts',(39.6069915040121,3.22967099630801,0.));
#5871=CARTESIAN_POINT('Ctrl Pts',(39.9999997764826,3.17189633846283,0.));
#5872=CARTESIAN_POINT('',(37.9945418983698,3.63574385643005,0.2));
#5873=CARTESIAN_POINT('',(37.9945418983698,3.63574385643005,0.));
#5874=CARTESIAN_POINT('Ctrl Pts',(37.9945418983698,3.63574385643005,0.2));
#5875=CARTESIAN_POINT('Ctrl Pts',(38.271428914002,3.54476112291819,0.2));
#5876=CARTESIAN_POINT('Ctrl Pts',(38.9254141434349,3.32986710300781,0.2));
#5877=CARTESIAN_POINT('Ctrl Pts',(39.6069915040121,3.22967099630801,0.2));
#5878=CARTESIAN_POINT('Ctrl Pts',(39.9999997764826,3.17189633846283,0.2));
#5879=CARTESIAN_POINT('Origin',(37.9945418983698,3.18553924560547,0.));
#5880=CARTESIAN_POINT('',(37.9945418983698,-17.1272303771973,0.));
#5881=CARTESIAN_POINT('',(37.9945418983698,3.18553924560547,0.2));
#5882=CARTESIAN_POINT('Origin',(36.3642571121454,0.,0.));
#5883=CARTESIAN_POINT('',(36.3642571121454,0.,0.));
#5884=CARTESIAN_POINT('',(37.6466581970453,0.,0.));
#5885=CARTESIAN_POINT('',(32.6871285560727,0.,0.));
#5886=CARTESIAN_POINT('',(36.3642571121454,0.,0.2));
#5887=CARTESIAN_POINT('',(36.3642571121454,0.,0.));
#5888=CARTESIAN_POINT('',(37.6466581970453,0.,0.2));
#5889=CARTESIAN_POINT('',(36.3642571121454,0.,0.2));
#5890=CARTESIAN_POINT('',(37.6466581970453,0.,0.));
#5891=CARTESIAN_POINT('Ctrl Pts',(36.6746232658625,0.869714021682739,0.));
#5892=CARTESIAN_POINT('Ctrl Pts',(36.6746232658625,0.869714021682739,0.2));
#5893=CARTESIAN_POINT('Ctrl Pts',(36.6417477086473,0.719477154673147,0.));
#5894=CARTESIAN_POINT('Ctrl Pts',(36.6417477086473,0.719477154673147,0.2));
#5895=CARTESIAN_POINT('Ctrl Pts',(36.5754171063135,0.416355239011712,0.));
#5896=CARTESIAN_POINT('Ctrl Pts',(36.5754171063135,0.416355239011712,0.2));
#5897=CARTESIAN_POINT('Ctrl Pts',(36.4350525352599,0.139591050037176,0.));
#5898=CARTESIAN_POINT('Ctrl Pts',(36.4350525352599,0.139591050037176,0.2));
#5899=CARTESIAN_POINT('Ctrl Pts',(36.3642571121454,0.,0.));
#5900=CARTESIAN_POINT('Ctrl Pts',(36.3642571121454,0.,0.2));
#5901=CARTESIAN_POINT('',(36.6746232658625,0.869714021682739,0.));
#5902=CARTESIAN_POINT('Ctrl Pts',(36.6746232658625,0.869714021682739,0.));
#5903=CARTESIAN_POINT('Ctrl Pts',(36.6417477086473,0.719477154673147,0.));
#5904=CARTESIAN_POINT('Ctrl Pts',(36.5754171063135,0.416355239011712,0.));
#5905=CARTESIAN_POINT('Ctrl Pts',(36.4350525352599,0.139591050037176,0.));
#5906=CARTESIAN_POINT('Ctrl Pts',(36.3642571121454,0.,0.));
#5907=CARTESIAN_POINT('',(36.6746232658625,0.869714021682739,0.2));
#5908=CARTESIAN_POINT('',(36.6746232658625,0.869714021682739,0.));
#5909=CARTESIAN_POINT('Ctrl Pts',(36.6746232658625,0.869714021682739,0.2));
#5910=CARTESIAN_POINT('Ctrl Pts',(36.6417477086473,0.719477154673147,0.2));
#5911=CARTESIAN_POINT('Ctrl Pts',(36.5754171063135,0.416355239011712,0.2));
#5912=CARTESIAN_POINT('Ctrl Pts',(36.4350525352599,0.139591050037176,0.2));
#5913=CARTESIAN_POINT('Ctrl Pts',(36.3642571121454,0.,0.2));
#5914=CARTESIAN_POINT('Ctrl Pts',(36.7530701309443,3.03547084331512,0.));
#5915=CARTESIAN_POINT('Ctrl Pts',(36.7530701309443,3.03547084331512,0.2));
#5916=CARTESIAN_POINT('Ctrl Pts',(36.7558917451211,2.56921049022977,0.));
#5917=CARTESIAN_POINT('Ctrl Pts',(36.7558917451211,2.56921049022977,0.2));
#5918=CARTESIAN_POINT('Ctrl Pts',(36.7602688606762,1.84590981329697,0.));
#5919=CARTESIAN_POINT('Ctrl Pts',(36.7602688606762,1.84590981329697,0.2));
#5920=CARTESIAN_POINT('Ctrl Pts',(36.6970790964454,1.12566749319451,0.));
#5921=CARTESIAN_POINT('Ctrl Pts',(36.6970790964454,1.12566749319451,0.2));
#5922=CARTESIAN_POINT('Ctrl Pts',(36.6746232658625,0.869714021682739,0.));
#5923=CARTESIAN_POINT('Ctrl Pts',(36.6746232658625,0.869714021682739,0.2));
#5924=CARTESIAN_POINT('',(36.7530701309443,3.03547084331512,0.));
#5925=CARTESIAN_POINT('Ctrl Pts',(36.7530701309443,3.03547084331512,0.));
#5926=CARTESIAN_POINT('Ctrl Pts',(36.7558917451211,2.56921049022977,0.));
#5927=CARTESIAN_POINT('Ctrl Pts',(36.7602688606762,1.84590981329697,0.));
#5928=CARTESIAN_POINT('Ctrl Pts',(36.6970790964454,1.12566749319451,0.));
#5929=CARTESIAN_POINT('Ctrl Pts',(36.6746232658625,0.869714021682739,0.));
#5930=CARTESIAN_POINT('',(36.7530701309443,3.03547084331512,0.2));
#5931=CARTESIAN_POINT('',(36.7530701309443,3.03547084331512,0.));
#5932=CARTESIAN_POINT('Ctrl Pts',(36.7530701309443,3.03547084331512,0.2));
#5933=CARTESIAN_POINT('Ctrl Pts',(36.7558917451211,2.56921049022977,0.2));
#5934=CARTESIAN_POINT('Ctrl Pts',(36.7602688606762,1.84590981329697,0.2));
#5935=CARTESIAN_POINT('Ctrl Pts',(36.6970790964454,1.12566749319451,0.2));
#5936=CARTESIAN_POINT('Ctrl Pts',(36.6746232658625,0.869714021682739,0.2));
#5937=CARTESIAN_POINT('Origin',(36.7530701309443,4.67257857322693,0.));
#5938=CARTESIAN_POINT('',(36.7530701309443,4.67257857322693,0.));
#5939=CARTESIAN_POINT('',(36.7530701309443,-16.3837107133865,0.));
#5940=CARTESIAN_POINT('',(36.7530701309443,4.67257857322693,0.2));
#5941=CARTESIAN_POINT('',(36.7530701309443,4.67257857322693,0.));
#5942=CARTESIAN_POINT('',(36.7530701309443,4.67257857322693,0.2));
#5943=CARTESIAN_POINT('Ctrl Pts',(36.8144605308771,5.80491125583649,0.));
#5944=CARTESIAN_POINT('Ctrl Pts',(36.8144605308771,5.80491125583649,0.2));
#5945=CARTESIAN_POINT('Ctrl Pts',(36.796759445116,5.65840264379826,0.));
#5946=CARTESIAN_POINT('Ctrl Pts',(36.796759445116,5.65840264379826,0.2));
#5947=CARTESIAN_POINT('Ctrl Pts',(36.7513476539319,5.28253764961849,0.));
#5948=CARTESIAN_POINT('Ctrl Pts',(36.7513476539319,5.28253764961849,0.2));
#5949=CARTESIAN_POINT('Ctrl Pts',(36.7524173762476,4.90373036741156,0.));
#5950=CARTESIAN_POINT('Ctrl Pts',(36.7524173762476,4.90373036741156,0.2));
#5951=CARTESIAN_POINT('Ctrl Pts',(36.7530701309443,4.67257857322693,0.));
#5952=CARTESIAN_POINT('Ctrl Pts',(36.7530701309443,4.67257857322693,0.2));
#5953=CARTESIAN_POINT('',(36.8144605308771,5.80491125583649,0.));
#5954=CARTESIAN_POINT('Ctrl Pts',(36.8144605308771,5.80491125583649,0.));
#5955=CARTESIAN_POINT('Ctrl Pts',(36.796759445116,5.65840264379826,0.));
#5956=CARTESIAN_POINT('Ctrl Pts',(36.7513476539319,5.28253764961849,0.));
#5957=CARTESIAN_POINT('Ctrl Pts',(36.7524173762476,4.90373036741156,0.));
#5958=CARTESIAN_POINT('Ctrl Pts',(36.7530701309443,4.67257857322693,0.));
#5959=CARTESIAN_POINT('',(36.8144605308771,5.80491125583649,0.2));
#5960=CARTESIAN_POINT('',(36.8144605308771,5.80491125583649,0.));
#5961=CARTESIAN_POINT('Ctrl Pts',(36.8144605308771,5.80491125583649,0.2));
#5962=CARTESIAN_POINT('Ctrl Pts',(36.796759445116,5.65840264379826,0.2));
#5963=CARTESIAN_POINT('Ctrl Pts',(36.7513476539319,5.28253764961849,0.2));
#5964=CARTESIAN_POINT('Ctrl Pts',(36.7524173762476,4.90373036741156,0.2));
#5965=CARTESIAN_POINT('Ctrl Pts',(36.7530701309443,4.67257857322693,0.2));
#5966=CARTESIAN_POINT('Ctrl Pts',(37.1964523941278,6.64051830768585,0.));
#5967=CARTESIAN_POINT('Ctrl Pts',(37.1964523941278,6.64051830768585,0.2));
#5968=CARTESIAN_POINT('Ctrl Pts',(37.1115551193015,6.51926876581558,0.));
#5969=CARTESIAN_POINT('Ctrl Pts',(37.1115551193015,6.51926876581558,0.2));
#5970=CARTESIAN_POINT('Ctrl Pts',(36.9331344055115,6.26444987025675,0.));
#5971=CARTESIAN_POINT('Ctrl Pts',(36.9331344055115,6.26444987025675,0.2));
#5972=CARTESIAN_POINT('Ctrl Pts',(36.8552732814311,5.96294970278228,0.));
#5973=CARTESIAN_POINT('Ctrl Pts',(36.8552732814311,5.96294970278228,0.2));
#5974=CARTESIAN_POINT('Ctrl Pts',(36.8144605308771,5.80491125583649,0.));
#5975=CARTESIAN_POINT('Ctrl Pts',(36.8144605308771,5.80491125583649,0.2));
#5976=CARTESIAN_POINT('',(37.1964523941278,6.64051830768585,0.));
#5977=CARTESIAN_POINT('Ctrl Pts',(37.1964523941278,6.64051830768585,0.));
#5978=CARTESIAN_POINT('Ctrl Pts',(37.1115551193015,6.51926876581558,0.));
#5979=CARTESIAN_POINT('Ctrl Pts',(36.9331344055115,6.26444987025675,0.));
#5980=CARTESIAN_POINT('Ctrl Pts',(36.8552732814311,5.96294970278228,0.));
#5981=CARTESIAN_POINT('Ctrl Pts',(36.8144605308771,5.80491125583649,0.));
#5982=CARTESIAN_POINT('',(37.1964523941278,6.64051830768585,0.2));
#5983=CARTESIAN_POINT('',(37.1964523941278,6.64051830768585,0.));
#5984=CARTESIAN_POINT('Ctrl Pts',(37.1964523941278,6.64051830768585,0.2));
#5985=CARTESIAN_POINT('Ctrl Pts',(37.1115551193015,6.51926876581558,0.2));
#5986=CARTESIAN_POINT('Ctrl Pts',(36.9331344055115,6.26444987025675,0.2));
#5987=CARTESIAN_POINT('Ctrl Pts',(36.8552732814311,5.96294970278228,0.2));
#5988=CARTESIAN_POINT('Ctrl Pts',(36.8144605308771,5.80491125583649,0.2));
#5989=CARTESIAN_POINT('Ctrl Pts',(38.0491135269403,7.18963146209717,0.));
#5990=CARTESIAN_POINT('Ctrl Pts',(38.0491135269403,7.18963146209717,0.2));
#5991=CARTESIAN_POINT('Ctrl Pts',(37.8741579939952,7.11847191014334,0.));
#5992=CARTESIAN_POINT('Ctrl Pts',(37.8741579939952,7.11847191014334,0.2));
#5993=CARTESIAN_POINT('Ctrl Pts',(37.5547776110629,6.9885705313774,0.));
#5994=CARTESIAN_POINT('Ctrl Pts',(37.5547776110629,6.9885705313774,0.2));
#5995=CARTESIAN_POINT('Ctrl Pts',(37.3080316994684,6.74889869373268,0.));
#5996=CARTESIAN_POINT('Ctrl Pts',(37.3080316994684,6.74889869373268,0.2));
#5997=CARTESIAN_POINT('Ctrl Pts',(37.1964523941278,6.64051830768585,0.));
#5998=CARTESIAN_POINT('Ctrl Pts',(37.1964523941278,6.64051830768585,0.2));
#5999=CARTESIAN_POINT('',(38.0491135269403,7.18963146209717,0.));
#6000=CARTESIAN_POINT('Ctrl Pts',(38.0491135269403,7.18963146209717,0.));
#6001=CARTESIAN_POINT('Ctrl Pts',(37.8741579939952,7.11847191014334,0.));
#6002=CARTESIAN_POINT('Ctrl Pts',(37.5547776110629,6.9885705313774,0.));
#6003=CARTESIAN_POINT('Ctrl Pts',(37.3080316994684,6.74889869373268,0.));
#6004=CARTESIAN_POINT('Ctrl Pts',(37.1964523941278,6.64051830768585,0.));
#6005=CARTESIAN_POINT('',(38.0491135269403,7.18963146209717,0.2));
#6006=CARTESIAN_POINT('',(38.0491135269403,7.18963146209717,0.));
#6007=CARTESIAN_POINT('Ctrl Pts',(38.0491135269403,7.18963146209717,0.2));
#6008=CARTESIAN_POINT('Ctrl Pts',(37.8741579939952,7.11847191014334,0.2));
#6009=CARTESIAN_POINT('Ctrl Pts',(37.5547776110629,6.9885705313774,0.2));
#6010=CARTESIAN_POINT('Ctrl Pts',(37.3080316994684,6.74889869373268,0.2));
#6011=CARTESIAN_POINT('Ctrl Pts',(37.1964523941278,6.64051830768585,0.2));
#6012=CARTESIAN_POINT('Ctrl Pts',(39.5566151291132,7.40791261196136,0.));
#6013=CARTESIAN_POINT('Ctrl Pts',(39.5566151291132,7.40791261196136,0.2));
#6014=CARTESIAN_POINT('Ctrl Pts',(39.2743057040711,7.40315890301491,0.));
#6015=CARTESIAN_POINT('Ctrl Pts',(39.2743057040711,7.40315890301491,0.2));
#6016=CARTESIAN_POINT('Ctrl Pts',(38.761929372426,7.39453117848419,0.));
#6017=CARTESIAN_POINT('Ctrl Pts',(38.761929372426,7.39453117848419,0.2));
#6018=CARTESIAN_POINT('Ctrl Pts',(38.2699995531037,7.25312539871679,0.));
#6019=CARTESIAN_POINT('Ctrl Pts',(38.2699995531037,7.25312539871679,0.2));
#6020=CARTESIAN_POINT('Ctrl Pts',(38.0491135269403,7.18963146209717,0.));
#6021=CARTESIAN_POINT('Ctrl Pts',(38.0491135269403,7.18963146209717,0.2));
#6022=CARTESIAN_POINT('',(39.5566151291132,7.40791261196136,0.));
#6023=CARTESIAN_POINT('Ctrl Pts',(39.5566151291132,7.40791261196136,0.));
#6024=CARTESIAN_POINT('Ctrl Pts',(39.2743057040711,7.40315890301491,0.));
#6025=CARTESIAN_POINT('Ctrl Pts',(38.761929372426,7.39453117848419,0.));
#6026=CARTESIAN_POINT('Ctrl Pts',(38.2699995531037,7.25312539871679,0.));
#6027=CARTESIAN_POINT('Ctrl Pts',(38.0491135269403,7.18963146209717,0.));
#6028=CARTESIAN_POINT('',(39.5566151291132,7.40791261196136,0.2));
#6029=CARTESIAN_POINT('',(39.5566151291132,7.40791261196136,0.));
#6030=CARTESIAN_POINT('Ctrl Pts',(39.5566151291132,7.40791261196136,0.2));
#6031=CARTESIAN_POINT('Ctrl Pts',(39.2743057040711,7.40315890301491,0.2));
#6032=CARTESIAN_POINT('Ctrl Pts',(38.761929372426,7.39453117848419,0.2));
#6033=CARTESIAN_POINT('Ctrl Pts',(38.2699995531037,7.25312539871679,0.2));
#6034=CARTESIAN_POINT('Ctrl Pts',(38.0491135269403,7.18963146209717,0.2));
#6035=CARTESIAN_POINT('Ctrl Pts',(41.2005446106195,7.15211451053619,0.));
#6036=CARTESIAN_POINT('Ctrl Pts',(41.2005446106195,7.15211451053619,0.2));
#6037=CARTESIAN_POINT('Ctrl Pts',(40.9470155830235,7.22666184794219,0.));
#6038=CARTESIAN_POINT('Ctrl Pts',(40.9470155830235,7.22666184794219,0.2));
#6039=CARTESIAN_POINT('Ctrl Pts',(40.4106625600932,7.38437037602769,0.));
#6040=CARTESIAN_POINT('Ctrl Pts',(40.4106625600932,7.38437037602769,0.2));
#6041=CARTESIAN_POINT('Ctrl Pts',(39.8514782676647,7.39978456505891,0.));
#6042=CARTESIAN_POINT('Ctrl Pts',(39.8514782676647,7.39978456505891,0.2));
#6043=CARTESIAN_POINT('Ctrl Pts',(39.5566151291132,7.40791261196136,0.));
#6044=CARTESIAN_POINT('Ctrl Pts',(39.5566151291132,7.40791261196136,0.2));
#6045=CARTESIAN_POINT('',(41.2005446106195,7.15211451053619,0.));
#6046=CARTESIAN_POINT('Ctrl Pts',(41.2005446106195,7.15211451053619,0.));
#6047=CARTESIAN_POINT('Ctrl Pts',(40.9470155830235,7.22666184794219,0.));
#6048=CARTESIAN_POINT('Ctrl Pts',(40.4106625600932,7.38437037602769,0.));
#6049=CARTESIAN_POINT('Ctrl Pts',(39.8514782676647,7.39978456505891,0.));
#6050=CARTESIAN_POINT('Ctrl Pts',(39.5566151291132,7.40791261196136,0.));
#6051=CARTESIAN_POINT('',(41.2005446106195,7.15211451053619,0.2));
#6052=CARTESIAN_POINT('',(41.2005446106195,7.15211451053619,0.));
#6053=CARTESIAN_POINT('Ctrl Pts',(41.2005446106195,7.15211451053619,0.2));
#6054=CARTESIAN_POINT('Ctrl Pts',(40.9470155830235,7.22666184794219,0.2));
#6055=CARTESIAN_POINT('Ctrl Pts',(40.4106625600932,7.38437037602769,0.2));
#6056=CARTESIAN_POINT('Ctrl Pts',(39.8514782676647,7.39978456505891,0.2));
#6057=CARTESIAN_POINT('Ctrl Pts',(39.5566151291132,7.40791261196136,0.2));
#6058=CARTESIAN_POINT('Ctrl Pts',(42.285128608346,6.4222377538681,0.));
#6059=CARTESIAN_POINT('Ctrl Pts',(42.285128608346,6.4222377538681,0.2));
#6060=CARTESIAN_POINT('Ctrl Pts',(42.1399226310177,6.57332201406724,0.));
#6061=CARTESIAN_POINT('Ctrl Pts',(42.1399226310177,6.57332201406724,0.2));
#6062=CARTESIAN_POINT('Ctrl Pts',(41.8315347805492,6.89419413723803,0.));
#6063=CARTESIAN_POINT('Ctrl Pts',(41.8315347805492,6.89419413723803,0.2));
#6064=CARTESIAN_POINT('Ctrl Pts',(41.4188922964595,7.06286380692077,0.));
#6065=CARTESIAN_POINT('Ctrl Pts',(41.4188922964595,7.06286380692077,0.2));
#6066=CARTESIAN_POINT('Ctrl Pts',(41.2005446106195,7.15211451053619,0.));
#6067=CARTESIAN_POINT('Ctrl Pts',(41.2005446106195,7.15211451053619,0.2));
#6068=CARTESIAN_POINT('',(42.285128608346,6.4222377538681,0.));
#6069=CARTESIAN_POINT('Ctrl Pts',(42.285128608346,6.4222377538681,0.));
#6070=CARTESIAN_POINT('Ctrl Pts',(42.1399226310177,6.57332201406724,0.));
#6071=CARTESIAN_POINT('Ctrl Pts',(41.8315347805492,6.89419413723803,0.));
#6072=CARTESIAN_POINT('Ctrl Pts',(41.4188922964595,7.06286380692077,0.));
#6073=CARTESIAN_POINT('Ctrl Pts',(41.2005446106195,7.15211451053619,0.));
#6074=CARTESIAN_POINT('',(42.285128608346,6.4222377538681,0.2));
#6075=CARTESIAN_POINT('',(42.285128608346,6.4222377538681,0.));
#6076=CARTESIAN_POINT('Ctrl Pts',(42.285128608346,6.4222377538681,0.2));
#6077=CARTESIAN_POINT('Ctrl Pts',(42.1399226310177,6.57332201406724,0.2));
#6078=CARTESIAN_POINT('Ctrl Pts',(41.8315347805492,6.89419413723803,0.2));
#6079=CARTESIAN_POINT('Ctrl Pts',(41.4188922964595,7.06286380692077,0.2));
#6080=CARTESIAN_POINT('Ctrl Pts',(41.2005446106195,7.15211451053619,0.2));
#6081=CARTESIAN_POINT('Ctrl Pts',(42.8240106254816,5.17735362052917,0.));
#6082=CARTESIAN_POINT('Ctrl Pts',(42.8240106254816,5.17735362052917,0.2));
#6083=CARTESIAN_POINT('Ctrl Pts',(42.7654536995659,5.41559224385741,0.));
#6084=CARTESIAN_POINT('Ctrl Pts',(42.7654536995659,5.41559224385741,0.2));
#6085=CARTESIAN_POINT('Ctrl Pts',(42.6558475615589,5.86152438627724,0.));
#6086=CARTESIAN_POINT('Ctrl Pts',(42.6558475615589,5.86152438627724,0.2));
#6087=CARTESIAN_POINT('Ctrl Pts',(42.4029268046541,6.24406767981171,0.));
#6088=CARTESIAN_POINT('Ctrl Pts',(42.4029268046541,6.24406767981171,0.2));
#6089=CARTESIAN_POINT('Ctrl Pts',(42.285128608346,6.4222377538681,0.));
#6090=CARTESIAN_POINT('Ctrl Pts',(42.285128608346,6.4222377538681,0.2));
#6091=CARTESIAN_POINT('',(42.8240106254816,5.17735362052917,0.));
#6092=CARTESIAN_POINT('Ctrl Pts',(42.8240106254816,5.17735362052917,0.));
#6093=CARTESIAN_POINT('Ctrl Pts',(42.7654536995659,5.41559224385741,0.));
#6094=CARTESIAN_POINT('Ctrl Pts',(42.6558475615589,5.86152438627724,0.));
#6095=CARTESIAN_POINT('Ctrl Pts',(42.4029268046541,6.24406767981171,0.));
#6096=CARTESIAN_POINT('Ctrl Pts',(42.285128608346,6.4222377538681,0.));
#6097=CARTESIAN_POINT('',(42.8240106254816,5.17735362052917,0.2));
#6098=CARTESIAN_POINT('',(42.8240106254816,5.17735362052917,0.));
#6099=CARTESIAN_POINT('Ctrl Pts',(42.8240106254816,5.17735362052917,0.2));
#6100=CARTESIAN_POINT('Ctrl Pts',(42.7654536995659,5.41559224385741,0.2));
#6101=CARTESIAN_POINT('Ctrl Pts',(42.6558475615589,5.86152438627724,0.2));
#6102=CARTESIAN_POINT('Ctrl Pts',(42.4029268046541,6.24406767981171,0.2));
#6103=CARTESIAN_POINT('Ctrl Pts',(42.285128608346,6.4222377538681,0.2));
#6104=CARTESIAN_POINT('Origin',(41.6234645992517,5.01364290714264,0.));
#6105=CARTESIAN_POINT('',(41.6234645992517,5.01364290714264,0.));
#6106=CARTESIAN_POINT('',(32.5901424305149,3.78182706319833,0.));
#6107=CARTESIAN_POINT('',(41.6234645992517,5.01364290714264,0.2));
#6108=CARTESIAN_POINT('',(41.6234645992517,5.01364290714264,0.));
#6109=CARTESIAN_POINT('',(41.6234645992517,5.01364290714264,0.2));
#6110=CARTESIAN_POINT('Ctrl Pts',(41.0129592567682,6.08799457550049,0.));
#6111=CARTESIAN_POINT('Ctrl Pts',(41.0129592567682,6.08799457550049,0.2));
#6112=CARTESIAN_POINT('Ctrl Pts',(41.144415707113,5.95489871413213,0.));
#6113=CARTESIAN_POINT('Ctrl Pts',(41.144415707113,5.95489871413213,0.2));
#6114=CARTESIAN_POINT('Ctrl Pts',(41.4425046240339,5.65309229034781,0.));
#6115=CARTESIAN_POINT('Ctrl Pts',(41.4425046240339,5.65309229034781,0.2));
#6116=CARTESIAN_POINT('Ctrl Pts',(41.5585788244781,5.24292658497179,0.));
#6117=CARTESIAN_POINT('Ctrl Pts',(41.5585788244781,5.24292658497179,0.2));
#6118=CARTESIAN_POINT('Ctrl Pts',(41.6234645992517,5.01364290714264,0.));
#6119=CARTESIAN_POINT('Ctrl Pts',(41.6234645992517,5.01364290714264,0.2));
#6120=CARTESIAN_POINT('',(41.0129592567682,6.08799457550049,0.));
#6121=CARTESIAN_POINT('Ctrl Pts',(41.0129592567682,6.08799457550049,0.));
#6122=CARTESIAN_POINT('Ctrl Pts',(41.144415707113,5.95489871413213,0.));
#6123=CARTESIAN_POINT('Ctrl Pts',(41.4425046240339,5.65309229034781,0.));
#6124=CARTESIAN_POINT('Ctrl Pts',(41.5585788244781,5.24292658497179,0.));
#6125=CARTESIAN_POINT('Ctrl Pts',(41.6234645992517,5.01364290714264,0.));
#6126=CARTESIAN_POINT('',(41.0129592567682,6.08799457550049,0.2));
#6127=CARTESIAN_POINT('',(41.0129592567682,6.08799457550049,0.));
#6128=CARTESIAN_POINT('Ctrl Pts',(41.0129592567682,6.08799457550049,0.2));
#6129=CARTESIAN_POINT('Ctrl Pts',(41.144415707113,5.95489871413213,0.2));
#6130=CARTESIAN_POINT('Ctrl Pts',(41.4425046240339,5.65309229034781,0.2));
#6131=CARTESIAN_POINT('Ctrl Pts',(41.5585788244781,5.24292658497179,0.2));
#6132=CARTESIAN_POINT('Ctrl Pts',(41.6234645992517,5.01364290714264,0.2));
#6133=CARTESIAN_POINT('Ctrl Pts',(39.7339699417353,6.39154195785522,0.));
#6134=CARTESIAN_POINT('Ctrl Pts',(39.7339699417353,6.39154195785522,0.2));
#6135=CARTESIAN_POINT('Ctrl Pts',(39.9904766504786,6.38754912221544,0.));
#6136=CARTESIAN_POINT('Ctrl Pts',(39.9904766504786,6.38754912221544,0.2));
#6137=CARTESIAN_POINT('Ctrl Pts',(40.4412956540652,6.3805315818422,0.));
#6138=CARTESIAN_POINT('Ctrl Pts',(40.4412956540652,6.3805315818422,0.2));
#6139=CARTESIAN_POINT('Ctrl Pts',(40.8407752892721,6.17610615397635,0.));
#6140=CARTESIAN_POINT('Ctrl Pts',(40.8407752892721,6.17610615397635,0.2));
#6141=CARTESIAN_POINT('Ctrl Pts',(41.0129592567682,6.08799457550049,0.));
#6142=CARTESIAN_POINT('Ctrl Pts',(41.0129592567682,6.08799457550049,0.2));
#6143=CARTESIAN_POINT('',(39.7339699417353,6.39154195785522,0.));
#6144=CARTESIAN_POINT('Ctrl Pts',(39.7339699417353,6.39154195785522,0.));
#6145=CARTESIAN_POINT('Ctrl Pts',(39.9904766504786,6.38754912221544,0.));
#6146=CARTESIAN_POINT('Ctrl Pts',(40.4412956540652,6.3805315818422,0.));
#6147=CARTESIAN_POINT('Ctrl Pts',(40.8407752892721,6.17610615397635,0.));
#6148=CARTESIAN_POINT('Ctrl Pts',(41.0129592567682,6.08799457550049,0.));
#6149=CARTESIAN_POINT('',(39.7339699417353,6.39154195785522,0.2));
#6150=CARTESIAN_POINT('',(39.7339699417353,6.39154195785522,0.));
#6151=CARTESIAN_POINT('Ctrl Pts',(39.7339699417353,6.39154195785522,0.2));
#6152=CARTESIAN_POINT('Ctrl Pts',(39.9904766504786,6.38754912221544,0.2));
#6153=CARTESIAN_POINT('Ctrl Pts',(40.4412956540652,6.3805315818422,0.2));
#6154=CARTESIAN_POINT('Ctrl Pts',(40.8407752892721,6.17610615397635,0.2));
#6155=CARTESIAN_POINT('Ctrl Pts',(41.0129592567682,6.08799457550049,0.2));
#6156=CARTESIAN_POINT('Ctrl Pts',(38.3356068283319,5.97544372081757,0.));
#6157=CARTESIAN_POINT('Ctrl Pts',(38.3356068283319,5.97544372081757,0.2));
#6158=CARTESIAN_POINT('Ctrl Pts',(38.5251658642836,6.09645396144546,0.));
#6159=CARTESIAN_POINT('Ctrl Pts',(38.5251658642836,6.09645396144546,0.2));
#6160=CARTESIAN_POINT('Ctrl Pts',(38.9492014453066,6.36714877394419,0.));
#6161=CARTESIAN_POINT('Ctrl Pts',(38.9492014453066,6.36714877394419,0.2));
#6162=CARTESIAN_POINT('Ctrl Pts',(39.4545372655069,6.38285627195803,0.));
#6163=CARTESIAN_POINT('Ctrl Pts',(39.4545372655069,6.38285627195803,0.2));
#6164=CARTESIAN_POINT('Ctrl Pts',(39.7339699417353,6.39154195785522,0.));
#6165=CARTESIAN_POINT('Ctrl Pts',(39.7339699417353,6.39154195785522,0.2));
#6166=CARTESIAN_POINT('',(38.3356068283319,5.97544372081757,0.));
#6167=CARTESIAN_POINT('Ctrl Pts',(38.3356068283319,5.97544372081757,0.));
#6168=CARTESIAN_POINT('Ctrl Pts',(38.5251658642836,6.09645396144546,0.));
#6169=CARTESIAN_POINT('Ctrl Pts',(38.9492014453066,6.36714877394419,0.));
#6170=CARTESIAN_POINT('Ctrl Pts',(39.4545372655069,6.38285627195803,0.));
#6171=CARTESIAN_POINT('Ctrl Pts',(39.7339699417353,6.39154195785522,0.));
#6172=CARTESIAN_POINT('',(38.3356068283319,5.97544372081757,0.2));
#6173=CARTESIAN_POINT('',(38.3356068283319,5.97544372081757,0.));
#6174=CARTESIAN_POINT('Ctrl Pts',(38.3356068283319,5.97544372081757,0.2));
#6175=CARTESIAN_POINT('Ctrl Pts',(38.5251658642836,6.09645396144546,0.2));
#6176=CARTESIAN_POINT('Ctrl Pts',(38.9492014453066,6.36714877394419,0.2));
#6177=CARTESIAN_POINT('Ctrl Pts',(39.4545372655069,6.38285627195803,0.2));
#6178=CARTESIAN_POINT('Ctrl Pts',(39.7339699417353,6.39154195785522,0.2));
#6179=CARTESIAN_POINT('Ctrl Pts',(37.9877207428217,4.91814494132996,0.));
#6180=CARTESIAN_POINT('Ctrl Pts',(37.9877207428217,4.91814494132996,0.2));
#6181=CARTESIAN_POINT('Ctrl Pts',(37.9926187191414,5.14001420605953,0.));
#6182=CARTESIAN_POINT('Ctrl Pts',(37.9926187191414,5.14001420605953,0.2));
#6183=CARTESIAN_POINT('Ctrl Pts',(38.0012550370219,5.5312234265782,0.));
#6184=CARTESIAN_POINT('Ctrl Pts',(38.0012550370219,5.5312234265782,0.2));
#6185=CARTESIAN_POINT('Ctrl Pts',(38.23460031552,5.84124631554689,0.));
#6186=CARTESIAN_POINT('Ctrl Pts',(38.23460031552,5.84124631554689,0.2));
#6187=CARTESIAN_POINT('Ctrl Pts',(38.3356068283319,5.97544372081757,0.));
#6188=CARTESIAN_POINT('Ctrl Pts',(38.3356068283319,5.97544372081757,0.2));
#6189=CARTESIAN_POINT('',(37.9877207428217,4.91814494132996,0.));
#6190=CARTESIAN_POINT('Ctrl Pts',(37.9877207428217,4.91814494132996,0.));
#6191=CARTESIAN_POINT('Ctrl Pts',(37.9926187191414,5.14001420605953,0.));
#6192=CARTESIAN_POINT('Ctrl Pts',(38.0012550370219,5.5312234265782,0.));
#6193=CARTESIAN_POINT('Ctrl Pts',(38.23460031552,5.84124631554689,0.));
#6194=CARTESIAN_POINT('Ctrl Pts',(38.3356068283319,5.97544372081757,0.));
#6195=CARTESIAN_POINT('',(37.9877207428217,4.91814494132996,0.2));
#6196=CARTESIAN_POINT('',(37.9877207428217,4.91814494132996,0.));
#6197=CARTESIAN_POINT('Ctrl Pts',(37.9877207428217,4.91814494132996,0.2));
#6198=CARTESIAN_POINT('Ctrl Pts',(37.9926187191414,5.14001420605953,0.2));
#6199=CARTESIAN_POINT('Ctrl Pts',(38.0012550370219,5.5312234265782,0.2));
#6200=CARTESIAN_POINT('Ctrl Pts',(38.23460031552,5.84124631554689,0.2));
#6201=CARTESIAN_POINT('Ctrl Pts',(38.3356068283319,5.97544372081757,0.2));
#6202=CARTESIAN_POINT('Ctrl Pts',(37.9945418983698,4.59754467010498,0.));
#6203=CARTESIAN_POINT('Ctrl Pts',(37.9945418983698,4.59754467010498,0.2));
#6204=CARTESIAN_POINT('Ctrl Pts',(37.9926178614809,4.66632150749485,0.));
#6205=CARTESIAN_POINT('Ctrl Pts',(37.9926178614809,4.66632150749485,0.2));
#6206=CARTESIAN_POINT('Ctrl Pts',(37.9896286538579,4.77317405684354,0.));
#6207=CARTESIAN_POINT('Ctrl Pts',(37.9896286538579,4.77317405684354,0.2));
#6208=CARTESIAN_POINT('Ctrl Pts',(37.9882219913042,4.88005803136278,0.));
#6209=CARTESIAN_POINT('Ctrl Pts',(37.9882219913042,4.88005803136278,0.2));
#6210=CARTESIAN_POINT('Ctrl Pts',(37.9877207428217,4.91814494132996,0.));
#6211=CARTESIAN_POINT('Ctrl Pts',(37.9877207428217,4.91814494132996,0.2));
#6212=CARTESIAN_POINT('',(37.9945418983698,4.59754467010498,0.));
#6213=CARTESIAN_POINT('Ctrl Pts',(37.9945418983698,4.59754467010498,0.));
#6214=CARTESIAN_POINT('Ctrl Pts',(37.9926178614809,4.66632150749485,0.));
#6215=CARTESIAN_POINT('Ctrl Pts',(37.9896286538579,4.77317405684354,0.));
#6216=CARTESIAN_POINT('Ctrl Pts',(37.9882219913042,4.88005803136278,0.));
#6217=CARTESIAN_POINT('Ctrl Pts',(37.9877207428217,4.91814494132996,0.));
#6218=CARTESIAN_POINT('',(37.9945418983698,4.59754467010498,0.2));
#6219=CARTESIAN_POINT('',(37.9945418983698,4.59754467010498,0.));
#6220=CARTESIAN_POINT('Ctrl Pts',(37.9945418983698,4.59754467010498,0.2));
#6221=CARTESIAN_POINT('Ctrl Pts',(37.9926178614809,4.66632150749485,0.2));
#6222=CARTESIAN_POINT('Ctrl Pts',(37.9896286538579,4.77317405684354,0.2));
#6223=CARTESIAN_POINT('Ctrl Pts',(37.9882219913042,4.88005803136278,0.2));
#6224=CARTESIAN_POINT('Ctrl Pts',(37.9877207428217,4.91814494132996,0.2));
#6225=CARTESIAN_POINT('Ctrl Pts',(40.184173360467,4.17462468147278,0.));
#6226=CARTESIAN_POINT('Ctrl Pts',(40.184173360467,4.17462468147278,0.2));
#6227=CARTESIAN_POINT('Ctrl Pts',(39.7513596173301,4.22702155264653,0.));
#6228=CARTESIAN_POINT('Ctrl Pts',(39.7513596173301,4.22702155264653,0.2));
#6229=CARTESIAN_POINT('Ctrl Pts',(39.0111126648681,4.31663660027373,0.));
#6230=CARTESIAN_POINT('Ctrl Pts',(39.0111126648681,4.31663660027373,0.2));
#6231=CARTESIAN_POINT('Ctrl Pts',(38.2928463090571,4.51511448522275,0.));
#6232=CARTESIAN_POINT('Ctrl Pts',(38.2928463090571,4.51511448522275,0.2));
#6233=CARTESIAN_POINT('Ctrl Pts',(37.9945418983698,4.59754467010498,0.));
#6234=CARTESIAN_POINT('Ctrl Pts',(37.9945418983698,4.59754467010498,0.2));
#6235=CARTESIAN_POINT('',(40.184173360467,4.17462468147278,0.));
#6236=CARTESIAN_POINT('Ctrl Pts',(40.184173360467,4.17462468147278,0.));
#6237=CARTESIAN_POINT('Ctrl Pts',(39.7513596173301,4.22702155264653,0.));
#6238=CARTESIAN_POINT('Ctrl Pts',(39.0111126648681,4.31663660027373,0.));
#6239=CARTESIAN_POINT('Ctrl Pts',(38.2928463090571,4.51511448522275,0.));
#6240=CARTESIAN_POINT('Ctrl Pts',(37.9945418983698,4.59754467010498,0.));
#6241=CARTESIAN_POINT('',(40.184173360467,4.17462468147278,0.2));
#6242=CARTESIAN_POINT('',(40.184173360467,4.17462468147278,0.));
#6243=CARTESIAN_POINT('Ctrl Pts',(40.184173360467,4.17462468147278,0.2));
#6244=CARTESIAN_POINT('Ctrl Pts',(39.7513596173301,4.22702155264653,0.2));
#6245=CARTESIAN_POINT('Ctrl Pts',(39.0111126648681,4.31663660027373,0.2));
#6246=CARTESIAN_POINT('Ctrl Pts',(38.2928463090571,4.51511448522275,0.2));
#6247=CARTESIAN_POINT('Ctrl Pts',(37.9945418983698,4.59754467010498,0.2));
#6248=CARTESIAN_POINT('Ctrl Pts',(41.2755797058344,3.99044990539551,0.));
#6249=CARTESIAN_POINT('Ctrl Pts',(41.2755797058344,3.99044990539551,0.2));
#6250=CARTESIAN_POINT('Ctrl Pts',(41.1247241248497,4.02372195131067,0.));
#6251=CARTESIAN_POINT('Ctrl Pts',(41.1247241248497,4.02372195131067,0.2));
#6252=CARTESIAN_POINT('Ctrl Pts',(40.7640812434898,4.10326376493971,0.));
#6253=CARTESIAN_POINT('Ctrl Pts',(40.7640812434898,4.10326376493971,0.2));
#6254=CARTESIAN_POINT('Ctrl Pts',(40.3974462782421,4.14838025312532,0.));
#6255=CARTESIAN_POINT('Ctrl Pts',(40.3974462782421,4.14838025312532,0.2));
#6256=CARTESIAN_POINT('Ctrl Pts',(40.184173360467,4.17462468147278,0.));
#6257=CARTESIAN_POINT('Ctrl Pts',(40.184173360467,4.17462468147278,0.2));
#6258=CARTESIAN_POINT('',(41.2755797058344,3.99044990539551,0.));
#6259=CARTESIAN_POINT('Ctrl Pts',(41.2755797058344,3.99044990539551,0.));
#6260=CARTESIAN_POINT('Ctrl Pts',(41.1247241248497,4.02372195131067,0.));
#6261=CARTESIAN_POINT('Ctrl Pts',(40.7640812434898,4.10326376493971,0.));
#6262=CARTESIAN_POINT('Ctrl Pts',(40.3974462782421,4.14838025312532,0.));
#6263=CARTESIAN_POINT('Ctrl Pts',(40.184173360467,4.17462468147278,0.));
#6264=CARTESIAN_POINT('',(41.2755797058344,3.99044990539551,0.2));
#6265=CARTESIAN_POINT('',(41.2755797058344,3.99044990539551,0.));
#6266=CARTESIAN_POINT('Ctrl Pts',(41.2755797058344,3.99044990539551,0.2));
#6267=CARTESIAN_POINT('Ctrl Pts',(41.1247241248497,4.02372195131067,0.2));
#6268=CARTESIAN_POINT('Ctrl Pts',(40.7640812434898,4.10326376493971,0.2));
#6269=CARTESIAN_POINT('Ctrl Pts',(40.3974462782421,4.14838025312532,0.2));
#6270=CARTESIAN_POINT('Ctrl Pts',(40.184173360467,4.17462468147278,0.2));
#6271=CARTESIAN_POINT('Ctrl Pts',(42.1589348465204,3.58799457550049,0.));
#6272=CARTESIAN_POINT('Ctrl Pts',(42.1589348465204,3.58799457550049,0.2));
#6273=CARTESIAN_POINT('Ctrl Pts',(42.0226056718322,3.67167394617676,0.));
#6274=CARTESIAN_POINT('Ctrl Pts',(42.0226056718322,3.67167394617676,0.2));
#6275=CARTESIAN_POINT('Ctrl Pts',(41.7447915953493,3.84219729261581,0.));
#6276=CARTESIAN_POINT('Ctrl Pts',(41.7447915953493,3.84219729261581,0.2));
#6277=CARTESIAN_POINT('Ctrl Pts',(41.4339068221599,3.94042472659323,0.));
#6278=CARTESIAN_POINT('Ctrl Pts',(41.4339068221599,3.94042472659323,0.2));
#6279=CARTESIAN_POINT('Ctrl Pts',(41.2755797058344,3.99044990539551,0.));
#6280=CARTESIAN_POINT('Ctrl Pts',(41.2755797058344,3.99044990539551,0.2));
#6281=CARTESIAN_POINT('',(42.1589348465204,3.58799457550049,0.));
#6282=CARTESIAN_POINT('Ctrl Pts',(42.1589348465204,3.58799457550049,0.));
#6283=CARTESIAN_POINT('Ctrl Pts',(42.0226056718322,3.67167394617676,0.));
#6284=CARTESIAN_POINT('Ctrl Pts',(41.7447915953493,3.84219729261581,0.));
#6285=CARTESIAN_POINT('Ctrl Pts',(41.4339068221599,3.94042472659323,0.));
#6286=CARTESIAN_POINT('Ctrl Pts',(41.2755797058344,3.99044990539551,0.));
#6287=CARTESIAN_POINT('',(42.1589348465204,3.58799457550049,0.2));
#6288=CARTESIAN_POINT('',(42.1589348465204,3.58799457550049,0.));
#6289=CARTESIAN_POINT('Ctrl Pts',(42.1589348465204,3.58799457550049,0.2));
#6290=CARTESIAN_POINT('Ctrl Pts',(42.0226056718322,3.67167394617676,0.2));
#6291=CARTESIAN_POINT('Ctrl Pts',(41.7447915953493,3.84219729261581,0.2));
#6292=CARTESIAN_POINT('Ctrl Pts',(41.4339068221599,3.94042472659323,0.2));
#6293=CARTESIAN_POINT('Ctrl Pts',(41.2755797058344,3.99044990539551,0.2));
#6294=CARTESIAN_POINT('Ctrl Pts',(42.7933142334223,2.88199186325073,0.));
#6295=CARTESIAN_POINT('Ctrl Pts',(42.7933142334223,2.88199186325073,0.2));
#6296=CARTESIAN_POINT('Ctrl Pts',(42.7073573139085,3.02070853918418,0.));
#6297=CARTESIAN_POINT('Ctrl Pts',(42.7073573139085,3.02070853918418,0.2));
#6298=CARTESIAN_POINT('Ctrl Pts',(42.5380015693856,3.29401365601865,0.));
#6299=CARTESIAN_POINT('Ctrl Pts',(42.5380015693856,3.29401365601865,0.2));
#6300=CARTESIAN_POINT('Ctrl Pts',(42.2840115932852,3.49099271592867,0.));
#6301=CARTESIAN_POINT('Ctrl Pts',(42.2840115932852,3.49099271592867,0.2));
#6302=CARTESIAN_POINT('Ctrl Pts',(42.1589348465204,3.58799457550049,0.));
#6303=CARTESIAN_POINT('Ctrl Pts',(42.1589348465204,3.58799457550049,0.2));
#6304=CARTESIAN_POINT('',(42.7933142334223,2.88199186325073,0.));
#6305=CARTESIAN_POINT('Ctrl Pts',(42.7933142334223,2.88199186325073,0.));
#6306=CARTESIAN_POINT('Ctrl Pts',(42.7073573139085,3.02070853918418,0.));
#6307=CARTESIAN_POINT('Ctrl Pts',(42.5380015693856,3.29401365601865,0.));
#6308=CARTESIAN_POINT('Ctrl Pts',(42.2840115932852,3.49099271592867,0.));
#6309=CARTESIAN_POINT('Ctrl Pts',(42.1589348465204,3.58799457550049,0.));
#6310=CARTESIAN_POINT('',(42.7933142334223,2.88199186325073,0.2));
#6311=CARTESIAN_POINT('',(42.7933142334223,2.88199186325073,0.));
#6312=CARTESIAN_POINT('Ctrl Pts',(42.7933142334223,2.88199186325073,0.2));
#6313=CARTESIAN_POINT('Ctrl Pts',(42.7073573139085,3.02070853918418,0.2));
#6314=CARTESIAN_POINT('Ctrl Pts',(42.5380015693856,3.29401365601865,0.2));
#6315=CARTESIAN_POINT('Ctrl Pts',(42.2840115932852,3.49099271592867,0.2));
#6316=CARTESIAN_POINT('Ctrl Pts',(42.1589348465204,3.58799457550049,0.2));
#6317=CARTESIAN_POINT('Ctrl Pts',(43.0354700237513,1.90995931625366,0.));
#6318=CARTESIAN_POINT('Ctrl Pts',(43.0354700237513,1.90995931625366,0.2));
#6319=CARTESIAN_POINT('Ctrl Pts',(43.0260048808795,2.08233002218651,0.));
#6320=CARTESIAN_POINT('Ctrl Pts',(43.0260048808795,2.08233002218651,0.2));
#6321=CARTESIAN_POINT('Ctrl Pts',(43.0073567957649,2.4219322489098,0.));
#6322=CARTESIAN_POINT('Ctrl Pts',(43.0073567957649,2.4219322489098,0.2));
#6323=CARTESIAN_POINT('Ctrl Pts',(42.8639383056946,2.73019362696929,0.));
#6324=CARTESIAN_POINT('Ctrl Pts',(42.8639383056946,2.73019362696929,0.2));
#6325=CARTESIAN_POINT('Ctrl Pts',(42.7933142334223,2.88199186325073,0.));
#6326=CARTESIAN_POINT('Ctrl Pts',(42.7933142334223,2.88199186325073,0.2));
#6327=CARTESIAN_POINT('',(43.0354700237513,1.90995931625366,0.));
#6328=CARTESIAN_POINT('Ctrl Pts',(43.0354700237513,1.90995931625366,0.));
#6329=CARTESIAN_POINT('Ctrl Pts',(43.0260048808795,2.08233002218651,0.));
#6330=CARTESIAN_POINT('Ctrl Pts',(43.0073567957649,2.4219322489098,0.));
#6331=CARTESIAN_POINT('Ctrl Pts',(42.8639383056946,2.73019362696929,0.));
#6332=CARTESIAN_POINT('Ctrl Pts',(42.7933142334223,2.88199186325073,0.));
#6333=CARTESIAN_POINT('',(43.0354700237513,1.90995931625366,0.2));
#6334=CARTESIAN_POINT('',(43.0354700237513,1.90995931625366,0.));
#6335=CARTESIAN_POINT('Ctrl Pts',(43.0354700237513,1.90995931625366,0.2));
#6336=CARTESIAN_POINT('Ctrl Pts',(43.0260048808795,2.08233002218651,0.2));
#6337=CARTESIAN_POINT('Ctrl Pts',(43.0073567957649,2.4219322489098,0.2));
#6338=CARTESIAN_POINT('Ctrl Pts',(42.8639383056946,2.73019362696929,0.2));
#6339=CARTESIAN_POINT('Ctrl Pts',(42.7933142334223,2.88199186325073,0.2));
#6340=CARTESIAN_POINT('Ctrl Pts',(42.3942694813013,0.419509410858154,0.));
#6341=CARTESIAN_POINT('Ctrl Pts',(42.3942694813013,0.419509410858154,0.2));
#6342=CARTESIAN_POINT('Ctrl Pts',(42.5812776891422,0.629335896542411,0.));
#6343=CARTESIAN_POINT('Ctrl Pts',(42.5812776891422,0.629335896542411,0.2));
#6344=CARTESIAN_POINT('Ctrl Pts',(42.960219841019,1.05451563022352,0.));
#6345=CARTESIAN_POINT('Ctrl Pts',(42.960219841019,1.05451563022352,0.2));
#6346=CARTESIAN_POINT('Ctrl Pts',(43.0101702004365,1.62235105635985,0.));
#6347=CARTESIAN_POINT('Ctrl Pts',(43.0101702004365,1.62235105635985,0.2));
#6348=CARTESIAN_POINT('Ctrl Pts',(43.0354700237513,1.90995931625366,0.));
#6349=CARTESIAN_POINT('Ctrl Pts',(43.0354700237513,1.90995931625366,0.2));
#6350=CARTESIAN_POINT('',(42.3942694813013,0.419509410858154,0.));
#6351=CARTESIAN_POINT('Ctrl Pts',(42.3942694813013,0.419509410858154,0.));
#6352=CARTESIAN_POINT('Ctrl Pts',(42.5812776891422,0.629335896542411,0.));
#6353=CARTESIAN_POINT('Ctrl Pts',(42.960219841019,1.05451563022352,0.));
#6354=CARTESIAN_POINT('Ctrl Pts',(43.0101702004365,1.62235105635985,0.));
#6355=CARTESIAN_POINT('Ctrl Pts',(43.0354700237513,1.90995931625366,0.));
#6356=CARTESIAN_POINT('',(42.3942694813013,0.419509410858154,0.2));
#6357=CARTESIAN_POINT('',(42.3942694813013,0.419509410858154,0.));
#6358=CARTESIAN_POINT('Ctrl Pts',(42.3942694813013,0.419509410858154,0.2));
#6359=CARTESIAN_POINT('Ctrl Pts',(42.5812776891422,0.629335896542411,0.2));
#6360=CARTESIAN_POINT('Ctrl Pts',(42.960219841019,1.05451563022352,0.2));
#6361=CARTESIAN_POINT('Ctrl Pts',(43.0101702004365,1.62235105635985,0.2));
#6362=CARTESIAN_POINT('Ctrl Pts',(43.0354700237513,1.90995931625366,0.2));
#6363=CARTESIAN_POINT('Ctrl Pts',(40.5593440681696,-0.163711309432983,0.));
#6364=CARTESIAN_POINT('Ctrl Pts',(40.5593440681696,-0.163711309432983,0.2));
#6365=CARTESIAN_POINT('Ctrl Pts',(40.9226608102864,-0.149170333285085,0.));
#6366=CARTESIAN_POINT('Ctrl Pts',(40.9226608102864,-0.149170333285085,0.2));
#6367=CARTESIAN_POINT('Ctrl Pts',(41.5906787666207,-0.122434342224425,0.));
#6368=CARTESIAN_POINT('Ctrl Pts',(41.5906787666207,-0.122434342224425,0.2));
#6369=CARTESIAN_POINT('Ctrl Pts',(42.1425472228018,0.24974723838225,0.));
#6370=CARTESIAN_POINT('Ctrl Pts',(42.1425472228018,0.24974723838225,0.2));
#6371=CARTESIAN_POINT('Ctrl Pts',(42.3942694813013,0.419509410858154,0.));
#6372=CARTESIAN_POINT('Ctrl Pts',(42.3942694813013,0.419509410858154,0.2));
#6373=CARTESIAN_POINT('',(40.5593440681696,-0.163711309432983,0.));
#6374=CARTESIAN_POINT('Ctrl Pts',(40.5593440681696,-0.163711309432983,0.));
#6375=CARTESIAN_POINT('Ctrl Pts',(40.9226608102864,-0.149170333285085,0.));
#6376=CARTESIAN_POINT('Ctrl Pts',(41.5906787666207,-0.122434342224425,0.));
#6377=CARTESIAN_POINT('Ctrl Pts',(42.1425472228018,0.24974723838225,0.));
#6378=CARTESIAN_POINT('Ctrl Pts',(42.3942694813013,0.419509410858154,0.));
#6379=CARTESIAN_POINT('',(40.5593440681696,-0.163711309432983,0.2));
#6380=CARTESIAN_POINT('',(40.5593440681696,-0.163711309432983,0.));
#6381=CARTESIAN_POINT('Ctrl Pts',(40.5593440681696,-0.163711309432983,0.2));
#6382=CARTESIAN_POINT('Ctrl Pts',(40.9226608102864,-0.149170333285085,0.2));
#6383=CARTESIAN_POINT('Ctrl Pts',(41.5906787666207,-0.122434342224425,0.2));
#6384=CARTESIAN_POINT('Ctrl Pts',(42.1425472228018,0.24974723838225,0.2));
#6385=CARTESIAN_POINT('Ctrl Pts',(42.3942694813013,0.419509410858154,0.2));
#6386=CARTESIAN_POINT('Ctrl Pts',(39.2053196579218,0.0750339031219482,0.));
#6387=CARTESIAN_POINT('Ctrl Pts',(39.2053196579218,0.0750339031219482,0.2));
#6388=CARTESIAN_POINT('Ctrl Pts',(39.4215473235821,0.0054057495870552,0.));
#6389=CARTESIAN_POINT('Ctrl Pts',(39.4215473235821,0.0054057495870552,0.2));
#6390=CARTESIAN_POINT('Ctrl Pts',(39.8618189922522,-0.136367520959118,0.));
#6391=CARTESIAN_POINT('Ctrl Pts',(39.8618189922522,-0.136367520959118,0.2));
#6392=CARTESIAN_POINT('Ctrl Pts',(40.3241000164779,-0.154489470948209,0.));
#6393=CARTESIAN_POINT('Ctrl Pts',(40.3241000164779,-0.154489470948209,0.2));
#6394=CARTESIAN_POINT('Ctrl Pts',(40.5593440681696,-0.163711309432983,0.));
#6395=CARTESIAN_POINT('Ctrl Pts',(40.5593440681696,-0.163711309432983,0.2));
#6396=CARTESIAN_POINT('',(39.2053196579218,0.0750339031219482,0.));
#6397=CARTESIAN_POINT('Ctrl Pts',(39.2053196579218,0.0750339031219482,0.));
#6398=CARTESIAN_POINT('Ctrl Pts',(39.4215473235821,0.0054057495870552,0.));
#6399=CARTESIAN_POINT('Ctrl Pts',(39.8618189922522,-0.136367520959118,0.));
#6400=CARTESIAN_POINT('Ctrl Pts',(40.3241000164779,-0.154489470948209,0.));
#6401=CARTESIAN_POINT('Ctrl Pts',(40.5593440681696,-0.163711309432983,0.));
#6402=CARTESIAN_POINT('',(39.2053196579218,0.0750339031219482,0.2));
#6403=CARTESIAN_POINT('',(39.2053196579218,0.0750339031219482,0.));
#6404=CARTESIAN_POINT('Ctrl Pts',(39.2053196579218,0.0750339031219482,0.2));
#6405=CARTESIAN_POINT('Ctrl Pts',(39.4215473235821,0.0054057495870552,0.2));
#6406=CARTESIAN_POINT('Ctrl Pts',(39.8618189922522,-0.136367520959118,0.2));
#6407=CARTESIAN_POINT('Ctrl Pts',(40.3241000164779,-0.154489470948209,0.2));
#6408=CARTESIAN_POINT('Ctrl Pts',(40.5593440681696,-0.163711309432983,0.2));
#6409=CARTESIAN_POINT('Ctrl Pts',(37.8922221809626,0.893588066101074,0.));
#6410=CARTESIAN_POINT('Ctrl Pts',(37.8922221809626,0.893588066101074,0.2));
#6411=CARTESIAN_POINT('Ctrl Pts',(38.108722634514,0.717986782560662,0.));
#6412=CARTESIAN_POINT('Ctrl Pts',(38.108722634514,0.717986782560662,0.2));
#6413=CARTESIAN_POINT('Ctrl Pts',(38.5127121778557,0.390315033222399,0.));
#6414=CARTESIAN_POINT('Ctrl Pts',(38.5127121778557,0.390315033222399,0.2));
#6415=CARTESIAN_POINT('Ctrl Pts',(38.9857743713373,0.174972884514373,0.));
#6416=CARTESIAN_POINT('Ctrl Pts',(38.9857743713373,0.174972884514373,0.2));
#6417=CARTESIAN_POINT('Ctrl Pts',(39.2053196579218,0.0750339031219482,0.));
#6418=CARTESIAN_POINT('Ctrl Pts',(39.2053196579218,0.0750339031219482,0.2));
#6419=CARTESIAN_POINT('',(37.8922221809626,0.893588066101074,0.));
#6420=CARTESIAN_POINT('Ctrl Pts',(37.8922221809626,0.893588066101074,0.));
#6421=CARTESIAN_POINT('Ctrl Pts',(38.108722634514,0.717986782560662,0.));
#6422=CARTESIAN_POINT('Ctrl Pts',(38.5127121778557,0.390315033222399,0.));
#6423=CARTESIAN_POINT('Ctrl Pts',(38.9857743713373,0.174972884514373,0.));
#6424=CARTESIAN_POINT('Ctrl Pts',(39.2053196579218,0.0750339031219482,0.));
#6425=CARTESIAN_POINT('',(37.8922221809626,0.893588066101074,0.2));
#6426=CARTESIAN_POINT('',(37.8922221809626,0.893588066101074,0.));
#6427=CARTESIAN_POINT('Ctrl Pts',(37.8922221809626,0.893588066101074,0.2));
#6428=CARTESIAN_POINT('Ctrl Pts',(38.108722634514,0.717986782560662,0.2));
#6429=CARTESIAN_POINT('Ctrl Pts',(38.5127121778557,0.390315033222399,0.2));
#6430=CARTESIAN_POINT('Ctrl Pts',(38.9857743713373,0.174972884514373,0.2));
#6431=CARTESIAN_POINT('Ctrl Pts',(39.2053196579218,0.0750339031219482,0.2));
#6432=CARTESIAN_POINT('Ctrl Pts',(37.6466581970453,0.,0.));
#6433=CARTESIAN_POINT('Ctrl Pts',(37.6466581970453,0.,0.2));
#6434=CARTESIAN_POINT('Ctrl Pts',(37.7050076041544,0.136439756147719,0.));
#6435=CARTESIAN_POINT('Ctrl Pts',(37.7050076041544,0.136439756147719,0.2));
#6436=CARTESIAN_POINT('Ctrl Pts',(37.8275312361693,0.422939573415495,0.));
#6437=CARTESIAN_POINT('Ctrl Pts',(37.8275312361693,0.422939573415495,0.2));
#6438=CARTESIAN_POINT('Ctrl Pts',(37.869985764814,0.731810621414055,0.));
#6439=CARTESIAN_POINT('Ctrl Pts',(37.869985764814,0.731810621414055,0.2));
#6440=CARTESIAN_POINT('Ctrl Pts',(37.8922221809626,0.893588066101074,0.));
#6441=CARTESIAN_POINT('Ctrl Pts',(37.8922221809626,0.893588066101074,0.2));
#6442=CARTESIAN_POINT('Ctrl Pts',(37.6466581970453,0.,0.));
#6443=CARTESIAN_POINT('Ctrl Pts',(37.7050076041544,0.136439756147719,0.));
#6444=CARTESIAN_POINT('Ctrl Pts',(37.8275312361693,0.422939573415495,0.));
#6445=CARTESIAN_POINT('Ctrl Pts',(37.869985764814,0.731810621414055,0.));
#6446=CARTESIAN_POINT('Ctrl Pts',(37.8922221809626,0.893588066101074,0.));
#6447=CARTESIAN_POINT('Ctrl Pts',(37.6466581970453,0.,0.2));
#6448=CARTESIAN_POINT('Ctrl Pts',(37.7050076041544,0.136439756147719,0.2));
#6449=CARTESIAN_POINT('Ctrl Pts',(37.8275312361693,0.422939573415495,0.2));
#6450=CARTESIAN_POINT('Ctrl Pts',(37.869985764814,0.731810621414055,0.2));
#6451=CARTESIAN_POINT('Ctrl Pts',(37.8922221809626,0.893588066101074,0.2));
#6452=CARTESIAN_POINT('Origin',(42.0941339805722,3.69713485240936,0.2));
#6453=CARTESIAN_POINT('Origin',(33.6357424408197,3.79263281822205,0.));
#6454=CARTESIAN_POINT('',(33.6357424408197,3.79263281822205,0.));
#6455=CARTESIAN_POINT('',(33.6357424408197,0.,0.));
#6456=CARTESIAN_POINT('',(33.6357424408197,-16.823683590889,0.));
#6457=CARTESIAN_POINT('',(33.6357424408197,3.79263281822205,0.2));
#6458=CARTESIAN_POINT('',(33.6357424408197,3.79263281822205,0.));
#6459=CARTESIAN_POINT('',(33.6357424408197,0.,0.2));
#6460=CARTESIAN_POINT('',(33.6357424408197,3.79263281822205,0.2));
#6461=CARTESIAN_POINT('',(33.6357424408197,0.,0.));
#6462=CARTESIAN_POINT('Ctrl Pts',(33.4311053901911,5.22510230541229,0.));
#6463=CARTESIAN_POINT('Ctrl Pts',(33.4311053901911,5.22510230541229,0.2));
#6464=CARTESIAN_POINT('Ctrl Pts',(33.4907741749457,4.99782591415292,0.));
#6465=CARTESIAN_POINT('Ctrl Pts',(33.4907741749457,4.99782591415292,0.2));
#6466=CARTESIAN_POINT('Ctrl Pts',(33.6140333508702,4.52833586489275,0.));
#6467=CARTESIAN_POINT('Ctrl Pts',(33.6140333508702,4.52833586489275,0.2));
#6468=CARTESIAN_POINT('Ctrl Pts',(33.6283542004117,4.04301415573432,0.));
#6469=CARTESIAN_POINT('Ctrl Pts',(33.6283542004117,4.04301415573432,0.2));
#6470=CARTESIAN_POINT('Ctrl Pts',(33.6357424408197,3.79263281822205,0.));
#6471=CARTESIAN_POINT('Ctrl Pts',(33.6357424408197,3.79263281822205,0.2));
#6472=CARTESIAN_POINT('',(33.4311053901911,5.22510230541229,0.));
#6473=CARTESIAN_POINT('Ctrl Pts',(33.4311053901911,5.22510230541229,0.));
#6474=CARTESIAN_POINT('Ctrl Pts',(33.4907741749457,4.99782591415292,0.));
#6475=CARTESIAN_POINT('Ctrl Pts',(33.6140333508702,4.52833586489275,0.));
#6476=CARTESIAN_POINT('Ctrl Pts',(33.6283542004117,4.04301415573432,0.));
#6477=CARTESIAN_POINT('Ctrl Pts',(33.6357424408197,3.79263281822205,0.));
#6478=CARTESIAN_POINT('',(33.4311053901911,5.22510230541229,0.2));
#6479=CARTESIAN_POINT('',(33.4311053901911,5.22510230541229,0.));
#6480=CARTESIAN_POINT('Ctrl Pts',(33.4311053901911,5.22510230541229,0.2));
#6481=CARTESIAN_POINT('Ctrl Pts',(33.4907741749457,4.99782591415292,0.2));
#6482=CARTESIAN_POINT('Ctrl Pts',(33.6140333508702,4.52833586489275,0.2));
#6483=CARTESIAN_POINT('Ctrl Pts',(33.6283542004117,4.04301415573432,0.2));
#6484=CARTESIAN_POINT('Ctrl Pts',(33.6357424408197,3.79263281822205,0.2));
#6485=CARTESIAN_POINT('Ctrl Pts',(32.9740784317255,5.89699864387512,0.));
#6486=CARTESIAN_POINT('Ctrl Pts',(32.9740784317255,5.89699864387512,0.2));
#6487=CARTESIAN_POINT('Ctrl Pts',(33.0739174161997,5.80636747652686,0.));
#6488=CARTESIAN_POINT('Ctrl Pts',(33.0739174161997,5.80636747652686,0.2));
#6489=CARTESIAN_POINT('Ctrl Pts',(33.279967137288,5.61932103517567,0.));
#6490=CARTESIAN_POINT('Ctrl Pts',(33.279967137288,5.61932103517567,0.2));
#6491=CARTESIAN_POINT('Ctrl Pts',(33.3796979680361,5.3591899256743,0.));
#6492=CARTESIAN_POINT('Ctrl Pts',(33.3796979680361,5.3591899256743,0.2));
#6493=CARTESIAN_POINT('Ctrl Pts',(33.4311053901911,5.22510230541229,0.));
#6494=CARTESIAN_POINT('Ctrl Pts',(33.4311053901911,5.22510230541229,0.2));
#6495=CARTESIAN_POINT('',(32.9740784317255,5.89699864387512,0.));
#6496=CARTESIAN_POINT('Ctrl Pts',(32.9740784317255,5.89699864387512,0.));
#6497=CARTESIAN_POINT('Ctrl Pts',(33.0739174161997,5.80636747652686,0.));
#6498=CARTESIAN_POINT('Ctrl Pts',(33.279967137288,5.61932103517567,0.));
#6499=CARTESIAN_POINT('Ctrl Pts',(33.3796979680361,5.3591899256743,0.));
#6500=CARTESIAN_POINT('Ctrl Pts',(33.4311053901911,5.22510230541229,0.));
#6501=CARTESIAN_POINT('',(32.9740784317255,5.89699864387512,0.2));
#6502=CARTESIAN_POINT('',(32.9740784317255,5.89699864387512,0.));
#6503=CARTESIAN_POINT('Ctrl Pts',(32.9740784317255,5.89699864387512,0.2));
#6504=CARTESIAN_POINT('Ctrl Pts',(33.0739174161997,5.80636747652686,0.2));
#6505=CARTESIAN_POINT('Ctrl Pts',(33.279967137288,5.61932103517567,0.2));
#6506=CARTESIAN_POINT('Ctrl Pts',(33.3796979680361,5.3591899256743,0.2));
#6507=CARTESIAN_POINT('Ctrl Pts',(33.4311053901911,5.22510230541229,0.2));
#6508=CARTESIAN_POINT('Ctrl Pts',(32.2510240226984,6.1391544342041,0.));
#6509=CARTESIAN_POINT('Ctrl Pts',(32.2510240226984,6.1391544342041,0.2));
#6510=CARTESIAN_POINT('Ctrl Pts',(32.3817408550873,6.12908300989091,0.));
#6511=CARTESIAN_POINT('Ctrl Pts',(32.3817408550873,6.12908300989091,0.2));
#6512=CARTESIAN_POINT('Ctrl Pts',(32.6430545014917,6.10894940839775,0.));
#6513=CARTESIAN_POINT('Ctrl Pts',(32.6430545014917,6.10894940839775,0.2));
#6514=CARTESIAN_POINT('Ctrl Pts',(32.8637709124898,5.96762726283354,0.));
#6515=CARTESIAN_POINT('Ctrl Pts',(32.8637709124898,5.96762726283354,0.2));
#6516=CARTESIAN_POINT('Ctrl Pts',(32.9740784317255,5.89699864387512,0.));
#6517=CARTESIAN_POINT('Ctrl Pts',(32.9740784317255,5.89699864387512,0.2));
#6518=CARTESIAN_POINT('',(32.2510240226984,6.1391544342041,0.));
#6519=CARTESIAN_POINT('Ctrl Pts',(32.2510240226984,6.1391544342041,0.));
#6520=CARTESIAN_POINT('Ctrl Pts',(32.3817408550873,6.12908300989091,0.));
#6521=CARTESIAN_POINT('Ctrl Pts',(32.6430545014917,6.10894940839775,0.));
#6522=CARTESIAN_POINT('Ctrl Pts',(32.8637709124898,5.96762726283354,0.));
#6523=CARTESIAN_POINT('Ctrl Pts',(32.9740784317255,5.89699864387512,0.));
#6524=CARTESIAN_POINT('',(32.2510240226984,6.1391544342041,0.2));
#6525=CARTESIAN_POINT('',(32.2510240226984,6.1391544342041,0.));
#6526=CARTESIAN_POINT('Ctrl Pts',(32.2510240226984,6.1391544342041,0.2));
#6527=CARTESIAN_POINT('Ctrl Pts',(32.3817408550873,6.12908300989091,0.2));
#6528=CARTESIAN_POINT('Ctrl Pts',(32.6430545014917,6.10894940839775,0.2));
#6529=CARTESIAN_POINT('Ctrl Pts',(32.8637709124898,5.96762726283354,0.2));
#6530=CARTESIAN_POINT('Ctrl Pts',(32.9740784317255,5.89699864387512,0.2));
#6531=CARTESIAN_POINT('Ctrl Pts',(31.3506148010492,5.87312400341034,0.));
#6532=CARTESIAN_POINT('Ctrl Pts',(31.3506148010492,5.87312400341034,0.2));
#6533=CARTESIAN_POINT('Ctrl Pts',(31.4974825478053,5.95068013573671,0.));
#6534=CARTESIAN_POINT('Ctrl Pts',(31.4974825478053,5.95068013573671,0.2));
#6535=CARTESIAN_POINT('Ctrl Pts',(31.7800805013095,6.09991102380599,0.));
#6536=CARTESIAN_POINT('Ctrl Pts',(31.7800805013095,6.09991102380599,0.2));
#6537=CARTESIAN_POINT('Ctrl Pts',(32.0982223048167,6.12642156868621,0.));
#6538=CARTESIAN_POINT('Ctrl Pts',(32.0982223048167,6.12642156868621,0.2));
#6539=CARTESIAN_POINT('Ctrl Pts',(32.2510240226984,6.1391544342041,0.));
#6540=CARTESIAN_POINT('Ctrl Pts',(32.2510240226984,6.1391544342041,0.2));
#6541=CARTESIAN_POINT('',(31.3506148010492,5.87312400341034,0.));
#6542=CARTESIAN_POINT('Ctrl Pts',(31.3506148010492,5.87312400341034,0.));
#6543=CARTESIAN_POINT('Ctrl Pts',(31.4974825478053,5.95068013573671,0.));
#6544=CARTESIAN_POINT('Ctrl Pts',(31.7800805013095,6.09991102380599,0.));
#6545=CARTESIAN_POINT('Ctrl Pts',(32.0982223048167,6.12642156868621,0.));
#6546=CARTESIAN_POINT('Ctrl Pts',(32.2510240226984,6.1391544342041,0.));
#6547=CARTESIAN_POINT('',(31.3506148010492,5.87312400341034,0.2));
#6548=CARTESIAN_POINT('',(31.3506148010492,5.87312400341034,0.));
#6549=CARTESIAN_POINT('Ctrl Pts',(31.3506148010492,5.87312400341034,0.2));
#6550=CARTESIAN_POINT('Ctrl Pts',(31.4974825478053,5.95068013573671,0.2));
#6551=CARTESIAN_POINT('Ctrl Pts',(31.7800805013095,6.09991102380599,0.2));
#6552=CARTESIAN_POINT('Ctrl Pts',(32.0982223048167,6.12642156868621,0.2));
#6553=CARTESIAN_POINT('Ctrl Pts',(32.2510240226984,6.1391544342041,0.2));
#6554=CARTESIAN_POINT('Origin',(30.9276936203241,7.01227843761444,0.));
#6555=CARTESIAN_POINT('',(30.9276936203241,7.01227843761444,0.));
#6556=CARTESIAN_POINT('',(38.063617163071,-12.2086055387439,0.));
#6557=CARTESIAN_POINT('',(30.9276936203241,7.01227843761444,0.2));
#6558=CARTESIAN_POINT('',(30.9276936203241,7.01227843761444,0.));
#6559=CARTESIAN_POINT('',(30.9276936203241,7.01227843761444,0.2));
#6560=CARTESIAN_POINT('Ctrl Pts',(32.1896312385798,7.40791261196136,0.));
#6561=CARTESIAN_POINT('Ctrl Pts',(32.1896312385798,7.40791261196136,0.2));
#6562=CARTESIAN_POINT('Ctrl Pts',(31.9769310869276,7.38830287493698,0.));
#6563=CARTESIAN_POINT('Ctrl Pts',(31.9769310869276,7.38830287493698,0.2));
#6564=CARTESIAN_POINT('Ctrl Pts',(31.5286120882495,7.34697042830341,0.));
#6565=CARTESIAN_POINT('Ctrl Pts',(31.5286120882495,7.34697042830341,0.2));
#6566=CARTESIAN_POINT('Ctrl Pts',(31.134712017476,7.12758093396011,0.));
#6567=CARTESIAN_POINT('Ctrl Pts',(31.134712017476,7.12758093396011,0.2));
#6568=CARTESIAN_POINT('Ctrl Pts',(30.9276936203241,7.01227843761444,0.));
#6569=CARTESIAN_POINT('Ctrl Pts',(30.9276936203241,7.01227843761444,0.2));
#6570=CARTESIAN_POINT('',(32.1896312385798,7.40791261196136,0.));
#6571=CARTESIAN_POINT('Ctrl Pts',(32.1896312385798,7.40791261196136,0.));
#6572=CARTESIAN_POINT('Ctrl Pts',(31.9769310869276,7.38830287493698,0.));
#6573=CARTESIAN_POINT('Ctrl Pts',(31.5286120882495,7.34697042830341,0.));
#6574=CARTESIAN_POINT('Ctrl Pts',(31.134712017476,7.12758093396011,0.));
#6575=CARTESIAN_POINT('Ctrl Pts',(30.9276936203241,7.01227843761444,0.));
#6576=CARTESIAN_POINT('',(32.1896312385798,7.40791261196136,0.2));
#6577=CARTESIAN_POINT('',(32.1896312385798,7.40791261196136,0.));
#6578=CARTESIAN_POINT('Ctrl Pts',(32.1896312385798,7.40791261196136,0.2));
#6579=CARTESIAN_POINT('Ctrl Pts',(31.9769310869276,7.38830287493698,0.2));
#6580=CARTESIAN_POINT('Ctrl Pts',(31.5286120882495,7.34697042830341,0.2));
#6581=CARTESIAN_POINT('Ctrl Pts',(31.134712017476,7.12758093396011,0.2));
#6582=CARTESIAN_POINT('Ctrl Pts',(30.9276936203241,7.01227843761444,0.2));
#6583=CARTESIAN_POINT('Ctrl Pts',(32.9774902015924,7.16234683990479,0.));
#6584=CARTESIAN_POINT('Ctrl Pts',(32.9774902015924,7.16234683990479,0.2));
#6585=CARTESIAN_POINT('Ctrl Pts',(32.855333053915,7.23396995703162,0.));
#6586=CARTESIAN_POINT('Ctrl Pts',(32.855333053915,7.23396995703162,0.2));
#6587=CARTESIAN_POINT('Ctrl Pts',(32.6116956837463,7.37681929685199,0.));
#6588=CARTESIAN_POINT('Ctrl Pts',(32.6116956837463,7.37681929685199,0.2));
#6589=CARTESIAN_POINT('Ctrl Pts',(32.3300585522322,7.39756738917996,0.));
#6590=CARTESIAN_POINT('Ctrl Pts',(32.3300585522322,7.39756738917996,0.2));
#6591=CARTESIAN_POINT('Ctrl Pts',(32.1896312385798,7.40791261196136,0.));
#6592=CARTESIAN_POINT('Ctrl Pts',(32.1896312385798,7.40791261196136,0.2));
#6593=CARTESIAN_POINT('',(32.9774902015924,7.16234683990479,0.));
#6594=CARTESIAN_POINT('Ctrl Pts',(32.9774902015924,7.16234683990479,0.));
#6595=CARTESIAN_POINT('Ctrl Pts',(32.855333053915,7.23396995703162,0.));
#6596=CARTESIAN_POINT('Ctrl Pts',(32.6116956837463,7.37681929685199,0.));
#6597=CARTESIAN_POINT('Ctrl Pts',(32.3300585522322,7.39756738917996,0.));
#6598=CARTESIAN_POINT('Ctrl Pts',(32.1896312385798,7.40791261196136,0.));
#6599=CARTESIAN_POINT('',(32.9774902015924,7.16234683990479,0.2));
#6600=CARTESIAN_POINT('',(32.9774902015924,7.16234683990479,0.));
#6601=CARTESIAN_POINT('Ctrl Pts',(32.9774902015924,7.16234683990479,0.2));
#6602=CARTESIAN_POINT('Ctrl Pts',(32.855333053915,7.23396995703162,0.2));
#6603=CARTESIAN_POINT('Ctrl Pts',(32.6116956837463,7.37681929685199,0.2));
#6604=CARTESIAN_POINT('Ctrl Pts',(32.3300585522322,7.39756738917996,0.2));
#6605=CARTESIAN_POINT('Ctrl Pts',(32.1896312385798,7.40791261196136,0.2));
#6606=CARTESIAN_POINT('Ctrl Pts',(33.7585256248713,6.1459755897522,0.));
#6607=CARTESIAN_POINT('Ctrl Pts',(33.7585256248713,6.1459755897522,0.2));
#6608=CARTESIAN_POINT('Ctrl Pts',(33.6354318734985,6.36911343580094,0.));
#6609=CARTESIAN_POINT('Ctrl Pts',(33.6354318734985,6.36911343580094,0.2));
#6610=CARTESIAN_POINT('Ctrl Pts',(33.4260645456514,6.74864346106871,0.));
#6611=CARTESIAN_POINT('Ctrl Pts',(33.4260645456514,6.74864346106871,0.2));
#6612=CARTESIAN_POINT('Ctrl Pts',(33.1083926322471,7.04162041277642,0.));
#6613=CARTESIAN_POINT('Ctrl Pts',(33.1083926322471,7.04162041277642,0.2));
#6614=CARTESIAN_POINT('Ctrl Pts',(32.9774902015924,7.16234683990479,0.));
#6615=CARTESIAN_POINT('Ctrl Pts',(32.9774902015924,7.16234683990479,0.2));
#6616=CARTESIAN_POINT('',(33.7585256248713,6.1459755897522,0.));
#6617=CARTESIAN_POINT('Ctrl Pts',(33.7585256248713,6.1459755897522,0.));
#6618=CARTESIAN_POINT('Ctrl Pts',(33.6354318734985,6.36911343580094,0.));
#6619=CARTESIAN_POINT('Ctrl Pts',(33.4260645456514,6.74864346106871,0.));
#6620=CARTESIAN_POINT('Ctrl Pts',(33.1083926322471,7.04162041277642,0.));
#6621=CARTESIAN_POINT('Ctrl Pts',(32.9774902015924,7.16234683990479,0.));
#6622=CARTESIAN_POINT('',(33.7585256248713,6.1459755897522,0.2));
#6623=CARTESIAN_POINT('',(33.7585256248713,6.1459755897522,0.));
#6624=CARTESIAN_POINT('Ctrl Pts',(33.7585256248713,6.1459755897522,0.2));
#6625=CARTESIAN_POINT('Ctrl Pts',(33.6354318734985,6.36911343580094,0.2));
#6626=CARTESIAN_POINT('Ctrl Pts',(33.4260645456514,6.74864346106871,0.2));
#6627=CARTESIAN_POINT('Ctrl Pts',(33.1083926322471,7.04162041277642,0.2));
#6628=CARTESIAN_POINT('Ctrl Pts',(32.9774902015924,7.16234683990479,0.2));
#6629=CARTESIAN_POINT('Origin',(33.7585256248713,7.24420189857483,0.));
#6630=CARTESIAN_POINT('',(33.7585256248713,7.24420189857483,0.));
#6631=CARTESIAN_POINT('',(33.7585256248713,-15.0978990507126,0.));
#6632=CARTESIAN_POINT('',(33.7585256248713,7.24420189857483,0.2));
#6633=CARTESIAN_POINT('',(33.7585256248713,7.24420189857483,0.));
#6634=CARTESIAN_POINT('',(33.7585256248713,7.24420189857483,0.2));
#6635=CARTESIAN_POINT('Origin',(34.8635742813349,7.24420189857483,0.));
#6636=CARTESIAN_POINT('',(34.8635742813349,7.24420189857483,0.));
#6637=CARTESIAN_POINT('',(31.9367871406674,7.24420189857483,0.));
#6638=CARTESIAN_POINT('',(34.8635742813349,7.24420189857483,0.2));
#6639=CARTESIAN_POINT('',(34.8635742813349,7.24420189857483,0.));
#6640=CARTESIAN_POINT('',(34.8635742813349,7.24420189857483,0.2));
#6641=CARTESIAN_POINT('Origin',(34.8635742813349,0.,0.));
#6642=CARTESIAN_POINT('',(34.8635742813349,0.,0.));
#6643=CARTESIAN_POINT('',(34.8635742813349,-18.72,0.));
#6644=CARTESIAN_POINT('',(34.8635742813349,0.,0.2));
#6645=CARTESIAN_POINT('',(34.8635742813349,0.,0.));
#6646=CARTESIAN_POINT('',(34.8635742813349,0.,0.2));
#6647=CARTESIAN_POINT('Origin',(33.6357424408197,0.,0.));
#6648=CARTESIAN_POINT('',(31.3228712204099,0.,0.));
#6649=CARTESIAN_POINT('',(33.6357424408197,0.,0.2));
#6650=CARTESIAN_POINT('Origin',(42.0941339805722,3.69713485240936,0.2));
#6651=CARTESIAN_POINT('Origin',(28.9631650596857,2.87176012992859,0.));
#6652=CARTESIAN_POINT('',(28.9631650596857,2.87176012992859,0.));
#6653=CARTESIAN_POINT('',(28.9631650596857,0.,0.));
#6654=CARTESIAN_POINT('',(28.9631650596857,-17.2841199350357,0.));
#6655=CARTESIAN_POINT('',(28.9631650596857,2.87176012992859,0.2));
#6656=CARTESIAN_POINT('',(28.9631650596857,2.87176012992859,0.));
#6657=CARTESIAN_POINT('',(28.9631650596857,0.,0.2));
#6658=CARTESIAN_POINT('',(28.9631650596857,2.87176012992859,0.2));
#6659=CARTESIAN_POINT('',(28.9631650596857,0.,0.));
#6660=CARTESIAN_POINT('Origin',(28.0968639999628,3.70395660400391,0.));
#6661=CARTESIAN_POINT('',(28.0968639999628,3.70395660400391,0.));
#6662=CARTESIAN_POINT('',(38.6120102019786,-6.3972287697079,0.));
#6663=CARTESIAN_POINT('',(28.0968639999628,3.70395660400391,0.2));
#6664=CARTESIAN_POINT('',(28.0968639999628,3.70395660400391,0.));
#6665=CARTESIAN_POINT('',(28.0968639999628,3.70395660400391,0.2));
#6666=CARTESIAN_POINT('Origin',(25.7025931030512,0.,0.));
#6667=CARTESIAN_POINT('',(25.7025931030512,0.,0.));
#6668=CARTESIAN_POINT('',(17.6553180415671,-12.4492001496856,0.));
#6669=CARTESIAN_POINT('',(25.7025931030512,0.,0.2));
#6670=CARTESIAN_POINT('',(25.7025931030512,0.,0.));
#6671=CARTESIAN_POINT('',(25.7025931030512,0.,0.2));
#6672=CARTESIAN_POINT('Origin',(24.1882679611444,0.,0.));
#6673=CARTESIAN_POINT('',(24.1882679611444,0.,0.));
#6674=CARTESIAN_POINT('',(26.5991339805722,0.,0.));
#6675=CARTESIAN_POINT('',(24.1882679611444,0.,0.2));
#6676=CARTESIAN_POINT('',(24.1882679611444,0.,0.));
#6677=CARTESIAN_POINT('',(24.1882679611444,0.,0.2));
#6678=CARTESIAN_POINT('Origin',(27.2373817116022,4.55661654472351,0.));
#6679=CARTESIAN_POINT('',(27.2373817116022,4.55661654472351,0.));
#6680=CARTESIAN_POINT('',(17.8061007646718,-9.53755452195679,0.));
#6681=CARTESIAN_POINT('',(27.2373817116022,4.55661654472351,0.2));
#6682=CARTESIAN_POINT('',(27.2373817116022,4.55661654472351,0.));
#6683=CARTESIAN_POINT('',(27.2373817116022,4.55661654472351,0.2));
#6684=CARTESIAN_POINT('Origin',(24.467940106988,7.24420189857483,0.));
#6685=CARTESIAN_POINT('',(24.467940106988,7.24420189857483,0.));
#6686=CARTESIAN_POINT('',(36.803537747269,-4.72679308242965,0.));
#6687=CARTESIAN_POINT('',(24.467940106988,7.24420189857483,0.2));
#6688=CARTESIAN_POINT('',(24.467940106988,7.24420189857483,0.));
#6689=CARTESIAN_POINT('',(24.467940106988,7.24420189857483,0.2));
#6690=CARTESIAN_POINT('Origin',(26.0573003441095,7.24420189857483,0.));
#6691=CARTESIAN_POINT('',(26.0573003441095,7.24420189857483,0.));
#6692=CARTESIAN_POINT('',(27.5336501720548,7.24420189857483,0.));
#6693=CARTESIAN_POINT('',(26.0573003441095,7.24420189857483,0.2));
#6694=CARTESIAN_POINT('',(26.0573003441095,7.24420189857483,0.));
#6695=CARTESIAN_POINT('',(26.0573003441095,7.24420189857483,0.2));
#6696=CARTESIAN_POINT('Origin',(28.9631650596857,4.29740786552429,0.));
#6697=CARTESIAN_POINT('',(28.9631650596857,4.29740786552429,0.));
#6698=CARTESIAN_POINT('',(39.4080414480874,-6.2945853722579,0.));
#6699=CARTESIAN_POINT('',(28.9631650596857,4.29740786552429,0.2));
#6700=CARTESIAN_POINT('',(28.9631650596857,4.29740786552429,0.));
#6701=CARTESIAN_POINT('',(28.9631650596857,4.29740786552429,0.2));
#6702=CARTESIAN_POINT('Origin',(28.9631650596857,10.,0.));
#6703=CARTESIAN_POINT('',(28.9631650596857,10.,0.));
#6704=CARTESIAN_POINT('',(28.9631650596857,-13.72,0.));
#6705=CARTESIAN_POINT('',(28.9631650596857,10.,0.2));
#6706=CARTESIAN_POINT('',(28.9631650596857,10.,0.));
#6707=CARTESIAN_POINT('',(28.9631650596857,10.,0.2));
#6708=CARTESIAN_POINT('Origin',(30.1909969002008,10.,0.));
#6709=CARTESIAN_POINT('',(30.1909969002008,10.,0.));
#6710=CARTESIAN_POINT('',(29.6004984501004,10.,0.));
#6711=CARTESIAN_POINT('',(30.1909969002008,10.,0.2));
#6712=CARTESIAN_POINT('',(30.1909969002008,10.,0.));
#6713=CARTESIAN_POINT('',(30.1909969002008,10.,0.2));
#6714=CARTESIAN_POINT('Origin',(30.1909969002008,0.,0.));
#6715=CARTESIAN_POINT('',(30.1909969002008,0.,0.));
#6716=CARTESIAN_POINT('',(30.1909969002008,-18.72,0.));
#6717=CARTESIAN_POINT('',(30.1909969002008,0.,0.2));
#6718=CARTESIAN_POINT('',(30.1909969002008,0.,0.));
#6719=CARTESIAN_POINT('',(30.1909969002008,0.,0.2));
#6720=CARTESIAN_POINT('Origin',(28.9631650596857,0.,0.));
#6721=CARTESIAN_POINT('',(28.9865825298429,0.,0.));
#6722=CARTESIAN_POINT('',(28.9631650596857,0.,0.2));
#6723=CARTESIAN_POINT('Origin',(42.0941339805722,3.69713485240936,0.2));
#6724=CARTESIAN_POINT('Ctrl Pts',(58.0115962773561,0.225101709365845,0.));
#6725=CARTESIAN_POINT('Ctrl Pts',(58.0115962773561,0.225101709365845,0.2));
#6726=CARTESIAN_POINT('Ctrl Pts',(58.299744063927,0.371812030073224,0.));
#6727=CARTESIAN_POINT('Ctrl Pts',(58.299744063927,0.371812030073224,0.2));
#6728=CARTESIAN_POINT('Ctrl Pts',(58.8685095634898,0.661398737787362,0.));
#6729=CARTESIAN_POINT('Ctrl Pts',(58.8685095634898,0.661398737787362,0.2));
#6730=CARTESIAN_POINT('Ctrl Pts',(59.258482026466,1.16630512135542,0.));
#6731=CARTESIAN_POINT('Ctrl Pts',(59.258482026466,1.16630512135542,0.2));
#6732=CARTESIAN_POINT('Ctrl Pts',(59.4508867710829,1.41541600227356,0.));
#6733=CARTESIAN_POINT('Ctrl Pts',(59.4508867710829,1.41541600227356,0.2));
#6734=CARTESIAN_POINT('',(58.0115962773561,0.225101709365845,0.));
#6735=CARTESIAN_POINT('',(59.4508867710829,1.41541600227356,0.));
#6736=CARTESIAN_POINT('Ctrl Pts',(58.0115962773561,0.225101709365845,0.));
#6737=CARTESIAN_POINT('Ctrl Pts',(58.299744063927,0.371812030073224,0.));
#6738=CARTESIAN_POINT('Ctrl Pts',(58.8685095634898,0.661398737787362,0.));
#6739=CARTESIAN_POINT('Ctrl Pts',(59.258482026466,1.16630512135542,0.));
#6740=CARTESIAN_POINT('Ctrl Pts',(59.4508867710829,1.41541600227356,0.));
#6741=CARTESIAN_POINT('',(58.0115962773561,0.225101709365845,0.2));
#6742=CARTESIAN_POINT('',(58.0115962773561,0.225101709365845,0.));
#6743=CARTESIAN_POINT('',(59.4508867710829,1.41541600227356,0.2));
#6744=CARTESIAN_POINT('Ctrl Pts',(58.0115962773561,0.225101709365845,0.2));
#6745=CARTESIAN_POINT('Ctrl Pts',(58.299744063927,0.371812030073224,0.2));
#6746=CARTESIAN_POINT('Ctrl Pts',(58.8685095634898,0.661398737787362,0.2));
#6747=CARTESIAN_POINT('Ctrl Pts',(59.258482026466,1.16630512135542,0.2));
#6748=CARTESIAN_POINT('Ctrl Pts',(59.4508867710829,1.41541600227356,0.2));
#6749=CARTESIAN_POINT('',(59.4508867710829,1.41541600227356,0.));
#6750=CARTESIAN_POINT('Ctrl Pts',(55.7366985827684,-0.170532464981079,0.));
#6751=CARTESIAN_POINT('Ctrl Pts',(55.7366985827684,-0.170532464981079,0.2));
#6752=CARTESIAN_POINT('Ctrl Pts',(56.1565759700999,-0.159875930830975,0.));
#6753=CARTESIAN_POINT('Ctrl Pts',(56.1565759700999,-0.159875930830975,0.2));
#6754=CARTESIAN_POINT('Ctrl Pts',(56.9352922319917,-0.140112026680697,0.));
#6755=CARTESIAN_POINT('Ctrl Pts',(56.9352922319917,-0.140112026680697,0.2));
#6756=CARTESIAN_POINT('Ctrl Pts',(57.6720789036947,0.109895965206805,0.));
#6757=CARTESIAN_POINT('Ctrl Pts',(57.6720789036947,0.109895965206805,0.2));
#6758=CARTESIAN_POINT('Ctrl Pts',(58.0115962773561,0.225101709365845,0.));
#6759=CARTESIAN_POINT('Ctrl Pts',(58.0115962773561,0.225101709365845,0.2));
#6760=CARTESIAN_POINT('',(55.7366985827684,-0.170532464981079,0.));
#6761=CARTESIAN_POINT('Ctrl Pts',(55.7366985827684,-0.170532464981079,0.));
#6762=CARTESIAN_POINT('Ctrl Pts',(56.1565759700999,-0.159875930830975,0.));
#6763=CARTESIAN_POINT('Ctrl Pts',(56.9352922319917,-0.140112026680697,0.));
#6764=CARTESIAN_POINT('Ctrl Pts',(57.6720789036947,0.109895965206805,0.));
#6765=CARTESIAN_POINT('Ctrl Pts',(58.0115962773561,0.225101709365845,0.));
#6766=CARTESIAN_POINT('',(55.7366985827684,-0.170532464981079,0.2));
#6767=CARTESIAN_POINT('',(55.7366985827684,-0.170532464981079,0.));
#6768=CARTESIAN_POINT('Ctrl Pts',(55.7366985827684,-0.170532464981079,0.2));
#6769=CARTESIAN_POINT('Ctrl Pts',(56.1565759700999,-0.159875930830975,0.2));
#6770=CARTESIAN_POINT('Ctrl Pts',(56.9352922319917,-0.140112026680697,0.2));
#6771=CARTESIAN_POINT('Ctrl Pts',(57.6720789036947,0.109895965206805,0.2));
#6772=CARTESIAN_POINT('Ctrl Pts',(58.0115962773561,0.225101709365845,0.2));
#6773=CARTESIAN_POINT('Ctrl Pts',(53.8096860796213,0.221691131591797,0.));
#6774=CARTESIAN_POINT('Ctrl Pts',(53.8096860796213,0.221691131591797,0.2));
#6775=CARTESIAN_POINT('Ctrl Pts',(54.1095682663254,0.107327996280027,0.));
#6776=CARTESIAN_POINT('Ctrl Pts',(54.1095682663254,0.107327996280027,0.2));
#6777=CARTESIAN_POINT('Ctrl Pts',(54.7299617569152,-0.129265398915115,0.));
#6778=CARTESIAN_POINT('Ctrl Pts',(54.7299617569152,-0.129265398915115,0.2));
#6779=CARTESIAN_POINT('Ctrl Pts',(55.3937621511352,-0.156475186040641,0.));
#6780=CARTESIAN_POINT('Ctrl Pts',(55.3937621511352,-0.156475186040641,0.2));
#6781=CARTESIAN_POINT('Ctrl Pts',(55.7366985827684,-0.170532464981079,0.));
#6782=CARTESIAN_POINT('Ctrl Pts',(55.7366985827684,-0.170532464981079,0.2));
#6783=CARTESIAN_POINT('',(53.8096860796213,0.221691131591797,0.));
#6784=CARTESIAN_POINT('Ctrl Pts',(53.8096860796213,0.221691131591797,0.));
#6785=CARTESIAN_POINT('Ctrl Pts',(54.1095682663254,0.107327996280027,0.));
#6786=CARTESIAN_POINT('Ctrl Pts',(54.7299617569152,-0.129265398915115,0.));
#6787=CARTESIAN_POINT('Ctrl Pts',(55.3937621511352,-0.156475186040641,0.));
#6788=CARTESIAN_POINT('Ctrl Pts',(55.7366985827684,-0.170532464981079,0.));
#6789=CARTESIAN_POINT('',(53.8096860796213,0.221691131591797,0.2));
#6790=CARTESIAN_POINT('',(53.8096860796213,0.221691131591797,0.));
#6791=CARTESIAN_POINT('Ctrl Pts',(53.8096860796213,0.221691131591797,0.2));
#6792=CARTESIAN_POINT('Ctrl Pts',(54.1095682663254,0.107327996280027,0.2));
#6793=CARTESIAN_POINT('Ctrl Pts',(54.7299617569152,-0.129265398915115,0.2));
#6794=CARTESIAN_POINT('Ctrl Pts',(55.3937621511352,-0.156475186040641,0.2));
#6795=CARTESIAN_POINT('Ctrl Pts',(55.7366985827684,-0.170532464981079,0.2));
#6796=CARTESIAN_POINT('Ctrl Pts',(52.4965891987085,1.31991744041443,0.));
#6797=CARTESIAN_POINT('Ctrl Pts',(52.4965891987085,1.31991744041443,0.2));
#6798=CARTESIAN_POINT('Ctrl Pts',(52.6696150225722,1.09583498955713,0.));
#6799=CARTESIAN_POINT('Ctrl Pts',(52.6696150225722,1.09583498955713,0.2));
#6800=CARTESIAN_POINT('Ctrl Pts',(53.0263611526484,0.633819867326793,0.));
#6801=CARTESIAN_POINT('Ctrl Pts',(53.0263611526484,0.633819867326793,0.2));
#6802=CARTESIAN_POINT('Ctrl Pts',(53.543411088642,0.361785709986289,0.));
#6803=CARTESIAN_POINT('Ctrl Pts',(53.543411088642,0.361785709986289,0.2));
#6804=CARTESIAN_POINT('Ctrl Pts',(53.8096860796213,0.221691131591797,0.));
#6805=CARTESIAN_POINT('Ctrl Pts',(53.8096860796213,0.221691131591797,0.2));
#6806=CARTESIAN_POINT('',(52.4965891987085,1.31991744041443,0.));
#6807=CARTESIAN_POINT('Ctrl Pts',(52.4965891987085,1.31991744041443,0.));
#6808=CARTESIAN_POINT('Ctrl Pts',(52.6696150225722,1.09583498955713,0.));
#6809=CARTESIAN_POINT('Ctrl Pts',(53.0263611526484,0.633819867326793,0.));
#6810=CARTESIAN_POINT('Ctrl Pts',(53.543411088642,0.361785709986289,0.));
#6811=CARTESIAN_POINT('Ctrl Pts',(53.8096860796213,0.221691131591797,0.));
#6812=CARTESIAN_POINT('',(52.4965891987085,1.31991744041443,0.2));
#6813=CARTESIAN_POINT('',(52.4965891987085,1.31991744041443,0.));
#6814=CARTESIAN_POINT('Ctrl Pts',(52.4965891987085,1.31991744041443,0.2));
#6815=CARTESIAN_POINT('Ctrl Pts',(52.6696150225722,1.09583498955713,0.2));
#6816=CARTESIAN_POINT('Ctrl Pts',(53.0263611526484,0.633819867326793,0.2));
#6817=CARTESIAN_POINT('Ctrl Pts',(53.543411088642,0.361785709986289,0.2));
#6818=CARTESIAN_POINT('Ctrl Pts',(53.8096860796213,0.221691131591797,0.2));
#6819=CARTESIAN_POINT('Ctrl Pts',(52.0395634323359,2.82401084899902,0.));
#6820=CARTESIAN_POINT('Ctrl Pts',(52.0395634323359,2.82401084899902,0.2));
#6821=CARTESIAN_POINT('Ctrl Pts',(52.0596454425759,2.56022453422847,0.));
#6822=CARTESIAN_POINT('Ctrl Pts',(52.0596454425759,2.56022453422847,0.2));
#6823=CARTESIAN_POINT('Ctrl Pts',(52.1003769773462,2.02519734702956,0.));
#6824=CARTESIAN_POINT('Ctrl Pts',(52.1003769773462,2.02519734702956,0.2));
#6825=CARTESIAN_POINT('Ctrl Pts',(52.3632973644285,1.55718435790204,0.));
#6826=CARTESIAN_POINT('Ctrl Pts',(52.3632973644285,1.55718435790204,0.2));
#6827=CARTESIAN_POINT('Ctrl Pts',(52.4965891987085,1.31991744041443,0.));
#6828=CARTESIAN_POINT('Ctrl Pts',(52.4965891987085,1.31991744041443,0.2));
#6829=CARTESIAN_POINT('',(52.0395634323359,2.82401084899902,0.));
#6830=CARTESIAN_POINT('Ctrl Pts',(52.0395634323359,2.82401084899902,0.));
#6831=CARTESIAN_POINT('Ctrl Pts',(52.0596454425759,2.56022453422847,0.));
#6832=CARTESIAN_POINT('Ctrl Pts',(52.1003769773462,2.02519734702956,0.));
#6833=CARTESIAN_POINT('Ctrl Pts',(52.3632973644285,1.55718435790204,0.));
#6834=CARTESIAN_POINT('Ctrl Pts',(52.4965891987085,1.31991744041443,0.));
#6835=CARTESIAN_POINT('',(52.0395634323359,2.82401084899902,0.2));
#6836=CARTESIAN_POINT('',(52.0395634323359,2.82401084899902,0.));
#6837=CARTESIAN_POINT('Ctrl Pts',(52.0395634323359,2.82401084899902,0.2));
#6838=CARTESIAN_POINT('Ctrl Pts',(52.0596454425759,2.56022453422847,0.2));
#6839=CARTESIAN_POINT('Ctrl Pts',(52.1003769773462,2.02519734702956,0.2));
#6840=CARTESIAN_POINT('Ctrl Pts',(52.3632973644285,1.55718435790204,0.2));
#6841=CARTESIAN_POINT('Ctrl Pts',(52.4965891987085,1.31991744041443,0.2));
#6842=CARTESIAN_POINT('Ctrl Pts',(52.4556616693735,4.24624800682068,0.));
#6843=CARTESIAN_POINT('Ctrl Pts',(52.4556616693735,4.24624800682068,0.2));
#6844=CARTESIAN_POINT('Ctrl Pts',(52.3343143614506,4.02996848115496,0.));
#6845=CARTESIAN_POINT('Ctrl Pts',(52.3343143614506,4.02996848115496,0.2));
#6846=CARTESIAN_POINT('Ctrl Pts',(52.0864544654016,3.58820325647378,0.));
#6847=CARTESIAN_POINT('Ctrl Pts',(52.0864544654016,3.58820325647378,0.2));
#6848=CARTESIAN_POINT('Ctrl Pts',(52.0554094311841,3.08225621526561,0.));
#6849=CARTESIAN_POINT('Ctrl Pts',(52.0554094311841,3.08225621526561,0.2));
#6850=CARTESIAN_POINT('Ctrl Pts',(52.0395634323359,2.82401084899902,0.));
#6851=CARTESIAN_POINT('Ctrl Pts',(52.0395634323359,2.82401084899902,0.2));
#6852=CARTESIAN_POINT('',(52.4556616693735,4.24624800682068,0.));
#6853=CARTESIAN_POINT('Ctrl Pts',(52.4556616693735,4.24624800682068,0.));
#6854=CARTESIAN_POINT('Ctrl Pts',(52.3343143614506,4.02996848115496,0.));
#6855=CARTESIAN_POINT('Ctrl Pts',(52.0864544654016,3.58820325647378,0.));
#6856=CARTESIAN_POINT('Ctrl Pts',(52.0554094311841,3.08225621526561,0.));
#6857=CARTESIAN_POINT('Ctrl Pts',(52.0395634323359,2.82401084899902,0.));
#6858=CARTESIAN_POINT('',(52.4556616693735,4.24624800682068,0.2));
#6859=CARTESIAN_POINT('',(52.4556616693735,4.24624800682068,0.));
#6860=CARTESIAN_POINT('Ctrl Pts',(52.4556616693735,4.24624800682068,0.2));
#6861=CARTESIAN_POINT('Ctrl Pts',(52.3343143614506,4.02996848115496,0.2));
#6862=CARTESIAN_POINT('Ctrl Pts',(52.0864544654016,3.58820325647378,0.2));
#6863=CARTESIAN_POINT('Ctrl Pts',(52.0554094311841,3.08225621526561,0.2));
#6864=CARTESIAN_POINT('Ctrl Pts',(52.0395634323359,2.82401084899902,0.2));
#6865=CARTESIAN_POINT('Ctrl Pts',(53.7448839098215,5.26602983474731,0.));
#6866=CARTESIAN_POINT('Ctrl Pts',(53.7448839098215,5.26602983474731,0.2));
#6867=CARTESIAN_POINT('Ctrl Pts',(53.478401963982,5.13074909039874,0.));
#6868=CARTESIAN_POINT('Ctrl Pts',(53.478401963982,5.13074909039874,0.2));
#6869=CARTESIAN_POINT('Ctrl Pts',(52.9790012395044,4.87722609272362,0.));
#6870=CARTESIAN_POINT('Ctrl Pts',(52.9790012395044,4.87722609272362,0.2));
#6871=CARTESIAN_POINT('Ctrl Pts',(52.6221130788597,4.44693451658945,0.));
#6872=CARTESIAN_POINT('Ctrl Pts',(52.6221130788597,4.44693451658945,0.2));
#6873=CARTESIAN_POINT('Ctrl Pts',(52.4556616693735,4.24624800682068,0.));
#6874=CARTESIAN_POINT('Ctrl Pts',(52.4556616693735,4.24624800682068,0.2));
#6875=CARTESIAN_POINT('',(53.7448839098215,5.26602983474731,0.));
#6876=CARTESIAN_POINT('Ctrl Pts',(53.7448839098215,5.26602983474731,0.));
#6877=CARTESIAN_POINT('Ctrl Pts',(53.478401963982,5.13074909039874,0.));
#6878=CARTESIAN_POINT('Ctrl Pts',(52.9790012395044,4.87722609272362,0.));
#6879=CARTESIAN_POINT('Ctrl Pts',(52.6221130788597,4.44693451658945,0.));
#6880=CARTESIAN_POINT('Ctrl Pts',(52.4556616693735,4.24624800682068,0.));
#6881=CARTESIAN_POINT('',(53.7448839098215,5.26602983474731,0.2));
#6882=CARTESIAN_POINT('',(53.7448839098215,5.26602983474731,0.));
#6883=CARTESIAN_POINT('Ctrl Pts',(53.7448839098215,5.26602983474731,0.2));
#6884=CARTESIAN_POINT('Ctrl Pts',(53.478401963982,5.13074909039874,0.2));
#6885=CARTESIAN_POINT('Ctrl Pts',(52.9790012395044,4.87722609272362,0.2));
#6886=CARTESIAN_POINT('Ctrl Pts',(52.6221130788597,4.44693451658945,0.2));
#6887=CARTESIAN_POINT('Ctrl Pts',(52.4556616693735,4.24624800682068,0.2));
#6888=CARTESIAN_POINT('Ctrl Pts',(55.9583903104067,5.90381979942322,0.));
#6889=CARTESIAN_POINT('Ctrl Pts',(55.9583903104067,5.90381979942322,0.2));
#6890=CARTESIAN_POINT('Ctrl Pts',(55.5015083193082,5.80174647627045,0.));
#6891=CARTESIAN_POINT('Ctrl Pts',(55.5015083193082,5.80174647627045,0.2));
#6892=CARTESIAN_POINT('Ctrl Pts',(54.7503130240747,5.63391976912262,0.));
#6893=CARTESIAN_POINT('Ctrl Pts',(54.7503130240747,5.63391976912262,0.2));
#6894=CARTESIAN_POINT('Ctrl Pts',(54.0279147379449,5.3695917779101,0.));
#6895=CARTESIAN_POINT('Ctrl Pts',(54.0279147379449,5.3695917779101,0.2));
#6896=CARTESIAN_POINT('Ctrl Pts',(53.7448839098215,5.26602983474731,0.));
#6897=CARTESIAN_POINT('Ctrl Pts',(53.7448839098215,5.26602983474731,0.2));
#6898=CARTESIAN_POINT('',(55.9583903104067,5.90381979942322,0.));
#6899=CARTESIAN_POINT('Ctrl Pts',(55.9583903104067,5.90381979942322,0.));
#6900=CARTESIAN_POINT('Ctrl Pts',(55.5015083193082,5.80174647627045,0.));
#6901=CARTESIAN_POINT('Ctrl Pts',(54.7503130240747,5.63391976912262,0.));
#6902=CARTESIAN_POINT('Ctrl Pts',(54.0279147379449,5.3695917779101,0.));
#6903=CARTESIAN_POINT('Ctrl Pts',(53.7448839098215,5.26602983474731,0.));
#6904=CARTESIAN_POINT('',(55.9583903104067,5.90381979942322,0.2));
#6905=CARTESIAN_POINT('',(55.9583903104067,5.90381979942322,0.));
#6906=CARTESIAN_POINT('Ctrl Pts',(55.9583903104067,5.90381979942322,0.2));
#6907=CARTESIAN_POINT('Ctrl Pts',(55.5015083193082,5.80174647627045,0.2));
#6908=CARTESIAN_POINT('Ctrl Pts',(54.7503130240747,5.63391976912262,0.2));
#6909=CARTESIAN_POINT('Ctrl Pts',(54.0279147379449,5.3695917779101,0.2));
#6910=CARTESIAN_POINT('Ctrl Pts',(53.7448839098215,5.26602983474731,0.2));
#6911=CARTESIAN_POINT('Ctrl Pts',(57.9536152631044,6.61664366722107,0.));
#6912=CARTESIAN_POINT('Ctrl Pts',(57.9536152631044,6.61664366722107,0.2));
#6913=CARTESIAN_POINT('Ctrl Pts',(57.727120399535,6.49041440985529,0.));
#6914=CARTESIAN_POINT('Ctrl Pts',(57.727120399535,6.49041440985529,0.2));
#6915=CARTESIAN_POINT('Ctrl Pts',(57.1045598400137,6.14345132267906,0.));
#6916=CARTESIAN_POINT('Ctrl Pts',(57.1045598400137,6.14345132267906,0.2));
#6917=CARTESIAN_POINT('Ctrl Pts',(56.4040478123447,5.99699413644858,0.));
#6918=CARTESIAN_POINT('Ctrl Pts',(56.4040478123447,5.99699413644858,0.2));
#6919=CARTESIAN_POINT('Ctrl Pts',(55.9583903104067,5.90381979942322,0.));
#6920=CARTESIAN_POINT('Ctrl Pts',(55.9583903104067,5.90381979942322,0.2));
#6921=CARTESIAN_POINT('',(57.9536152631044,6.61664366722107,0.));
#6922=CARTESIAN_POINT('Ctrl Pts',(57.9536152631044,6.61664366722107,0.));
#6923=CARTESIAN_POINT('Ctrl Pts',(57.727120399535,6.49041440985529,0.));
#6924=CARTESIAN_POINT('Ctrl Pts',(57.1045598400137,6.14345132267906,0.));
#6925=CARTESIAN_POINT('Ctrl Pts',(56.4040478123447,5.99699413644858,0.));
#6926=CARTESIAN_POINT('Ctrl Pts',(55.9583903104067,5.90381979942322,0.));
#6927=CARTESIAN_POINT('',(57.9536152631044,6.61664366722107,0.2));
#6928=CARTESIAN_POINT('',(57.9536152631044,6.61664366722107,0.));
#6929=CARTESIAN_POINT('Ctrl Pts',(57.9536152631044,6.61664366722107,0.2));
#6930=CARTESIAN_POINT('Ctrl Pts',(57.727120399535,6.49041440985529,0.2));
#6931=CARTESIAN_POINT('Ctrl Pts',(57.1045598400137,6.14345132267906,0.2));
#6932=CARTESIAN_POINT('Ctrl Pts',(56.4040478123447,5.99699413644858,0.2));
#6933=CARTESIAN_POINT('Ctrl Pts',(55.9583903104067,5.90381979942322,0.2));
#6934=CARTESIAN_POINT('Ctrl Pts',(58.3424282819033,7.5034099817276,0.));
#6935=CARTESIAN_POINT('Ctrl Pts',(58.3424282819033,7.5034099817276,0.2));
#6936=CARTESIAN_POINT('Ctrl Pts',(58.3268349632318,7.33228828052896,0.));
#6937=CARTESIAN_POINT('Ctrl Pts',(58.3268349632318,7.33228828052896,0.2));
#6938=CARTESIAN_POINT('Ctrl Pts',(58.2959338867842,6.99317863478965,0.));
#6939=CARTESIAN_POINT('Ctrl Pts',(58.2959338867842,6.99317863478965,0.2));
#6940=CARTESIAN_POINT('Ctrl Pts',(58.0670163185861,6.74137968739148,0.));
#6941=CARTESIAN_POINT('Ctrl Pts',(58.0670163185861,6.74137968739148,0.2));
#6942=CARTESIAN_POINT('Ctrl Pts',(57.9536152631044,6.61664366722107,0.));
#6943=CARTESIAN_POINT('Ctrl Pts',(57.9536152631044,6.61664366722107,0.2));
#6944=CARTESIAN_POINT('',(58.3424282819033,7.5034099817276,0.));
#6945=CARTESIAN_POINT('Ctrl Pts',(58.3424282819033,7.5034099817276,0.));
#6946=CARTESIAN_POINT('Ctrl Pts',(58.3268349632318,7.33228828052896,0.));
#6947=CARTESIAN_POINT('Ctrl Pts',(58.2959338867842,6.99317863478965,0.));
#6948=CARTESIAN_POINT('Ctrl Pts',(58.0670163185861,6.74137968739148,0.));
#6949=CARTESIAN_POINT('Ctrl Pts',(57.9536152631044,6.61664366722107,0.));
#6950=CARTESIAN_POINT('',(58.3424282819033,7.5034099817276,0.2));
#6951=CARTESIAN_POINT('',(58.3424282819033,7.5034099817276,0.));
#6952=CARTESIAN_POINT('Ctrl Pts',(58.3424282819033,7.5034099817276,0.2));
#6953=CARTESIAN_POINT('Ctrl Pts',(58.3268349632318,7.33228828052896,0.2));
#6954=CARTESIAN_POINT('Ctrl Pts',(58.2959338867842,6.99317863478965,0.2));
#6955=CARTESIAN_POINT('Ctrl Pts',(58.0670163185861,6.74137968739148,0.2));
#6956=CARTESIAN_POINT('Ctrl Pts',(57.9536152631044,6.61664366722107,0.2));
#6957=CARTESIAN_POINT('Ctrl Pts',(57.793315127492,8.56411933898926,0.));
#6958=CARTESIAN_POINT('Ctrl Pts',(57.793315127492,8.56411933898926,0.2));
#6959=CARTESIAN_POINT('Ctrl Pts',(57.9534101467612,8.41395931873893,0.));
#6960=CARTESIAN_POINT('Ctrl Pts',(57.9534101467612,8.41395931873893,0.2));
#6961=CARTESIAN_POINT('Ctrl Pts',(58.262355620137,8.12418604065622,0.));
#6962=CARTESIAN_POINT('Ctrl Pts',(58.262355620137,8.12418604065622,0.2));
#6963=CARTESIAN_POINT('Ctrl Pts',(58.316392986808,7.70525275210386,0.));
#6964=CARTESIAN_POINT('Ctrl Pts',(58.316392986808,7.70525275210386,0.2));
#6965=CARTESIAN_POINT('Ctrl Pts',(58.3424282819033,7.5034099817276,0.));
#6966=CARTESIAN_POINT('Ctrl Pts',(58.3424282819033,7.5034099817276,0.2));
#6967=CARTESIAN_POINT('',(57.793315127492,8.56411933898926,0.));
#6968=CARTESIAN_POINT('Ctrl Pts',(57.793315127492,8.56411933898926,0.));
#6969=CARTESIAN_POINT('Ctrl Pts',(57.9534101467612,8.41395931873893,0.));
#6970=CARTESIAN_POINT('Ctrl Pts',(58.262355620137,8.12418604065622,0.));
#6971=CARTESIAN_POINT('Ctrl Pts',(58.316392986808,7.70525275210386,0.));
#6972=CARTESIAN_POINT('Ctrl Pts',(58.3424282819033,7.5034099817276,0.));
#6973=CARTESIAN_POINT('',(57.793315127492,8.56411933898926,0.2));
#6974=CARTESIAN_POINT('',(57.793315127492,8.56411933898926,0.));
#6975=CARTESIAN_POINT('Ctrl Pts',(57.793315127492,8.56411933898926,0.2));
#6976=CARTESIAN_POINT('Ctrl Pts',(57.9534101467612,8.41395931873893,0.2));
#6977=CARTESIAN_POINT('Ctrl Pts',(58.262355620137,8.12418604065622,0.2));
#6978=CARTESIAN_POINT('Ctrl Pts',(58.316392986808,7.70525275210386,0.2));
#6979=CARTESIAN_POINT('Ctrl Pts',(58.3424282819033,7.5034099817276,0.2));
#6980=CARTESIAN_POINT('Ctrl Pts',(56.043656244874,9.0040922164917,0.));
#6981=CARTESIAN_POINT('Ctrl Pts',(56.043656244874,9.0040922164917,0.2));
#6982=CARTESIAN_POINT('Ctrl Pts',(56.3982021406696,8.99870655634335,0.));
#6983=CARTESIAN_POINT('Ctrl Pts',(56.3982021406696,8.99870655634335,0.2));
#6984=CARTESIAN_POINT('Ctrl Pts',(57.0193699229229,8.98927082852927,0.));
#6985=CARTESIAN_POINT('Ctrl Pts',(57.0193699229229,8.98927082852927,0.2));
#6986=CARTESIAN_POINT('Ctrl Pts',(57.5608831250372,8.69180126204662,0.));
#6987=CARTESIAN_POINT('Ctrl Pts',(57.5608831250372,8.69180126204662,0.2));
#6988=CARTESIAN_POINT('Ctrl Pts',(57.793315127492,8.56411933898926,0.));
#6989=CARTESIAN_POINT('Ctrl Pts',(57.793315127492,8.56411933898926,0.2));
#6990=CARTESIAN_POINT('',(56.043656244874,9.0040922164917,0.));
#6991=CARTESIAN_POINT('Ctrl Pts',(56.043656244874,9.0040922164917,0.));
#6992=CARTESIAN_POINT('Ctrl Pts',(56.3982021406696,8.99870655634335,0.));
#6993=CARTESIAN_POINT('Ctrl Pts',(57.0193699229229,8.98927082852927,0.));
#6994=CARTESIAN_POINT('Ctrl Pts',(57.5608831250372,8.69180126204662,0.));
#6995=CARTESIAN_POINT('Ctrl Pts',(57.793315127492,8.56411933898926,0.));
#6996=CARTESIAN_POINT('',(56.043656244874,9.0040922164917,0.2));
#6997=CARTESIAN_POINT('',(56.043656244874,9.0040922164917,0.));
#6998=CARTESIAN_POINT('Ctrl Pts',(56.043656244874,9.0040922164917,0.2));
#6999=CARTESIAN_POINT('Ctrl Pts',(56.3982021406696,8.99870655634335,0.2));
#7000=CARTESIAN_POINT('Ctrl Pts',(57.0193699229229,8.98927082852927,0.2));
#7001=CARTESIAN_POINT('Ctrl Pts',(57.5608831250372,8.69180126204662,0.2));
#7002=CARTESIAN_POINT('Ctrl Pts',(57.793315127492,8.56411933898926,0.2));
#7003=CARTESIAN_POINT('Ctrl Pts',(54.3008182197809,8.51978123188019,0.));
#7004=CARTESIAN_POINT('Ctrl Pts',(54.3008182197809,8.51978123188019,0.2));
#7005=CARTESIAN_POINT('Ctrl Pts',(54.5385021271674,8.66059288223617,0.));
#7006=CARTESIAN_POINT('Ctrl Pts',(54.5385021271674,8.66059288223617,0.2));
#7007=CARTESIAN_POINT('Ctrl Pts',(55.073083093051,8.97729597283519,0.));
#7008=CARTESIAN_POINT('Ctrl Pts',(55.073083093051,8.97729597283519,0.2));
#7009=CARTESIAN_POINT('Ctrl Pts',(55.6970922884217,8.9945240430859,0.));
#7010=CARTESIAN_POINT('Ctrl Pts',(55.6970922884217,8.9945240430859,0.2));
#7011=CARTESIAN_POINT('Ctrl Pts',(56.043656244874,9.0040922164917,0.));
#7012=CARTESIAN_POINT('Ctrl Pts',(56.043656244874,9.0040922164917,0.2));
#7013=CARTESIAN_POINT('',(54.3008182197809,8.51978123188019,0.));
#7014=CARTESIAN_POINT('Ctrl Pts',(54.3008182197809,8.51978123188019,0.));
#7015=CARTESIAN_POINT('Ctrl Pts',(54.5385021271674,8.66059288223617,0.));
#7016=CARTESIAN_POINT('Ctrl Pts',(55.073083093051,8.97729597283519,0.));
#7017=CARTESIAN_POINT('Ctrl Pts',(55.6970922884217,8.9945240430859,0.));
#7018=CARTESIAN_POINT('Ctrl Pts',(56.043656244874,9.0040922164917,0.));
#7019=CARTESIAN_POINT('',(54.3008182197809,8.51978123188019,0.2));
#7020=CARTESIAN_POINT('',(54.3008182197809,8.51978123188019,0.));
#7021=CARTESIAN_POINT('Ctrl Pts',(54.3008182197809,8.51978123188019,0.2));
#7022=CARTESIAN_POINT('Ctrl Pts',(54.5385021271674,8.66059288223617,0.2));
#7023=CARTESIAN_POINT('Ctrl Pts',(55.073083093051,8.97729597283519,0.2));
#7024=CARTESIAN_POINT('Ctrl Pts',(55.6970922884217,8.9945240430859,0.2));
#7025=CARTESIAN_POINT('Ctrl Pts',(56.043656244874,9.0040922164917,0.2));
#7026=CARTESIAN_POINT('Ctrl Pts',(53.6084584146738,7.08731174468994,0.));
#7027=CARTESIAN_POINT('Ctrl Pts',(53.6084584146738,7.08731174468994,0.2));
#7028=CARTESIAN_POINT('Ctrl Pts',(53.6561477481931,7.37821103860215,0.));
#7029=CARTESIAN_POINT('Ctrl Pts',(53.6561477481931,7.37821103860215,0.2));
#7030=CARTESIAN_POINT('Ctrl Pts',(53.7459566454456,7.92603468950769,0.));
#7031=CARTESIAN_POINT('Ctrl Pts',(53.7459566454456,7.92603468950769,0.2));
#7032=CARTESIAN_POINT('Ctrl Pts',(54.1236727633061,8.330221335964,0.));
#7033=CARTESIAN_POINT('Ctrl Pts',(54.1236727633061,8.330221335964,0.2));
#7034=CARTESIAN_POINT('Ctrl Pts',(54.3008182197809,8.51978123188019,0.));
#7035=CARTESIAN_POINT('Ctrl Pts',(54.3008182197809,8.51978123188019,0.2));
#7036=CARTESIAN_POINT('',(53.6084584146738,7.08731174468994,0.));
#7037=CARTESIAN_POINT('Ctrl Pts',(53.6084584146738,7.08731174468994,0.));
#7038=CARTESIAN_POINT('Ctrl Pts',(53.6561477481931,7.37821103860215,0.));
#7039=CARTESIAN_POINT('Ctrl Pts',(53.7459566454456,7.92603468950769,0.));
#7040=CARTESIAN_POINT('Ctrl Pts',(54.1236727633061,8.330221335964,0.));
#7041=CARTESIAN_POINT('Ctrl Pts',(54.3008182197809,8.51978123188019,0.));
#7042=CARTESIAN_POINT('',(53.6084584146738,7.08731174468994,0.2));
#7043=CARTESIAN_POINT('',(53.6084584146738,7.08731174468994,0.));
#7044=CARTESIAN_POINT('Ctrl Pts',(53.6084584146738,7.08731174468994,0.2));
#7045=CARTESIAN_POINT('Ctrl Pts',(53.6561477481931,7.37821103860215,0.2));
#7046=CARTESIAN_POINT('Ctrl Pts',(53.7459566454456,7.92603468950769,0.2));
#7047=CARTESIAN_POINT('Ctrl Pts',(54.1236727633061,8.330221335964,0.2));
#7048=CARTESIAN_POINT('Ctrl Pts',(54.3008182197809,8.51978123188019,0.2));
#7049=CARTESIAN_POINT('Origin',(52.3396996408701,7.18280971050262,0.));
#7050=CARTESIAN_POINT('',(52.3396996408701,7.18280971050262,0.));
#7051=CARTESIAN_POINT('',(42.4104558404253,7.93017209693793,0.));
#7052=CARTESIAN_POINT('',(52.3396996408701,7.18280971050262,0.2));
#7053=CARTESIAN_POINT('',(52.3396996408701,7.18280971050262,0.));
#7054=CARTESIAN_POINT('',(52.3396996408701,7.18280971050262,0.2));
#7055=CARTESIAN_POINT('Ctrl Pts',(52.8308317810297,8.75852584838867,0.));
#7056=CARTESIAN_POINT('Ctrl Pts',(52.8308317810297,8.75852584838867,0.2));
#7057=CARTESIAN_POINT('Ctrl Pts',(52.6960371181644,8.51681011836275,0.));
#7058=CARTESIAN_POINT('Ctrl Pts',(52.6960371181644,8.51681011836275,0.2));
#7059=CARTESIAN_POINT('Ctrl Pts',(52.4223825273259,8.0260887663935,0.));
#7060=CARTESIAN_POINT('Ctrl Pts',(52.4223825273259,8.0260887663935,0.2));
#7061=CARTESIAN_POINT('Ctrl Pts',(52.3675322119295,7.46667285621604,0.));
#7062=CARTESIAN_POINT('Ctrl Pts',(52.3675322119295,7.46667285621604,0.2));
#7063=CARTESIAN_POINT('Ctrl Pts',(52.3396996408701,7.18280971050262,0.));
#7064=CARTESIAN_POINT('Ctrl Pts',(52.3396996408701,7.18280971050262,0.2));
#7065=CARTESIAN_POINT('',(52.8308317810297,8.75852584838867,0.));
#7066=CARTESIAN_POINT('Ctrl Pts',(52.8308317810297,8.75852584838867,0.));
#7067=CARTESIAN_POINT('Ctrl Pts',(52.6960371181644,8.51681011836275,0.));
#7068=CARTESIAN_POINT('Ctrl Pts',(52.4223825273259,8.0260887663935,0.));
#7069=CARTESIAN_POINT('Ctrl Pts',(52.3675322119295,7.46667285621604,0.));
#7070=CARTESIAN_POINT('Ctrl Pts',(52.3396996408701,7.18280971050262,0.));
#7071=CARTESIAN_POINT('',(52.8308317810297,8.75852584838867,0.2));
#7072=CARTESIAN_POINT('',(52.8308317810297,8.75852584838867,0.));
#7073=CARTESIAN_POINT('Ctrl Pts',(52.8308317810297,8.75852584838867,0.2));
#7074=CARTESIAN_POINT('Ctrl Pts',(52.6960371181644,8.51681011836275,0.2));
#7075=CARTESIAN_POINT('Ctrl Pts',(52.4223825273259,8.0260887663935,0.2));
#7076=CARTESIAN_POINT('Ctrl Pts',(52.3675322119295,7.46667285621604,0.2));
#7077=CARTESIAN_POINT('Ctrl Pts',(52.3396996408701,7.18280971050262,0.2));
#7078=CARTESIAN_POINT('Ctrl Pts',(54.1371075063944,9.81241405010223,0.));
#7079=CARTESIAN_POINT('Ctrl Pts',(54.1371075063944,9.81241405010223,0.2));
#7080=CARTESIAN_POINT('Ctrl Pts',(53.8725754202131,9.68227594672584,0.));
#7081=CARTESIAN_POINT('Ctrl Pts',(53.8725754202131,9.68227594672584,0.2));
#7082=CARTESIAN_POINT('Ctrl Pts',(53.35749709439,9.42888015878733,0.));
#7083=CARTESIAN_POINT('Ctrl Pts',(53.35749709439,9.42888015878733,0.2));
#7084=CARTESIAN_POINT('Ctrl Pts',(53.0031799785201,8.97789544449889,0.));
#7085=CARTESIAN_POINT('Ctrl Pts',(53.0031799785201,8.97789544449889,0.2));
#7086=CARTESIAN_POINT('Ctrl Pts',(52.8308317810297,8.75852584838867,0.));
#7087=CARTESIAN_POINT('Ctrl Pts',(52.8308317810297,8.75852584838867,0.2));
#7088=CARTESIAN_POINT('',(54.1371075063944,9.81241405010223,0.));
#7089=CARTESIAN_POINT('Ctrl Pts',(54.1371075063944,9.81241405010223,0.));
#7090=CARTESIAN_POINT('Ctrl Pts',(53.8725754202131,9.68227594672584,0.));
#7091=CARTESIAN_POINT('Ctrl Pts',(53.35749709439,9.42888015878733,0.));
#7092=CARTESIAN_POINT('Ctrl Pts',(53.0031799785201,8.97789544449889,0.));
#7093=CARTESIAN_POINT('Ctrl Pts',(52.8308317810297,8.75852584838867,0.));
#7094=CARTESIAN_POINT('',(54.1371075063944,9.81241405010223,0.2));
#7095=CARTESIAN_POINT('',(54.1371075063944,9.81241405010223,0.));
#7096=CARTESIAN_POINT('Ctrl Pts',(54.1371075063944,9.81241405010223,0.2));
#7097=CARTESIAN_POINT('Ctrl Pts',(53.8725754202131,9.68227594672584,0.2));
#7098=CARTESIAN_POINT('Ctrl Pts',(53.35749709439,9.42888015878733,0.2));
#7099=CARTESIAN_POINT('Ctrl Pts',(53.0031799785201,8.97789544449889,0.2));
#7100=CARTESIAN_POINT('Ctrl Pts',(52.8308317810297,8.75852584838867,0.2));
#7101=CARTESIAN_POINT('Ctrl Pts',(56.0982263833284,10.1705312728882,0.));
#7102=CARTESIAN_POINT('Ctrl Pts',(56.0982263833284,10.1705312728882,0.2));
#7103=CARTESIAN_POINT('Ctrl Pts',(55.746108344587,10.1587035686203,0.));
#7104=CARTESIAN_POINT('Ctrl Pts',(55.746108344587,10.1587035686203,0.2));
#7105=CARTESIAN_POINT('Ctrl Pts',(55.0742403631754,10.1361354098869,0.));
#7106=CARTESIAN_POINT('Ctrl Pts',(55.0742403631754,10.1361354098869,0.2));
#7107=CARTESIAN_POINT('Ctrl Pts',(54.4392885883948,9.91679889805475,0.));
#7108=CARTESIAN_POINT('Ctrl Pts',(54.4392885883948,9.91679889805475,0.2));
#7109=CARTESIAN_POINT('Ctrl Pts',(54.1371075063944,9.81241405010223,0.));
#7110=CARTESIAN_POINT('Ctrl Pts',(54.1371075063944,9.81241405010223,0.2));
#7111=CARTESIAN_POINT('',(56.0982263833284,10.1705312728882,0.));
#7112=CARTESIAN_POINT('Ctrl Pts',(56.0982263833284,10.1705312728882,0.));
#7113=CARTESIAN_POINT('Ctrl Pts',(55.746108344587,10.1587035686203,0.));
#7114=CARTESIAN_POINT('Ctrl Pts',(55.0742403631754,10.1361354098869,0.));
#7115=CARTESIAN_POINT('Ctrl Pts',(54.4392885883948,9.91679889805475,0.));
#7116=CARTESIAN_POINT('Ctrl Pts',(54.1371075063944,9.81241405010223,0.));
#7117=CARTESIAN_POINT('',(56.0982263833284,10.1705312728882,0.2));
#7118=CARTESIAN_POINT('',(56.0982263833284,10.1705312728882,0.));
#7119=CARTESIAN_POINT('Ctrl Pts',(56.0982263833284,10.1705312728882,0.2));
#7120=CARTESIAN_POINT('Ctrl Pts',(55.746108344587,10.1587035686203,0.2));
#7121=CARTESIAN_POINT('Ctrl Pts',(55.0742403631754,10.1361354098869,0.2));
#7122=CARTESIAN_POINT('Ctrl Pts',(54.4392885883948,9.91679889805475,0.2));
#7123=CARTESIAN_POINT('Ctrl Pts',(54.1371075063944,9.81241405010223,0.2));
#7124=CARTESIAN_POINT('Ctrl Pts',(57.9331514984369,9.82946753501892,0.));
#7125=CARTESIAN_POINT('Ctrl Pts',(57.9331514984369,9.82946753501892,0.2));
#7126=CARTESIAN_POINT('Ctrl Pts',(57.6453606243568,9.92891711112365,0.));
#7127=CARTESIAN_POINT('Ctrl Pts',(57.6453606243568,9.92891711112365,0.2));
#7128=CARTESIAN_POINT('Ctrl Pts',(57.0510558571494,10.1342862263352,0.));
#7129=CARTESIAN_POINT('Ctrl Pts',(57.0510558571494,10.1342862263352,0.2));
#7130=CARTESIAN_POINT('Ctrl Pts',(56.4224375529758,10.1581984796028,0.));
#7131=CARTESIAN_POINT('Ctrl Pts',(56.4224375529758,10.1581984796028,0.2));
#7132=CARTESIAN_POINT('Ctrl Pts',(56.0982263833284,10.1705312728882,0.));
#7133=CARTESIAN_POINT('Ctrl Pts',(56.0982263833284,10.1705312728882,0.2));
#7134=CARTESIAN_POINT('',(57.9331514984369,9.82946753501892,0.));
#7135=CARTESIAN_POINT('Ctrl Pts',(57.9331514984369,9.82946753501892,0.));
#7136=CARTESIAN_POINT('Ctrl Pts',(57.6453606243568,9.92891711112365,0.));
#7137=CARTESIAN_POINT('Ctrl Pts',(57.0510558571494,10.1342862263352,0.));
#7138=CARTESIAN_POINT('Ctrl Pts',(56.4224375529758,10.1581984796028,0.));
#7139=CARTESIAN_POINT('Ctrl Pts',(56.0982263833284,10.1705312728882,0.));
#7140=CARTESIAN_POINT('',(57.9331514984369,9.82946753501892,0.2));
#7141=CARTESIAN_POINT('',(57.9331514984369,9.82946753501892,0.));
#7142=CARTESIAN_POINT('Ctrl Pts',(57.9331514984369,9.82946753501892,0.2));
#7143=CARTESIAN_POINT('Ctrl Pts',(57.6453606243568,9.92891711112365,0.2));
#7144=CARTESIAN_POINT('Ctrl Pts',(57.0510558571494,10.1342862263352,0.2));
#7145=CARTESIAN_POINT('Ctrl Pts',(56.4224375529758,10.1581984796028,0.2));
#7146=CARTESIAN_POINT('Ctrl Pts',(56.0982263833284,10.1705312728882,0.2));
#7147=CARTESIAN_POINT('Ctrl Pts',(59.188267365098,8.83014976978302,0.));
#7148=CARTESIAN_POINT('Ctrl Pts',(59.188267365098,8.83014976978302,0.2));
#7149=CARTESIAN_POINT('Ctrl Pts',(59.0241199485239,9.03813098969233,0.));
#7150=CARTESIAN_POINT('Ctrl Pts',(59.0241199485239,9.03813098969233,0.2));
#7151=CARTESIAN_POINT('Ctrl Pts',(58.6842433422846,9.46876799062466,0.));
#7152=CARTESIAN_POINT('Ctrl Pts',(58.6842433422846,9.46876799062466,0.2));
#7153=CARTESIAN_POINT('Ctrl Pts',(58.189139235836,9.70653362086886,0.));
#7154=CARTESIAN_POINT('Ctrl Pts',(58.189139235836,9.70653362086886,0.2));
#7155=CARTESIAN_POINT('Ctrl Pts',(57.9331514984369,9.82946753501892,0.));
#7156=CARTESIAN_POINT('Ctrl Pts',(57.9331514984369,9.82946753501892,0.2));
#7157=CARTESIAN_POINT('',(59.188267365098,8.83014976978302,0.));
#7158=CARTESIAN_POINT('Ctrl Pts',(59.188267365098,8.83014976978302,0.));
#7159=CARTESIAN_POINT('Ctrl Pts',(59.0241199485239,9.03813098969233,0.));
#7160=CARTESIAN_POINT('Ctrl Pts',(58.6842433422846,9.46876799062466,0.));
#7161=CARTESIAN_POINT('Ctrl Pts',(58.189139235836,9.70653362086886,0.));
#7162=CARTESIAN_POINT('Ctrl Pts',(57.9331514984369,9.82946753501892,0.));
#7163=CARTESIAN_POINT('',(59.188267365098,8.83014976978302,0.2));
#7164=CARTESIAN_POINT('',(59.188267365098,8.83014976978302,0.));
#7165=CARTESIAN_POINT('Ctrl Pts',(59.188267365098,8.83014976978302,0.2));
#7166=CARTESIAN_POINT('Ctrl Pts',(59.0241199485239,9.03813098969233,0.2));
#7167=CARTESIAN_POINT('Ctrl Pts',(58.6842433422846,9.46876799062466,0.2));
#7168=CARTESIAN_POINT('Ctrl Pts',(58.189139235836,9.70653362086886,0.2));
#7169=CARTESIAN_POINT('Ctrl Pts',(57.9331514984369,9.82946753501892,0.2));
#7170=CARTESIAN_POINT('Ctrl Pts',(59.6180082112551,7.41473376750946,0.));
#7171=CARTESIAN_POINT('Ctrl Pts',(59.6180082112551,7.41473376750946,0.2));
#7172=CARTESIAN_POINT('Ctrl Pts',(59.5993974929372,7.66407334524431,0.));
#7173=CARTESIAN_POINT('Ctrl Pts',(59.5993974929372,7.66407334524431,0.2));
#7174=CARTESIAN_POINT('Ctrl Pts',(59.561800490804,8.16778418949503,0.));
#7175=CARTESIAN_POINT('Ctrl Pts',(59.561800490804,8.16778418949503,0.2));
#7176=CARTESIAN_POINT('Ctrl Pts',(59.3136048356991,8.60789578283166,0.));
#7177=CARTESIAN_POINT('Ctrl Pts',(59.3136048356991,8.60789578283166,0.2));
#7178=CARTESIAN_POINT('Ctrl Pts',(59.188267365098,8.83014976978302,0.));
#7179=CARTESIAN_POINT('Ctrl Pts',(59.188267365098,8.83014976978302,0.2));
#7180=CARTESIAN_POINT('',(59.6180082112551,7.41473376750946,0.));
#7181=CARTESIAN_POINT('Ctrl Pts',(59.6180082112551,7.41473376750946,0.));
#7182=CARTESIAN_POINT('Ctrl Pts',(59.5993974929372,7.66407334524431,0.));
#7183=CARTESIAN_POINT('Ctrl Pts',(59.561800490804,8.16778418949503,0.));
#7184=CARTESIAN_POINT('Ctrl Pts',(59.3136048356991,8.60789578283166,0.));
#7185=CARTESIAN_POINT('Ctrl Pts',(59.188267365098,8.83014976978302,0.));
#7186=CARTESIAN_POINT('',(59.6180082112551,7.41473376750946,0.2));
#7187=CARTESIAN_POINT('',(59.6180082112551,7.41473376750946,0.));
#7188=CARTESIAN_POINT('Ctrl Pts',(59.6180082112551,7.41473376750946,0.2));
#7189=CARTESIAN_POINT('Ctrl Pts',(59.5993974929372,7.66407334524431,0.2));
#7190=CARTESIAN_POINT('Ctrl Pts',(59.561800490804,8.16778418949503,0.2));
#7191=CARTESIAN_POINT('Ctrl Pts',(59.3136048356991,8.60789578283166,0.2));
#7192=CARTESIAN_POINT('Ctrl Pts',(59.188267365098,8.83014976978302,0.2));
#7193=CARTESIAN_POINT('Ctrl Pts',(59.2667121440172,6.16984963417053,0.));
#7194=CARTESIAN_POINT('Ctrl Pts',(59.2667121440172,6.16984963417053,0.2));
#7195=CARTESIAN_POINT('Ctrl Pts',(59.3691690889481,6.36208822137163,0.));
#7196=CARTESIAN_POINT('Ctrl Pts',(59.3691690889481,6.36208822137163,0.2));
#7197=CARTESIAN_POINT('Ctrl Pts',(59.5766445518647,6.75137164083,0.));
#7198=CARTESIAN_POINT('Ctrl Pts',(59.5766445518647,6.75137164083,0.2));
#7199=CARTESIAN_POINT('Ctrl Pts',(59.6041073028437,7.19180048978507,0.));
#7200=CARTESIAN_POINT('Ctrl Pts',(59.6041073028437,7.19180048978507,0.2));
#7201=CARTESIAN_POINT('Ctrl Pts',(59.6180082112551,7.41473376750946,0.));
#7202=CARTESIAN_POINT('Ctrl Pts',(59.6180082112551,7.41473376750946,0.2));
#7203=CARTESIAN_POINT('',(59.2667121440172,6.16984963417053,0.));
#7204=CARTESIAN_POINT('Ctrl Pts',(59.2667121440172,6.16984963417053,0.));
#7205=CARTESIAN_POINT('Ctrl Pts',(59.3691690889481,6.36208822137163,0.));
#7206=CARTESIAN_POINT('Ctrl Pts',(59.5766445518647,6.75137164083,0.));
#7207=CARTESIAN_POINT('Ctrl Pts',(59.6041073028437,7.19180048978507,0.));
#7208=CARTESIAN_POINT('Ctrl Pts',(59.6180082112551,7.41473376750946,0.));
#7209=CARTESIAN_POINT('',(59.2667121440172,6.16984963417053,0.2));
#7210=CARTESIAN_POINT('',(59.2667121440172,6.16984963417053,0.));
#7211=CARTESIAN_POINT('Ctrl Pts',(59.2667121440172,6.16984963417053,0.2));
#7212=CARTESIAN_POINT('Ctrl Pts',(59.3691690889481,6.36208822137163,0.2));
#7213=CARTESIAN_POINT('Ctrl Pts',(59.5766445518647,6.75137164083,0.2));
#7214=CARTESIAN_POINT('Ctrl Pts',(59.6041073028437,7.19180048978507,0.2));
#7215=CARTESIAN_POINT('Ctrl Pts',(59.6180082112551,7.41473376750946,0.2));
#7216=CARTESIAN_POINT('Ctrl Pts',(58.1991813331842,5.23874461650848,0.));
#7217=CARTESIAN_POINT('Ctrl Pts',(58.1991813331842,5.23874461650848,0.2));
#7218=CARTESIAN_POINT('Ctrl Pts',(58.4190904611721,5.36578501577082,0.));
#7219=CARTESIAN_POINT('Ctrl Pts',(58.4190904611721,5.36578501577082,0.2));
#7220=CARTESIAN_POINT('Ctrl Pts',(58.8363043466719,5.60680738294877,0.));
#7221=CARTESIAN_POINT('Ctrl Pts',(58.8363043466719,5.60680738294877,0.2));
#7222=CARTESIAN_POINT('Ctrl Pts',(59.1285202322629,5.98907250704903,0.));
#7223=CARTESIAN_POINT('Ctrl Pts',(59.1285202322629,5.98907250704903,0.2));
#7224=CARTESIAN_POINT('Ctrl Pts',(59.2667121440172,6.16984963417053,0.));
#7225=CARTESIAN_POINT('Ctrl Pts',(59.2667121440172,6.16984963417053,0.2));
#7226=CARTESIAN_POINT('',(58.1991813331842,5.23874461650848,0.));
#7227=CARTESIAN_POINT('Ctrl Pts',(58.1991813331842,5.23874461650848,0.));
#7228=CARTESIAN_POINT('Ctrl Pts',(58.4190904611721,5.36578501577082,0.));
#7229=CARTESIAN_POINT('Ctrl Pts',(58.8363043466719,5.60680738294877,0.));
#7230=CARTESIAN_POINT('Ctrl Pts',(59.1285202322629,5.98907250704903,0.));
#7231=CARTESIAN_POINT('Ctrl Pts',(59.2667121440172,6.16984963417053,0.));
#7232=CARTESIAN_POINT('',(58.1991813331842,5.23874461650848,0.2));
#7233=CARTESIAN_POINT('',(58.1991813331842,5.23874461650848,0.));
#7234=CARTESIAN_POINT('Ctrl Pts',(58.1991813331842,5.23874461650848,0.2));
#7235=CARTESIAN_POINT('Ctrl Pts',(58.4190904611721,5.36578501577082,0.2));
#7236=CARTESIAN_POINT('Ctrl Pts',(58.8363043466719,5.60680738294877,0.2));
#7237=CARTESIAN_POINT('Ctrl Pts',(59.1285202322629,5.98907250704903,0.2));
#7238=CARTESIAN_POINT('Ctrl Pts',(59.2667121440172,6.16984963417053,0.2));
#7239=CARTESIAN_POINT('Ctrl Pts',(56.2687585502863,4.61459696292877,0.));
#7240=CARTESIAN_POINT('Ctrl Pts',(56.2687585502863,4.61459696292877,0.2));
#7241=CARTESIAN_POINT('Ctrl Pts',(56.6635772274183,4.70892905215984,0.));
#7242=CARTESIAN_POINT('Ctrl Pts',(56.6635772274183,4.70892905215984,0.2));
#7243=CARTESIAN_POINT('Ctrl Pts',(57.3239175804993,4.86670093256379,0.));
#7244=CARTESIAN_POINT('Ctrl Pts',(57.3239175804993,4.86670093256379,0.2));
#7245=CARTESIAN_POINT('Ctrl Pts',(57.9481703928676,5.132048738084,0.));
#7246=CARTESIAN_POINT('Ctrl Pts',(57.9481703928676,5.132048738084,0.2));
#7247=CARTESIAN_POINT('Ctrl Pts',(58.1991813331842,5.23874461650848,0.));
#7248=CARTESIAN_POINT('Ctrl Pts',(58.1991813331842,5.23874461650848,0.2));
#7249=CARTESIAN_POINT('',(56.2687585502863,4.61459696292877,0.));
#7250=CARTESIAN_POINT('Ctrl Pts',(56.2687585502863,4.61459696292877,0.));
#7251=CARTESIAN_POINT('Ctrl Pts',(56.6635772274183,4.70892905215984,0.));
#7252=CARTESIAN_POINT('Ctrl Pts',(57.3239175804993,4.86670093256379,0.));
#7253=CARTESIAN_POINT('Ctrl Pts',(57.9481703928676,5.132048738084,0.));
#7254=CARTESIAN_POINT('Ctrl Pts',(58.1991813331842,5.23874461650848,0.));
#7255=CARTESIAN_POINT('',(56.2687585502863,4.61459696292877,0.2));
#7256=CARTESIAN_POINT('',(56.2687585502863,4.61459696292877,0.));
#7257=CARTESIAN_POINT('Ctrl Pts',(56.2687585502863,4.61459696292877,0.2));
#7258=CARTESIAN_POINT('Ctrl Pts',(56.6635772274183,4.70892905215984,0.2));
#7259=CARTESIAN_POINT('Ctrl Pts',(57.3239175804993,4.86670093256379,0.2));
#7260=CARTESIAN_POINT('Ctrl Pts',(57.9481703928676,5.132048738084,0.2));
#7261=CARTESIAN_POINT('Ctrl Pts',(58.1991813331842,5.23874461650848,0.2));
#7262=CARTESIAN_POINT('Ctrl Pts',(54.4884035736322,4.12687540054321,0.));
#7263=CARTESIAN_POINT('Ctrl Pts',(54.4884035736322,4.12687540054321,0.2));
#7264=CARTESIAN_POINT('Ctrl Pts',(54.7032550776396,4.19575423148556,0.));
#7265=CARTESIAN_POINT('Ctrl Pts',(54.7032550776396,4.19575423148556,0.2));
#7266=CARTESIAN_POINT('Ctrl Pts',(55.2895599824605,4.38371659463685,0.));
#7267=CARTESIAN_POINT('Ctrl Pts',(55.2895599824605,4.38371659463685,0.2));
#7268=CARTESIAN_POINT('Ctrl Pts',(55.8889898383358,4.52505318400398,0.));
#7269=CARTESIAN_POINT('Ctrl Pts',(55.8889898383358,4.52505318400398,0.2));
#7270=CARTESIAN_POINT('Ctrl Pts',(56.2687585502863,4.61459696292877,0.));
#7271=CARTESIAN_POINT('Ctrl Pts',(56.2687585502863,4.61459696292877,0.2));
#7272=CARTESIAN_POINT('',(54.4884035736322,4.12687540054321,0.));
#7273=CARTESIAN_POINT('Ctrl Pts',(54.4884035736322,4.12687540054321,0.));
#7274=CARTESIAN_POINT('Ctrl Pts',(54.7032550776396,4.19575423148556,0.));
#7275=CARTESIAN_POINT('Ctrl Pts',(55.2895599824605,4.38371659463685,0.));
#7276=CARTESIAN_POINT('Ctrl Pts',(55.8889898383358,4.52505318400398,0.));
#7277=CARTESIAN_POINT('Ctrl Pts',(56.2687585502863,4.61459696292877,0.));
#7278=CARTESIAN_POINT('',(54.4884035736322,4.12687540054321,0.2));
#7279=CARTESIAN_POINT('',(54.4884035736322,4.12687540054321,0.));
#7280=CARTESIAN_POINT('Ctrl Pts',(54.4884035736322,4.12687540054321,0.2));
#7281=CARTESIAN_POINT('Ctrl Pts',(54.7032550776396,4.19575423148556,0.2));
#7282=CARTESIAN_POINT('Ctrl Pts',(55.2895599824605,4.38371659463685,0.2));
#7283=CARTESIAN_POINT('Ctrl Pts',(55.8889898383358,4.52505318400398,0.2));
#7284=CARTESIAN_POINT('Ctrl Pts',(56.2687585502863,4.61459696292877,0.2));
#7285=CARTESIAN_POINT('Ctrl Pts',(53.5879943519831,3.53683471679688,0.));
#7286=CARTESIAN_POINT('Ctrl Pts',(53.5879943519831,3.53683471679688,0.2));
#7287=CARTESIAN_POINT('Ctrl Pts',(53.7030719354009,3.65258550610229,0.));
#7288=CARTESIAN_POINT('Ctrl Pts',(53.7030719354009,3.65258550610229,0.2));
#7289=CARTESIAN_POINT('Ctrl Pts',(53.9608613951735,3.91188303874983,0.));
#7290=CARTESIAN_POINT('Ctrl Pts',(53.9608613951735,3.91188303874983,0.2));
#7291=CARTESIAN_POINT('Ctrl Pts',(54.3004228421019,4.05026650917184,0.));
#7292=CARTESIAN_POINT('Ctrl Pts',(54.3004228421019,4.05026650917184,0.2));
#7293=CARTESIAN_POINT('Ctrl Pts',(54.4884035736322,4.12687540054321,0.));
#7294=CARTESIAN_POINT('Ctrl Pts',(54.4884035736322,4.12687540054321,0.2));
#7295=CARTESIAN_POINT('',(53.5879943519831,3.53683471679688,0.));
#7296=CARTESIAN_POINT('Ctrl Pts',(53.5879943519831,3.53683471679688,0.));
#7297=CARTESIAN_POINT('Ctrl Pts',(53.7030719354009,3.65258550610229,0.));
#7298=CARTESIAN_POINT('Ctrl Pts',(53.9608613951735,3.91188303874983,0.));
#7299=CARTESIAN_POINT('Ctrl Pts',(54.3004228421019,4.05026650917184,0.));
#7300=CARTESIAN_POINT('Ctrl Pts',(54.4884035736322,4.12687540054321,0.));
#7301=CARTESIAN_POINT('',(53.5879943519831,3.53683471679688,0.2));
#7302=CARTESIAN_POINT('',(53.5879943519831,3.53683471679688,0.));
#7303=CARTESIAN_POINT('Ctrl Pts',(53.5879943519831,3.53683471679688,0.2));
#7304=CARTESIAN_POINT('Ctrl Pts',(53.7030719354009,3.65258550610229,0.2));
#7305=CARTESIAN_POINT('Ctrl Pts',(53.9608613951735,3.91188303874983,0.2));
#7306=CARTESIAN_POINT('Ctrl Pts',(54.3004228421019,4.05026650917184,0.2));
#7307=CARTESIAN_POINT('Ctrl Pts',(54.4884035736322,4.12687540054321,0.2));
#7308=CARTESIAN_POINT('Ctrl Pts',(53.3151427656412,2.7148699760437,0.));
#7309=CARTESIAN_POINT('Ctrl Pts',(53.3151427656412,2.7148699760437,0.2));
#7310=CARTESIAN_POINT('Ctrl Pts',(53.3257981099661,2.8658576670472,0.));
#7311=CARTESIAN_POINT('Ctrl Pts',(53.3257981099661,2.8658576670472,0.2));
#7312=CARTESIAN_POINT('Ctrl Pts',(53.3467870468195,3.16327378195629,0.));
#7313=CARTESIAN_POINT('Ctrl Pts',(53.3467870468195,3.16327378195629,0.2));
#7314=CARTESIAN_POINT('Ctrl Pts',(53.508417828131,3.41359350475564,0.));
#7315=CARTESIAN_POINT('Ctrl Pts',(53.508417828131,3.41359350475564,0.2));
#7316=CARTESIAN_POINT('Ctrl Pts',(53.5879943519831,3.53683471679688,0.));
#7317=CARTESIAN_POINT('Ctrl Pts',(53.5879943519831,3.53683471679688,0.2));
#7318=CARTESIAN_POINT('',(53.3151427656412,2.7148699760437,0.));
#7319=CARTESIAN_POINT('Ctrl Pts',(53.3151427656412,2.7148699760437,0.));
#7320=CARTESIAN_POINT('Ctrl Pts',(53.3257981099661,2.8658576670472,0.));
#7321=CARTESIAN_POINT('Ctrl Pts',(53.3467870468195,3.16327378195629,0.));
#7322=CARTESIAN_POINT('Ctrl Pts',(53.508417828131,3.41359350475564,0.));
#7323=CARTESIAN_POINT('Ctrl Pts',(53.5879943519831,3.53683471679688,0.));
#7324=CARTESIAN_POINT('',(53.3151427656412,2.7148699760437,0.2));
#7325=CARTESIAN_POINT('',(53.3151427656412,2.7148699760437,0.));
#7326=CARTESIAN_POINT('Ctrl Pts',(53.3151427656412,2.7148699760437,0.2));
#7327=CARTESIAN_POINT('Ctrl Pts',(53.3257981099661,2.8658576670472,0.2));
#7328=CARTESIAN_POINT('Ctrl Pts',(53.3467870468195,3.16327378195629,0.2));
#7329=CARTESIAN_POINT('Ctrl Pts',(53.508417828131,3.41359350475564,0.2));
#7330=CARTESIAN_POINT('Ctrl Pts',(53.5879943519831,3.53683471679688,0.2));
#7331=CARTESIAN_POINT('Ctrl Pts',(53.5982260853052,1.85879945755005,0.));
#7332=CARTESIAN_POINT('Ctrl Pts',(53.5982260853052,1.85879945755005,0.2));
#7333=CARTESIAN_POINT('Ctrl Pts',(53.5156632278825,1.99163351362675,0.));
#7334=CARTESIAN_POINT('Ctrl Pts',(53.5156632278825,1.99163351362675,0.2));
#7335=CARTESIAN_POINT('Ctrl Pts',(53.3523793273391,2.25433836031267,0.));
#7336=CARTESIAN_POINT('Ctrl Pts',(53.3523793273391,2.25433836031267,0.2));
#7337=CARTESIAN_POINT('Ctrl Pts',(53.3274612623788,2.56251817589731,0.));
#7338=CARTESIAN_POINT('Ctrl Pts',(53.3274612623788,2.56251817589731,0.2));
#7339=CARTESIAN_POINT('Ctrl Pts',(53.3151427656412,2.7148699760437,0.));
#7340=CARTESIAN_POINT('Ctrl Pts',(53.3151427656412,2.7148699760437,0.2));
#7341=CARTESIAN_POINT('',(53.5982260853052,1.85879945755005,0.));
#7342=CARTESIAN_POINT('Ctrl Pts',(53.5982260853052,1.85879945755005,0.));
#7343=CARTESIAN_POINT('Ctrl Pts',(53.5156632278825,1.99163351362675,0.));
#7344=CARTESIAN_POINT('Ctrl Pts',(53.3523793273391,2.25433836031267,0.));
#7345=CARTESIAN_POINT('Ctrl Pts',(53.3274612623788,2.56251817589731,0.));
#7346=CARTESIAN_POINT('Ctrl Pts',(53.3151427656412,2.7148699760437,0.));
#7347=CARTESIAN_POINT('',(53.5982260853052,1.85879945755005,0.2));
#7348=CARTESIAN_POINT('',(53.5982260853052,1.85879945755005,0.));
#7349=CARTESIAN_POINT('Ctrl Pts',(53.5982260853052,1.85879945755005,0.2));
#7350=CARTESIAN_POINT('Ctrl Pts',(53.5156632278825,1.99163351362675,0.2));
#7351=CARTESIAN_POINT('Ctrl Pts',(53.3523793273391,2.25433836031267,0.2));
#7352=CARTESIAN_POINT('Ctrl Pts',(53.3274612623788,2.56251817589731,0.2));
#7353=CARTESIAN_POINT('Ctrl Pts',(53.3151427656412,2.7148699760437,0.2));
#7354=CARTESIAN_POINT('Ctrl Pts',(54.4611183553934,1.24147295951843,0.));
#7355=CARTESIAN_POINT('Ctrl Pts',(54.4611183553934,1.24147295951843,0.2));
#7356=CARTESIAN_POINT('Ctrl Pts',(54.283913178663,1.31857091598248,0.));
#7357=CARTESIAN_POINT('Ctrl Pts',(54.283913178663,1.31857091598248,0.2));
#7358=CARTESIAN_POINT('Ctrl Pts',(53.9515990393501,1.46315326689261,0.));
#7359=CARTESIAN_POINT('Ctrl Pts',(53.9515990393501,1.46315326689261,0.2));
#7360=CARTESIAN_POINT('Ctrl Pts',(53.7106772844656,1.73289596642715,0.));
#7361=CARTESIAN_POINT('Ctrl Pts',(53.7106772844656,1.73289596642715,0.2));
#7362=CARTESIAN_POINT('Ctrl Pts',(53.5982260853052,1.85879945755005,0.));
#7363=CARTESIAN_POINT('Ctrl Pts',(53.5982260853052,1.85879945755005,0.2));
#7364=CARTESIAN_POINT('',(54.4611183553934,1.24147295951843,0.));
#7365=CARTESIAN_POINT('Ctrl Pts',(54.4611183553934,1.24147295951843,0.));
#7366=CARTESIAN_POINT('Ctrl Pts',(54.283913178663,1.31857091598248,0.));
#7367=CARTESIAN_POINT('Ctrl Pts',(53.9515990393501,1.46315326689261,0.));
#7368=CARTESIAN_POINT('Ctrl Pts',(53.7106772844656,1.73289596642715,0.));
#7369=CARTESIAN_POINT('Ctrl Pts',(53.5982260853052,1.85879945755005,0.));
#7370=CARTESIAN_POINT('',(54.4611183553934,1.24147295951843,0.2));
#7371=CARTESIAN_POINT('',(54.4611183553934,1.24147295951843,0.));
#7372=CARTESIAN_POINT('Ctrl Pts',(54.4611183553934,1.24147295951843,0.2));
#7373=CARTESIAN_POINT('Ctrl Pts',(54.283913178663,1.31857091598248,0.2));
#7374=CARTESIAN_POINT('Ctrl Pts',(53.9515990393501,1.46315326689261,0.2));
#7375=CARTESIAN_POINT('Ctrl Pts',(53.7106772844656,1.73289596642715,0.2));
#7376=CARTESIAN_POINT('Ctrl Pts',(53.5982260853052,1.85879945755005,0.2));
#7377=CARTESIAN_POINT('Ctrl Pts',(55.7980901747942,1.01637125015259,0.));
#7378=CARTESIAN_POINT('Ctrl Pts',(55.7980901747942,1.01637125015259,0.2));
#7379=CARTESIAN_POINT('Ctrl Pts',(55.5585052117756,1.02371411178874,0.));
#7380=CARTESIAN_POINT('Ctrl Pts',(55.5585052117756,1.02371411178874,0.2));
#7381=CARTESIAN_POINT('Ctrl Pts',(55.1022752495793,1.03769676514255,0.));
#7382=CARTESIAN_POINT('Ctrl Pts',(55.1022752495793,1.03769676514255,0.2));
#7383=CARTESIAN_POINT('Ctrl Pts',(54.6675511145052,1.17586330542632,0.));
#7384=CARTESIAN_POINT('Ctrl Pts',(54.6675511145052,1.17586330542632,0.2));
#7385=CARTESIAN_POINT('Ctrl Pts',(54.4611183553934,1.24147295951843,0.));
#7386=CARTESIAN_POINT('Ctrl Pts',(54.4611183553934,1.24147295951843,0.2));
#7387=CARTESIAN_POINT('',(55.7980901747942,1.01637125015259,0.));
#7388=CARTESIAN_POINT('Ctrl Pts',(55.7980901747942,1.01637125015259,0.));
#7389=CARTESIAN_POINT('Ctrl Pts',(55.5585052117756,1.02371411178874,0.));
#7390=CARTESIAN_POINT('Ctrl Pts',(55.1022752495793,1.03769676514255,0.));
#7391=CARTESIAN_POINT('Ctrl Pts',(54.6675511145052,1.17586330542632,0.));
#7392=CARTESIAN_POINT('Ctrl Pts',(54.4611183553934,1.24147295951843,0.));
#7393=CARTESIAN_POINT('',(55.7980901747942,1.01637125015259,0.2));
#7394=CARTESIAN_POINT('',(55.7980901747942,1.01637125015259,0.));
#7395=CARTESIAN_POINT('Ctrl Pts',(55.7980901747942,1.01637125015259,0.2));
#7396=CARTESIAN_POINT('Ctrl Pts',(55.5585052117756,1.02371411178874,0.2));
#7397=CARTESIAN_POINT('Ctrl Pts',(55.1022752495793,1.03769676514255,0.2));
#7398=CARTESIAN_POINT('Ctrl Pts',(54.6675511145052,1.17586330542632,0.2));
#7399=CARTESIAN_POINT('Ctrl Pts',(54.4611183553934,1.24147295951843,0.2));
#7400=CARTESIAN_POINT('Ctrl Pts',(57.3328787833452,1.31309628486633,0.));
#7401=CARTESIAN_POINT('Ctrl Pts',(57.3328787833452,1.31309628486633,0.2));
#7402=CARTESIAN_POINT('Ctrl Pts',(57.0937229521125,1.22658116071628,0.));
#7403=CARTESIAN_POINT('Ctrl Pts',(57.0937229521125,1.22658116071628,0.2));
#7404=CARTESIAN_POINT('Ctrl Pts',(56.5979803737394,1.04724524198353,0.));
#7405=CARTESIAN_POINT('Ctrl Pts',(56.5979803737394,1.04724524198353,0.2));
#7406=CARTESIAN_POINT('Ctrl Pts',(56.0708978632047,1.02690102330709,0.));
#7407=CARTESIAN_POINT('Ctrl Pts',(56.0708978632047,1.02690102330709,0.2));
#7408=CARTESIAN_POINT('Ctrl Pts',(55.7980901747942,1.01637125015259,0.));
#7409=CARTESIAN_POINT('Ctrl Pts',(55.7980901747942,1.01637125015259,0.2));
#7410=CARTESIAN_POINT('',(57.3328787833452,1.31309628486633,0.));
#7411=CARTESIAN_POINT('Ctrl Pts',(57.3328787833452,1.31309628486633,0.));
#7412=CARTESIAN_POINT('Ctrl Pts',(57.0937229521125,1.22658116071628,0.));
#7413=CARTESIAN_POINT('Ctrl Pts',(56.5979803737394,1.04724524198353,0.));
#7414=CARTESIAN_POINT('Ctrl Pts',(56.0708978632047,1.02690102330709,0.));
#7415=CARTESIAN_POINT('Ctrl Pts',(55.7980901747942,1.01637125015259,0.));
#7416=CARTESIAN_POINT('',(57.3328787833452,1.31309628486633,0.2));
#7417=CARTESIAN_POINT('',(57.3328787833452,1.31309628486633,0.));
#7418=CARTESIAN_POINT('Ctrl Pts',(57.3328787833452,1.31309628486633,0.2));
#7419=CARTESIAN_POINT('Ctrl Pts',(57.0937229521125,1.22658116071628,0.2));
#7420=CARTESIAN_POINT('Ctrl Pts',(56.5979803737394,1.04724524198353,0.2));
#7421=CARTESIAN_POINT('Ctrl Pts',(56.0708978632047,1.02690102330709,0.2));
#7422=CARTESIAN_POINT('Ctrl Pts',(55.7980901747942,1.01637125015259,0.2));
#7423=CARTESIAN_POINT('Ctrl Pts',(58.3390177041292,2.09072232246399,0.));
#7424=CARTESIAN_POINT('Ctrl Pts',(58.3390177041292,2.09072232246399,0.2));
#7425=CARTESIAN_POINT('Ctrl Pts',(58.2094170355612,1.93530739013369,0.));
#7426=CARTESIAN_POINT('Ctrl Pts',(58.2094170355612,1.93530739013369,0.2));
#7427=CARTESIAN_POINT('Ctrl Pts',(57.9319677059062,1.60259484111787,0.));
#7428=CARTESIAN_POINT('Ctrl Pts',(57.9319677059062,1.60259484111787,0.2));
#7429=CARTESIAN_POINT('Ctrl Pts',(57.5411433343208,1.41373624757514,0.));
#7430=CARTESIAN_POINT('Ctrl Pts',(57.5411433343208,1.41373624757514,0.2));
#7431=CARTESIAN_POINT('Ctrl Pts',(57.3328787833452,1.31309628486633,0.));
#7432=CARTESIAN_POINT('Ctrl Pts',(57.3328787833452,1.31309628486633,0.2));
#7433=CARTESIAN_POINT('',(58.3390177041292,2.09072232246399,0.));
#7434=CARTESIAN_POINT('Ctrl Pts',(58.3390177041292,2.09072232246399,0.));
#7435=CARTESIAN_POINT('Ctrl Pts',(58.2094170355612,1.93530739013369,0.));
#7436=CARTESIAN_POINT('Ctrl Pts',(57.9319677059062,1.60259484111787,0.));
#7437=CARTESIAN_POINT('Ctrl Pts',(57.5411433343208,1.41373624757514,0.));
#7438=CARTESIAN_POINT('Ctrl Pts',(57.3328787833452,1.31309628486633,0.));
#7439=CARTESIAN_POINT('',(58.3390177041292,2.09072232246399,0.2));
#7440=CARTESIAN_POINT('',(58.3390177041292,2.09072232246399,0.));
#7441=CARTESIAN_POINT('Ctrl Pts',(58.3390177041292,2.09072232246399,0.2));
#7442=CARTESIAN_POINT('Ctrl Pts',(58.2094170355612,1.93530739013369,0.2));
#7443=CARTESIAN_POINT('Ctrl Pts',(57.9319677059062,1.60259484111787,0.2));
#7444=CARTESIAN_POINT('Ctrl Pts',(57.5411433343208,1.41373624757514,0.2));
#7445=CARTESIAN_POINT('Ctrl Pts',(57.3328787833452,1.31309628486633,0.2));
#7446=CARTESIAN_POINT('Ctrl Pts',(58.7517053633928,3.32196414470673,0.));
#7447=CARTESIAN_POINT('Ctrl Pts',(58.7517053633928,3.32196414470673,0.2));
#7448=CARTESIAN_POINT('Ctrl Pts',(58.7164916688124,3.08949811873491,0.));
#7449=CARTESIAN_POINT('Ctrl Pts',(58.7164916688124,3.08949811873491,0.2));
#7450=CARTESIAN_POINT('Ctrl Pts',(58.6505852387049,2.6544115401845,0.));
#7451=CARTESIAN_POINT('Ctrl Pts',(58.6505852387049,2.6544115401845,0.2));
#7452=CARTESIAN_POINT('Ctrl Pts',(58.4380129684749,2.26982494685352,0.));
#7453=CARTESIAN_POINT('Ctrl Pts',(58.4380129684749,2.26982494685352,0.2));
#7454=CARTESIAN_POINT('Ctrl Pts',(58.3390177041292,2.09072232246399,0.));
#7455=CARTESIAN_POINT('Ctrl Pts',(58.3390177041292,2.09072232246399,0.2));
#7456=CARTESIAN_POINT('',(58.7517053633928,3.32196414470673,0.));
#7457=CARTESIAN_POINT('Ctrl Pts',(58.7517053633928,3.32196414470673,0.));
#7458=CARTESIAN_POINT('Ctrl Pts',(58.7164916688124,3.08949811873491,0.));
#7459=CARTESIAN_POINT('Ctrl Pts',(58.6505852387049,2.6544115401845,0.));
#7460=CARTESIAN_POINT('Ctrl Pts',(58.4380129684749,2.26982494685352,0.));
#7461=CARTESIAN_POINT('Ctrl Pts',(58.3390177041292,2.09072232246399,0.));
#7462=CARTESIAN_POINT('',(58.7517053633928,3.32196414470673,0.2));
#7463=CARTESIAN_POINT('',(58.7517053633928,3.32196414470673,0.));
#7464=CARTESIAN_POINT('Ctrl Pts',(58.7517053633928,3.32196414470673,0.2));
#7465=CARTESIAN_POINT('Ctrl Pts',(58.7164916688124,3.08949811873491,0.2));
#7466=CARTESIAN_POINT('Ctrl Pts',(58.6505852387049,2.6544115401845,0.2));
#7467=CARTESIAN_POINT('Ctrl Pts',(58.4380129684749,2.26982494685352,0.2));
#7468=CARTESIAN_POINT('Ctrl Pts',(58.3390177041292,2.09072232246399,0.2));
#7469=CARTESIAN_POINT('Origin',(60.,3.21282386779785,0.));
#7470=CARTESIAN_POINT('',(60.,3.21282386779785,0.));
#7471=CARTESIAN_POINT('',(46.386236014224,4.40309572157914,0.));
#7472=CARTESIAN_POINT('',(60.,3.21282386779785,0.2));
#7473=CARTESIAN_POINT('',(60.,3.21282386779785,0.));
#7474=CARTESIAN_POINT('',(60.,3.21282386779785,0.2));
#7475=CARTESIAN_POINT('Ctrl Pts',(59.4508867710829,1.41541600227356,0.));
#7476=CARTESIAN_POINT('Ctrl Pts',(59.4508867710829,1.41541600227356,0.2));
#7477=CARTESIAN_POINT('Ctrl Pts',(59.6042780981169,1.69128891258921,0.));
#7478=CARTESIAN_POINT('Ctrl Pts',(59.6042780981169,1.69128891258921,0.2));
#7479=CARTESIAN_POINT('Ctrl Pts',(59.9154822352804,2.25098673046228,0.));
#7480=CARTESIAN_POINT('Ctrl Pts',(59.9154822352804,2.25098673046228,0.2));
#7481=CARTESIAN_POINT('Ctrl Pts',(59.9715618251467,2.88918903454515,0.));
#7482=CARTESIAN_POINT('Ctrl Pts',(59.9715618251467,2.88918903454515,0.2));
#7483=CARTESIAN_POINT('Ctrl Pts',(60.,3.21282386779785,0.));
#7484=CARTESIAN_POINT('Ctrl Pts',(60.,3.21282386779785,0.2));
#7485=CARTESIAN_POINT('Ctrl Pts',(59.4508867710829,1.41541600227356,0.));
#7486=CARTESIAN_POINT('Ctrl Pts',(59.6042780981169,1.69128891258921,0.));
#7487=CARTESIAN_POINT('Ctrl Pts',(59.9154822352804,2.25098673046228,0.));
#7488=CARTESIAN_POINT('Ctrl Pts',(59.9715618251467,2.88918903454515,0.));
#7489=CARTESIAN_POINT('Ctrl Pts',(60.,3.21282386779785,0.));
#7490=CARTESIAN_POINT('Ctrl Pts',(59.4508867710829,1.41541600227356,0.2));
#7491=CARTESIAN_POINT('Ctrl Pts',(59.6042780981169,1.69128891258921,0.2));
#7492=CARTESIAN_POINT('Ctrl Pts',(59.9154822352804,2.25098673046228,0.2));
#7493=CARTESIAN_POINT('Ctrl Pts',(59.9715618251467,2.88918903454515,0.2));
#7494=CARTESIAN_POINT('Ctrl Pts',(60.,3.21282386779785,0.2));
#7495=CARTESIAN_POINT('Origin',(42.0941339805722,3.69713485240936,0.2));
#7496=CARTESIAN_POINT('Origin',(29.01,-37.44,0.));
#7497=CARTESIAN_POINT('',(-8.49,12.56,0.));
#7498=CARTESIAN_POINT('',(-13.49,7.56,0.));
#7499=CARTESIAN_POINT('Origin',(-8.49,7.56,0.));
#7500=CARTESIAN_POINT('',(0.0099999999999989,12.56,0.));
#7501=CARTESIAN_POINT('',(-13.49,12.56,0.));
#7502=CARTESIAN_POINT('',(0.0099999999999989,-18.44,0.));
#7503=CARTESIAN_POINT('',(0.0099999999999989,-18.44,0.));
#7504=CARTESIAN_POINT('',(18.51,-18.44,0.));
#7505=CARTESIAN_POINT('',(18.51,-18.44,0.));
#7506=CARTESIAN_POINT('',(18.51,12.56,0.));
#7507=CARTESIAN_POINT('',(18.51,12.56,0.));
#7508=CARTESIAN_POINT('',(66.51,12.56,0.));
#7509=CARTESIAN_POINT('',(-13.49,12.56,0.));
#7510=CARTESIAN_POINT('',(71.51,7.56,0.));
#7511=CARTESIAN_POINT('Origin',(66.51,7.56,0.));
#7512=CARTESIAN_POINT('',(71.51,-82.44,0.));
#7513=CARTESIAN_POINT('',(71.51,12.56,0.));
#7514=CARTESIAN_POINT('',(66.51,-87.44,0.));
#7515=CARTESIAN_POINT('Origin',(66.51,-82.44,0.));
#7516=CARTESIAN_POINT('',(-8.49,-87.44,0.));
#7517=CARTESIAN_POINT('',(71.51,-87.44,0.));
#7518=CARTESIAN_POINT('',(-13.49,-82.44,0.));
#7519=CARTESIAN_POINT('Origin',(-8.49,-82.44,0.));
#7520=CARTESIAN_POINT('',(-13.49,-87.44,0.));
#7521=CARTESIAN_POINT('',(64.81,7.56,0.));
#7522=CARTESIAN_POINT('Origin',(66.51,7.56,0.));
#7523=CARTESIAN_POINT('',(-10.19,-82.44,0.));
#7524=CARTESIAN_POINT('Origin',(-8.49,-82.44,0.));
#7525=CARTESIAN_POINT('',(-10.19,7.56,0.));
#7526=CARTESIAN_POINT('Origin',(-8.49,7.56,0.));
#7527=CARTESIAN_POINT('',(21.575,-22.075,0.));
#7528=CARTESIAN_POINT('',(22.075,-21.575,0.));
#7529=CARTESIAN_POINT('Origin',(22.075,-22.075,0.));
#7530=CARTESIAN_POINT('',(21.575,-35.075,0.));
#7531=CARTESIAN_POINT('',(21.575,-22.075,0.));
#7532=CARTESIAN_POINT('',(22.075,-35.575,0.));
#7533=CARTESIAN_POINT('Origin',(22.075,-35.075,0.));
#7534=CARTESIAN_POINT('',(35.075,-35.575,0.));
#7535=CARTESIAN_POINT('',(22.075,-35.575,0.));
#7536=CARTESIAN_POINT('',(35.575,-35.075,0.));
#7537=CARTESIAN_POINT('Origin',(35.075,-35.075,0.));
#7538=CARTESIAN_POINT('',(35.575,-22.075,0.));
#7539=CARTESIAN_POINT('',(35.575,-22.075,0.));
#7540=CARTESIAN_POINT('',(35.075,-21.575,0.));
#7541=CARTESIAN_POINT('Origin',(35.075,-22.075,0.));
#7542=CARTESIAN_POINT('',(22.075,-21.575,0.));
#7543=CARTESIAN_POINT('',(21.575,-60.175,0.));
#7544=CARTESIAN_POINT('',(22.075,-59.675,0.));
#7545=CARTESIAN_POINT('Origin',(22.075,-60.175,0.));
#7546=CARTESIAN_POINT('',(21.575,-73.175,0.));
#7547=CARTESIAN_POINT('',(21.575,-60.175,0.));
#7548=CARTESIAN_POINT('',(22.075,-73.675,0.));
#7549=CARTESIAN_POINT('Origin',(22.075,-73.175,0.));
#7550=CARTESIAN_POINT('',(35.075,-73.675,0.));
#7551=CARTESIAN_POINT('',(22.075,-73.675,0.));
#7552=CARTESIAN_POINT('',(35.575,-73.175,0.));
#7553=CARTESIAN_POINT('Origin',(35.075,-73.175,0.));
#7554=CARTESIAN_POINT('',(35.575,-60.175,0.));
#7555=CARTESIAN_POINT('',(35.575,-60.175,0.));
#7556=CARTESIAN_POINT('',(35.075,-59.675,0.));
#7557=CARTESIAN_POINT('Origin',(35.075,-60.175,0.));
#7558=CARTESIAN_POINT('',(22.075,-59.675,0.));
#7559=CARTESIAN_POINT('',(2.525,-41.125,0.));
#7560=CARTESIAN_POINT('',(3.025,-40.625,0.));
#7561=CARTESIAN_POINT('Origin',(3.025,-41.125,0.));
#7562=CARTESIAN_POINT('',(2.525,-54.125,0.));
#7563=CARTESIAN_POINT('',(2.525,-41.125,0.));
#7564=CARTESIAN_POINT('',(3.025,-54.625,0.));
#7565=CARTESIAN_POINT('Origin',(3.025,-54.125,0.));
#7566=CARTESIAN_POINT('',(16.025,-54.625,0.));
#7567=CARTESIAN_POINT('',(3.025,-54.625,0.));
#7568=CARTESIAN_POINT('',(16.525,-54.125,0.));
#7569=CARTESIAN_POINT('Origin',(16.025,-54.125,0.));
#7570=CARTESIAN_POINT('',(16.525,-41.125,0.));
#7571=CARTESIAN_POINT('',(16.525,-41.125,0.));
#7572=CARTESIAN_POINT('',(16.025,-40.625,0.));
#7573=CARTESIAN_POINT('Origin',(16.025,-41.125,0.));
#7574=CARTESIAN_POINT('',(3.025,-40.625,0.));
#7575=CARTESIAN_POINT('',(2.525,-22.075,0.));
#7576=CARTESIAN_POINT('',(3.025,-21.575,0.));
#7577=CARTESIAN_POINT('Origin',(3.025,-22.075,0.));
#7578=CARTESIAN_POINT('',(2.525,-35.075,0.));
#7579=CARTESIAN_POINT('',(2.525,-22.075,0.));
#7580=CARTESIAN_POINT('',(3.025,-35.575,0.));
#7581=CARTESIAN_POINT('Origin',(3.025,-35.075,0.));
#7582=CARTESIAN_POINT('',(16.025,-35.575,0.));
#7583=CARTESIAN_POINT('',(3.025,-35.575,0.));
#7584=CARTESIAN_POINT('',(16.525,-35.075,0.));
#7585=CARTESIAN_POINT('Origin',(16.025,-35.075,0.));
#7586=CARTESIAN_POINT('',(16.525,-22.075,0.));
#7587=CARTESIAN_POINT('',(16.525,-22.075,0.));
#7588=CARTESIAN_POINT('',(16.025,-21.575,0.));
#7589=CARTESIAN_POINT('Origin',(16.025,-22.075,0.));
#7590=CARTESIAN_POINT('',(3.025,-21.575,0.));
#7591=CARTESIAN_POINT('',(64.81,-82.44,0.));
#7592=CARTESIAN_POINT('Origin',(66.51,-82.44,0.));
#7593=CARTESIAN_POINT('',(21.31,-4.54,0.));
#7594=CARTESIAN_POINT('',(60.41,-4.54,0.));
#7595=CARTESIAN_POINT('',(21.31,-4.54,0.));
#7596=CARTESIAN_POINT('',(21.31,-17.325,0.));
#7597=CARTESIAN_POINT('',(21.31,-17.325,0.));
#7598=CARTESIAN_POINT('',(60.41,-17.325,0.));
#7599=CARTESIAN_POINT('',(60.41,-17.325,0.));
#7600=CARTESIAN_POINT('',(60.41,-4.54,0.));
#7601=CARTESIAN_POINT('',(55.01,-34.525,0.));
#7602=CARTESIAN_POINT('',(42.01,-34.525,0.));
#7603=CARTESIAN_POINT('',(55.01,-34.525,0.));
#7604=CARTESIAN_POINT('',(55.01,-22.525,0.));
#7605=CARTESIAN_POINT('',(55.01,-22.525,0.));
#7606=CARTESIAN_POINT('',(42.01,-22.525,0.));
#7607=CARTESIAN_POINT('',(42.01,-22.525,0.));
#7608=CARTESIAN_POINT('',(42.01,-34.525,0.));
#7609=CARTESIAN_POINT('',(2.525,-60.175,0.));
#7610=CARTESIAN_POINT('',(3.025,-59.675,0.));
#7611=CARTESIAN_POINT('Origin',(3.025,-60.175,0.));
#7612=CARTESIAN_POINT('',(2.525,-73.175,0.));
#7613=CARTESIAN_POINT('',(2.525,-60.175,0.));
#7614=CARTESIAN_POINT('',(3.025,-73.675,0.));
#7615=CARTESIAN_POINT('Origin',(3.025,-73.175,0.));
#7616=CARTESIAN_POINT('',(16.025,-73.675,0.));
#7617=CARTESIAN_POINT('',(3.025,-73.675,0.));
#7618=CARTESIAN_POINT('',(16.525,-73.175,0.));
#7619=CARTESIAN_POINT('Origin',(16.025,-73.175,0.));
#7620=CARTESIAN_POINT('',(16.525,-60.175,0.));
#7621=CARTESIAN_POINT('',(16.525,-60.175,0.));
#7622=CARTESIAN_POINT('',(16.025,-59.675,0.));
#7623=CARTESIAN_POINT('Origin',(16.025,-60.175,0.));
#7624=CARTESIAN_POINT('',(3.025,-59.675,0.));
#7625=CARTESIAN_POINT('',(21.575,-41.125,0.));
#7626=CARTESIAN_POINT('',(22.075,-40.625,0.));
#7627=CARTESIAN_POINT('Origin',(22.075,-41.125,0.));
#7628=CARTESIAN_POINT('',(21.575,-54.125,0.));
#7629=CARTESIAN_POINT('',(21.575,-41.125,0.));
#7630=CARTESIAN_POINT('',(22.075,-54.625,0.));
#7631=CARTESIAN_POINT('Origin',(22.075,-54.125,0.));
#7632=CARTESIAN_POINT('',(35.075,-54.625,0.));
#7633=CARTESIAN_POINT('',(22.075,-54.625,0.));
#7634=CARTESIAN_POINT('',(35.575,-54.125,0.));
#7635=CARTESIAN_POINT('Origin',(35.075,-54.125,0.));
#7636=CARTESIAN_POINT('',(35.575,-41.125,0.));
#7637=CARTESIAN_POINT('',(35.575,-41.125,0.));
#7638=CARTESIAN_POINT('',(35.075,-40.625,0.));
#7639=CARTESIAN_POINT('Origin',(35.075,-41.125,0.));
#7640=CARTESIAN_POINT('',(22.075,-40.625,0.));
#7641=CARTESIAN_POINT('',(40.625,-60.175,0.));
#7642=CARTESIAN_POINT('',(41.125,-59.675,0.));
#7643=CARTESIAN_POINT('Origin',(41.125,-60.175,0.));
#7644=CARTESIAN_POINT('',(40.625,-73.175,0.));
#7645=CARTESIAN_POINT('',(40.625,-60.175,0.));
#7646=CARTESIAN_POINT('',(41.125,-73.675,0.));
#7647=CARTESIAN_POINT('Origin',(41.125,-73.175,0.));
#7648=CARTESIAN_POINT('',(54.125,-73.675,0.));
#7649=CARTESIAN_POINT('',(41.125,-73.675,0.));
#7650=CARTESIAN_POINT('',(54.625,-73.175,0.));
#7651=CARTESIAN_POINT('Origin',(54.125,-73.175,0.));
#7652=CARTESIAN_POINT('',(54.625,-60.175,0.));
#7653=CARTESIAN_POINT('',(54.625,-60.175,0.));
#7654=CARTESIAN_POINT('',(54.125,-59.675,0.));
#7655=CARTESIAN_POINT('Origin',(54.125,-60.175,0.));
#7656=CARTESIAN_POINT('',(41.125,-59.675,0.));
#7657=CARTESIAN_POINT('',(40.625,-41.125,0.));
#7658=CARTESIAN_POINT('',(41.125,-40.625,0.));
#7659=CARTESIAN_POINT('Origin',(41.125,-41.125,0.));
#7660=CARTESIAN_POINT('',(40.625,-54.125,0.));
#7661=CARTESIAN_POINT('',(40.625,-41.125,0.));
#7662=CARTESIAN_POINT('',(41.125,-54.625,0.));
#7663=CARTESIAN_POINT('Origin',(41.125,-54.125,0.));
#7664=CARTESIAN_POINT('',(54.125,-54.625,0.));
#7665=CARTESIAN_POINT('',(41.125,-54.625,0.));
#7666=CARTESIAN_POINT('',(54.625,-54.125,0.));
#7667=CARTESIAN_POINT('Origin',(54.125,-54.125,0.));
#7668=CARTESIAN_POINT('',(54.625,-41.125,0.));
#7669=CARTESIAN_POINT('',(54.625,-41.125,0.));
#7670=CARTESIAN_POINT('',(54.125,-40.625,0.));
#7671=CARTESIAN_POINT('Origin',(54.125,-41.125,0.));
#7672=CARTESIAN_POINT('',(41.125,-40.625,0.));
#7673=CARTESIAN_POINT('Origin',(29.01,-37.44,0.));
#7674=CARTESIAN_POINT('Origin',(-8.49,7.56,0.));
#7675=CARTESIAN_POINT('',(-13.49,7.56,1.5));
#7676=CARTESIAN_POINT('',(-8.49,12.56,1.5));
#7677=CARTESIAN_POINT('Origin',(-8.49,7.56,1.5));
#7678=CARTESIAN_POINT('',(-8.49,12.56,0.));
#7679=CARTESIAN_POINT('',(-13.49,7.56,0.));
#7680=CARTESIAN_POINT('Origin',(-13.49,12.56,0.));
#7681=CARTESIAN_POINT('',(-13.49,-82.44,1.5));
#7682=CARTESIAN_POINT('',(-13.49,-82.44,0.));
#7683=CARTESIAN_POINT('',(-13.49,-87.44,1.5));
#7684=CARTESIAN_POINT('Origin',(29.01,-37.44,0.));
#7685=CARTESIAN_POINT('Origin',(66.51,7.56,0.));
#7686=CARTESIAN_POINT('',(66.51,12.56,1.5));
#7687=CARTESIAN_POINT('',(71.51,7.56,1.5));
#7688=CARTESIAN_POINT('Origin',(66.51,7.56,1.5));
#7689=CARTESIAN_POINT('',(71.51,7.56,0.));
#7690=CARTESIAN_POINT('',(66.51,12.56,0.));
#7691=CARTESIAN_POINT('Origin',(71.51,-87.44,0.));
#7692=CARTESIAN_POINT('',(71.51,-82.44,1.5));
#7693=CARTESIAN_POINT('',(71.51,12.56,1.5));
#7694=CARTESIAN_POINT('',(71.51,-82.44,0.));
#7695=CARTESIAN_POINT('Origin',(66.51,-82.44,0.));
#7696=CARTESIAN_POINT('',(66.51,-87.44,1.5));
#7697=CARTESIAN_POINT('Origin',(66.51,-82.44,1.5));
#7698=CARTESIAN_POINT('',(66.51,-87.44,0.));
#7699=CARTESIAN_POINT('Origin',(-8.49,-82.44,0.));
#7700=CARTESIAN_POINT('',(-8.49,-87.44,1.5));
#7701=CARTESIAN_POINT('Origin',(-8.49,-82.44,1.5));
#7702=CARTESIAN_POINT('',(-8.49,-87.44,0.));
#7703=CARTESIAN_POINT('Origin',(40.625,-54.125,0.));
#7704=CARTESIAN_POINT('',(40.625,-41.125,1.5));
#7705=CARTESIAN_POINT('',(40.625,-41.125,0.));
#7706=CARTESIAN_POINT('',(40.625,-54.125,1.5));
#7707=CARTESIAN_POINT('',(40.625,-41.125,1.5));
#7708=CARTESIAN_POINT('',(40.625,-54.125,0.));
#7709=CARTESIAN_POINT('Origin',(41.125,-54.125,0.));
#7710=CARTESIAN_POINT('',(41.125,-54.625,1.5));
#7711=CARTESIAN_POINT('Origin',(41.125,-54.125,1.5));
#7712=CARTESIAN_POINT('',(41.125,-54.625,0.));
#7713=CARTESIAN_POINT('Origin',(54.125,-54.625,0.));
#7714=CARTESIAN_POINT('',(54.125,-54.625,1.5));
#7715=CARTESIAN_POINT('',(41.125,-54.625,1.5));
#7716=CARTESIAN_POINT('',(54.125,-54.625,0.));
#7717=CARTESIAN_POINT('Origin',(54.125,-54.125,0.));
#7718=CARTESIAN_POINT('',(54.625,-54.125,1.5));
#7719=CARTESIAN_POINT('Origin',(54.125,-54.125,1.5));
#7720=CARTESIAN_POINT('',(54.625,-54.125,0.));
#7721=CARTESIAN_POINT('Origin',(54.625,-41.125,0.));
#7722=CARTESIAN_POINT('',(54.625,-41.125,1.5));
#7723=CARTESIAN_POINT('',(54.625,-41.125,1.5));
#7724=CARTESIAN_POINT('',(54.625,-41.125,0.));
#7725=CARTESIAN_POINT('Origin',(54.125,-41.125,0.));
#7726=CARTESIAN_POINT('',(54.125,-40.625,1.5));
#7727=CARTESIAN_POINT('Origin',(54.125,-41.125,1.5));
#7728=CARTESIAN_POINT('',(54.125,-40.625,0.));
#7729=CARTESIAN_POINT('Origin',(41.125,-40.625,0.));
#7730=CARTESIAN_POINT('',(41.125,-40.625,1.5));
#7731=CARTESIAN_POINT('',(41.125,-40.625,1.5));
#7732=CARTESIAN_POINT('',(41.125,-40.625,0.));
#7733=CARTESIAN_POINT('Origin',(41.125,-41.125,0.));
#7734=CARTESIAN_POINT('Origin',(41.125,-41.125,1.5));
#7735=CARTESIAN_POINT('Origin',(40.625,-73.175,0.));
#7736=CARTESIAN_POINT('',(40.625,-60.175,1.5));
#7737=CARTESIAN_POINT('',(40.625,-60.175,0.));
#7738=CARTESIAN_POINT('',(40.625,-73.175,1.5));
#7739=CARTESIAN_POINT('',(40.625,-60.175,1.5));
#7740=CARTESIAN_POINT('',(40.625,-73.175,0.));
#7741=CARTESIAN_POINT('Origin',(41.125,-73.175,0.));
#7742=CARTESIAN_POINT('',(41.125,-73.675,1.5));
#7743=CARTESIAN_POINT('Origin',(41.125,-73.175,1.5));
#7744=CARTESIAN_POINT('',(41.125,-73.675,0.));
#7745=CARTESIAN_POINT('Origin',(54.125,-73.675,0.));
#7746=CARTESIAN_POINT('',(54.125,-73.675,1.5));
#7747=CARTESIAN_POINT('',(41.125,-73.675,1.5));
#7748=CARTESIAN_POINT('',(54.125,-73.675,0.));
#7749=CARTESIAN_POINT('Origin',(54.125,-73.175,0.));
#7750=CARTESIAN_POINT('',(54.625,-73.175,1.5));
#7751=CARTESIAN_POINT('Origin',(54.125,-73.175,1.5));
#7752=CARTESIAN_POINT('',(54.625,-73.175,0.));
#7753=CARTESIAN_POINT('Origin',(54.625,-60.175,0.));
#7754=CARTESIAN_POINT('',(54.625,-60.175,1.5));
#7755=CARTESIAN_POINT('',(54.625,-60.175,1.5));
#7756=CARTESIAN_POINT('',(54.625,-60.175,0.));
#7757=CARTESIAN_POINT('Origin',(54.125,-60.175,0.));
#7758=CARTESIAN_POINT('',(54.125,-59.675,1.5));
#7759=CARTESIAN_POINT('Origin',(54.125,-60.175,1.5));
#7760=CARTESIAN_POINT('',(54.125,-59.675,0.));
#7761=CARTESIAN_POINT('Origin',(41.125,-59.675,0.));
#7762=CARTESIAN_POINT('',(41.125,-59.675,1.5));
#7763=CARTESIAN_POINT('',(41.125,-59.675,1.5));
#7764=CARTESIAN_POINT('',(41.125,-59.675,0.));
#7765=CARTESIAN_POINT('Origin',(41.125,-60.175,0.));
#7766=CARTESIAN_POINT('Origin',(41.125,-60.175,1.5));
#7767=CARTESIAN_POINT('Origin',(21.575,-54.125,0.));
#7768=CARTESIAN_POINT('',(21.575,-41.125,1.5));
#7769=CARTESIAN_POINT('',(21.575,-41.125,0.));
#7770=CARTESIAN_POINT('',(21.575,-54.125,1.5));
#7771=CARTESIAN_POINT('',(21.575,-41.125,1.5));
#7772=CARTESIAN_POINT('',(21.575,-54.125,0.));
#7773=CARTESIAN_POINT('Origin',(22.075,-54.125,0.));
#7774=CARTESIAN_POINT('',(22.075,-54.625,1.5));
#7775=CARTESIAN_POINT('Origin',(22.075,-54.125,1.5));
#7776=CARTESIAN_POINT('',(22.075,-54.625,0.));
#7777=CARTESIAN_POINT('Origin',(35.075,-54.625,0.));
#7778=CARTESIAN_POINT('',(35.075,-54.625,1.5));
#7779=CARTESIAN_POINT('',(22.075,-54.625,1.5));
#7780=CARTESIAN_POINT('',(35.075,-54.625,0.));
#7781=CARTESIAN_POINT('Origin',(35.075,-54.125,0.));
#7782=CARTESIAN_POINT('',(35.575,-54.125,1.5));
#7783=CARTESIAN_POINT('Origin',(35.075,-54.125,1.5));
#7784=CARTESIAN_POINT('',(35.575,-54.125,0.));
#7785=CARTESIAN_POINT('Origin',(35.575,-41.125,0.));
#7786=CARTESIAN_POINT('',(35.575,-41.125,1.5));
#7787=CARTESIAN_POINT('',(35.575,-41.125,1.5));
#7788=CARTESIAN_POINT('',(35.575,-41.125,0.));
#7789=CARTESIAN_POINT('Origin',(35.075,-41.125,0.));
#7790=CARTESIAN_POINT('',(35.075,-40.625,1.5));
#7791=CARTESIAN_POINT('Origin',(35.075,-41.125,1.5));
#7792=CARTESIAN_POINT('',(35.075,-40.625,0.));
#7793=CARTESIAN_POINT('Origin',(22.075,-40.625,0.));
#7794=CARTESIAN_POINT('',(22.075,-40.625,1.5));
#7795=CARTESIAN_POINT('',(22.075,-40.625,1.5));
#7796=CARTESIAN_POINT('',(22.075,-40.625,0.));
#7797=CARTESIAN_POINT('Origin',(22.075,-41.125,0.));
#7798=CARTESIAN_POINT('Origin',(22.075,-41.125,1.5));
#7799=CARTESIAN_POINT('Origin',(2.525,-73.175,0.));
#7800=CARTESIAN_POINT('',(2.525,-60.175,1.5));
#7801=CARTESIAN_POINT('',(2.525,-60.175,0.));
#7802=CARTESIAN_POINT('',(2.525,-73.175,1.5));
#7803=CARTESIAN_POINT('',(2.525,-60.175,1.5));
#7804=CARTESIAN_POINT('',(2.525,-73.175,0.));
#7805=CARTESIAN_POINT('Origin',(3.025,-73.175,0.));
#7806=CARTESIAN_POINT('',(3.025,-73.675,1.5));
#7807=CARTESIAN_POINT('Origin',(3.025,-73.175,1.5));
#7808=CARTESIAN_POINT('',(3.025,-73.675,0.));
#7809=CARTESIAN_POINT('Origin',(16.025,-73.675,0.));
#7810=CARTESIAN_POINT('',(16.025,-73.675,1.5));
#7811=CARTESIAN_POINT('',(3.025,-73.675,1.5));
#7812=CARTESIAN_POINT('',(16.025,-73.675,0.));
#7813=CARTESIAN_POINT('Origin',(16.025,-73.175,0.));
#7814=CARTESIAN_POINT('',(16.525,-73.175,1.5));
#7815=CARTESIAN_POINT('Origin',(16.025,-73.175,1.5));
#7816=CARTESIAN_POINT('',(16.525,-73.175,0.));
#7817=CARTESIAN_POINT('Origin',(16.525,-60.175,0.));
#7818=CARTESIAN_POINT('',(16.525,-60.175,1.5));
#7819=CARTESIAN_POINT('',(16.525,-60.175,1.5));
#7820=CARTESIAN_POINT('',(16.525,-60.175,0.));
#7821=CARTESIAN_POINT('Origin',(16.025,-60.175,0.));
#7822=CARTESIAN_POINT('',(16.025,-59.675,1.5));
#7823=CARTESIAN_POINT('Origin',(16.025,-60.175,1.5));
#7824=CARTESIAN_POINT('',(16.025,-59.675,0.));
#7825=CARTESIAN_POINT('Origin',(3.025,-59.675,0.));
#7826=CARTESIAN_POINT('',(3.025,-59.675,1.5));
#7827=CARTESIAN_POINT('',(3.025,-59.675,1.5));
#7828=CARTESIAN_POINT('',(3.025,-59.675,0.));
#7829=CARTESIAN_POINT('Origin',(3.025,-60.175,0.));
#7830=CARTESIAN_POINT('Origin',(3.025,-60.175,1.5));
#7831=CARTESIAN_POINT('Origin',(55.01,-22.525,0.));
#7832=CARTESIAN_POINT('',(55.01,-34.525,1.5));
#7833=CARTESIAN_POINT('',(55.01,-34.525,0.));
#7834=CARTESIAN_POINT('',(55.01,-22.525,1.5));
#7835=CARTESIAN_POINT('',(55.01,-22.525,1.5));
#7836=CARTESIAN_POINT('',(55.01,-22.525,0.));
#7837=CARTESIAN_POINT('Origin',(42.01,-22.525,0.));
#7838=CARTESIAN_POINT('',(42.01,-22.525,1.5));
#7839=CARTESIAN_POINT('',(42.01,-22.525,1.5));
#7840=CARTESIAN_POINT('',(42.01,-22.525,0.));
#7841=CARTESIAN_POINT('Origin',(42.01,-34.525,0.));
#7842=CARTESIAN_POINT('',(42.01,-34.525,1.5));
#7843=CARTESIAN_POINT('',(42.01,-34.525,1.5));
#7844=CARTESIAN_POINT('',(42.01,-34.525,0.));
#7845=CARTESIAN_POINT('Origin',(55.01,-34.525,0.));
#7846=CARTESIAN_POINT('',(55.01,-34.525,1.5));
#7847=CARTESIAN_POINT('Origin',(21.31,-17.325,0.));
#7848=CARTESIAN_POINT('',(21.31,-4.54,1.5));
#7849=CARTESIAN_POINT('',(21.31,-4.54,0.));
#7850=CARTESIAN_POINT('',(21.31,-17.325,1.5));
#7851=CARTESIAN_POINT('',(21.31,-17.325,1.5));
#7852=CARTESIAN_POINT('',(21.31,-17.325,0.));
#7853=CARTESIAN_POINT('Origin',(60.41,-17.325,0.));
#7854=CARTESIAN_POINT('',(60.41,-17.325,1.5));
#7855=CARTESIAN_POINT('',(60.41,-17.325,1.5));
#7856=CARTESIAN_POINT('',(60.41,-17.325,0.));
#7857=CARTESIAN_POINT('Origin',(60.41,-4.54,0.));
#7858=CARTESIAN_POINT('',(60.41,-4.54,1.5));
#7859=CARTESIAN_POINT('',(60.41,-4.54,1.5));
#7860=CARTESIAN_POINT('',(60.41,-4.54,0.));
#7861=CARTESIAN_POINT('Origin',(21.31,-4.54,0.));
#7862=CARTESIAN_POINT('',(21.31,-4.54,1.5));
#7863=CARTESIAN_POINT('Origin',(66.51,-82.44,0.));
#7864=CARTESIAN_POINT('',(64.81,-82.44,1.5));
#7865=CARTESIAN_POINT('Origin',(66.51,-82.44,1.5));
#7866=CARTESIAN_POINT('',(64.81,-82.44,0.));
#7867=CARTESIAN_POINT('Origin',(2.525,-35.075,0.));
#7868=CARTESIAN_POINT('',(2.525,-22.075,1.5));
#7869=CARTESIAN_POINT('',(2.525,-22.075,0.));
#7870=CARTESIAN_POINT('',(2.525,-35.075,1.5));
#7871=CARTESIAN_POINT('',(2.525,-22.075,1.5));
#7872=CARTESIAN_POINT('',(2.525,-35.075,0.));
#7873=CARTESIAN_POINT('Origin',(3.025,-35.075,0.));
#7874=CARTESIAN_POINT('',(3.025,-35.575,1.5));
#7875=CARTESIAN_POINT('Origin',(3.025,-35.075,1.5));
#7876=CARTESIAN_POINT('',(3.025,-35.575,0.));
#7877=CARTESIAN_POINT('Origin',(16.025,-35.575,0.));
#7878=CARTESIAN_POINT('',(16.025,-35.575,1.5));
#7879=CARTESIAN_POINT('',(3.025,-35.575,1.5));
#7880=CARTESIAN_POINT('',(16.025,-35.575,0.));
#7881=CARTESIAN_POINT('Origin',(16.025,-35.075,0.));
#7882=CARTESIAN_POINT('',(16.525,-35.075,1.5));
#7883=CARTESIAN_POINT('Origin',(16.025,-35.075,1.5));
#7884=CARTESIAN_POINT('',(16.525,-35.075,0.));
#7885=CARTESIAN_POINT('Origin',(16.525,-22.075,0.));
#7886=CARTESIAN_POINT('',(16.525,-22.075,1.5));
#7887=CARTESIAN_POINT('',(16.525,-22.075,1.5));
#7888=CARTESIAN_POINT('',(16.525,-22.075,0.));
#7889=CARTESIAN_POINT('Origin',(16.025,-22.075,0.));
#7890=CARTESIAN_POINT('',(16.025,-21.575,1.5));
#7891=CARTESIAN_POINT('Origin',(16.025,-22.075,1.5));
#7892=CARTESIAN_POINT('',(16.025,-21.575,0.));
#7893=CARTESIAN_POINT('Origin',(3.025,-21.575,0.));
#7894=CARTESIAN_POINT('',(3.025,-21.575,1.5));
#7895=CARTESIAN_POINT('',(3.025,-21.575,1.5));
#7896=CARTESIAN_POINT('',(3.025,-21.575,0.));
#7897=CARTESIAN_POINT('Origin',(3.025,-22.075,0.));
#7898=CARTESIAN_POINT('Origin',(3.025,-22.075,1.5));
#7899=CARTESIAN_POINT('Origin',(2.525,-54.125,0.));
#7900=CARTESIAN_POINT('',(2.525,-41.125,1.5));
#7901=CARTESIAN_POINT('',(2.525,-41.125,0.));
#7902=CARTESIAN_POINT('',(2.525,-54.125,1.5));
#7903=CARTESIAN_POINT('',(2.525,-41.125,1.5));
#7904=CARTESIAN_POINT('',(2.525,-54.125,0.));
#7905=CARTESIAN_POINT('Origin',(3.025,-54.125,0.));
#7906=CARTESIAN_POINT('',(3.025,-54.625,1.5));
#7907=CARTESIAN_POINT('Origin',(3.025,-54.125,1.5));
#7908=CARTESIAN_POINT('',(3.025,-54.625,0.));
#7909=CARTESIAN_POINT('Origin',(16.025,-54.625,0.));
#7910=CARTESIAN_POINT('',(16.025,-54.625,1.5));
#7911=CARTESIAN_POINT('',(3.025,-54.625,1.5));
#7912=CARTESIAN_POINT('',(16.025,-54.625,0.));
#7913=CARTESIAN_POINT('Origin',(16.025,-54.125,0.));
#7914=CARTESIAN_POINT('',(16.525,-54.125,1.5));
#7915=CARTESIAN_POINT('Origin',(16.025,-54.125,1.5));
#7916=CARTESIAN_POINT('',(16.525,-54.125,0.));
#7917=CARTESIAN_POINT('Origin',(16.525,-41.125,0.));
#7918=CARTESIAN_POINT('',(16.525,-41.125,1.5));
#7919=CARTESIAN_POINT('',(16.525,-41.125,1.5));
#7920=CARTESIAN_POINT('',(16.525,-41.125,0.));
#7921=CARTESIAN_POINT('Origin',(16.025,-41.125,0.));
#7922=CARTESIAN_POINT('',(16.025,-40.625,1.5));
#7923=CARTESIAN_POINT('Origin',(16.025,-41.125,1.5));
#7924=CARTESIAN_POINT('',(16.025,-40.625,0.));
#7925=CARTESIAN_POINT('Origin',(3.025,-40.625,0.));
#7926=CARTESIAN_POINT('',(3.025,-40.625,1.5));
#7927=CARTESIAN_POINT('',(3.025,-40.625,1.5));
#7928=CARTESIAN_POINT('',(3.025,-40.625,0.));
#7929=CARTESIAN_POINT('Origin',(3.025,-41.125,0.));
#7930=CARTESIAN_POINT('Origin',(3.025,-41.125,1.5));
#7931=CARTESIAN_POINT('Origin',(21.575,-73.175,0.));
#7932=CARTESIAN_POINT('',(21.575,-60.175,1.5));
#7933=CARTESIAN_POINT('',(21.575,-60.175,0.));
#7934=CARTESIAN_POINT('',(21.575,-73.175,1.5));
#7935=CARTESIAN_POINT('',(21.575,-60.175,1.5));
#7936=CARTESIAN_POINT('',(21.575,-73.175,0.));
#7937=CARTESIAN_POINT('Origin',(22.075,-73.175,0.));
#7938=CARTESIAN_POINT('',(22.075,-73.675,1.5));
#7939=CARTESIAN_POINT('Origin',(22.075,-73.175,1.5));
#7940=CARTESIAN_POINT('',(22.075,-73.675,0.));
#7941=CARTESIAN_POINT('Origin',(35.075,-73.675,0.));
#7942=CARTESIAN_POINT('',(35.075,-73.675,1.5));
#7943=CARTESIAN_POINT('',(22.075,-73.675,1.5));
#7944=CARTESIAN_POINT('',(35.075,-73.675,0.));
#7945=CARTESIAN_POINT('Origin',(35.075,-73.175,0.));
#7946=CARTESIAN_POINT('',(35.575,-73.175,1.5));
#7947=CARTESIAN_POINT('Origin',(35.075,-73.175,1.5));
#7948=CARTESIAN_POINT('',(35.575,-73.175,0.));
#7949=CARTESIAN_POINT('Origin',(35.575,-60.175,0.));
#7950=CARTESIAN_POINT('',(35.575,-60.175,1.5));
#7951=CARTESIAN_POINT('',(35.575,-60.175,1.5));
#7952=CARTESIAN_POINT('',(35.575,-60.175,0.));
#7953=CARTESIAN_POINT('Origin',(35.075,-60.175,0.));
#7954=CARTESIAN_POINT('',(35.075,-59.675,1.5));
#7955=CARTESIAN_POINT('Origin',(35.075,-60.175,1.5));
#7956=CARTESIAN_POINT('',(35.075,-59.675,0.));
#7957=CARTESIAN_POINT('Origin',(22.075,-59.675,0.));
#7958=CARTESIAN_POINT('',(22.075,-59.675,1.5));
#7959=CARTESIAN_POINT('',(22.075,-59.675,1.5));
#7960=CARTESIAN_POINT('',(22.075,-59.675,0.));
#7961=CARTESIAN_POINT('Origin',(22.075,-60.175,0.));
#7962=CARTESIAN_POINT('Origin',(22.075,-60.175,1.5));
#7963=CARTESIAN_POINT('Origin',(21.575,-35.075,0.));
#7964=CARTESIAN_POINT('',(21.575,-22.075,1.5));
#7965=CARTESIAN_POINT('',(21.575,-22.075,0.));
#7966=CARTESIAN_POINT('',(21.575,-35.075,1.5));
#7967=CARTESIAN_POINT('',(21.575,-22.075,1.5));
#7968=CARTESIAN_POINT('',(21.575,-35.075,0.));
#7969=CARTESIAN_POINT('Origin',(22.075,-35.075,0.));
#7970=CARTESIAN_POINT('',(22.075,-35.575,1.5));
#7971=CARTESIAN_POINT('Origin',(22.075,-35.075,1.5));
#7972=CARTESIAN_POINT('',(22.075,-35.575,0.));
#7973=CARTESIAN_POINT('Origin',(35.075,-35.575,0.));
#7974=CARTESIAN_POINT('',(35.075,-35.575,1.5));
#7975=CARTESIAN_POINT('',(22.075,-35.575,1.5));
#7976=CARTESIAN_POINT('',(35.075,-35.575,0.));
#7977=CARTESIAN_POINT('Origin',(35.075,-35.075,0.));
#7978=CARTESIAN_POINT('',(35.575,-35.075,1.5));
#7979=CARTESIAN_POINT('Origin',(35.075,-35.075,1.5));
#7980=CARTESIAN_POINT('',(35.575,-35.075,0.));
#7981=CARTESIAN_POINT('Origin',(35.575,-22.075,0.));
#7982=CARTESIAN_POINT('',(35.575,-22.075,1.5));
#7983=CARTESIAN_POINT('',(35.575,-22.075,1.5));
#7984=CARTESIAN_POINT('',(35.575,-22.075,0.));
#7985=CARTESIAN_POINT('Origin',(35.075,-22.075,0.));
#7986=CARTESIAN_POINT('',(35.075,-21.575,1.5));
#7987=CARTESIAN_POINT('Origin',(35.075,-22.075,1.5));
#7988=CARTESIAN_POINT('',(35.075,-21.575,0.));
#7989=CARTESIAN_POINT('Origin',(22.075,-21.575,0.));
#7990=CARTESIAN_POINT('',(22.075,-21.575,1.5));
#7991=CARTESIAN_POINT('',(22.075,-21.575,1.5));
#7992=CARTESIAN_POINT('',(22.075,-21.575,0.));
#7993=CARTESIAN_POINT('Origin',(22.075,-22.075,0.));
#7994=CARTESIAN_POINT('Origin',(22.075,-22.075,1.5));
#7995=CARTESIAN_POINT('Origin',(-8.49,7.56,0.));
#7996=CARTESIAN_POINT('',(-10.19,7.56,1.5));
#7997=CARTESIAN_POINT('Origin',(-8.49,7.56,1.5));
#7998=CARTESIAN_POINT('',(-10.19,7.56,0.));
#7999=CARTESIAN_POINT('Origin',(-8.49,-82.44,0.));
#8000=CARTESIAN_POINT('',(-10.19,-82.44,1.5));
#8001=CARTESIAN_POINT('Origin',(-8.49,-82.44,1.5));
#8002=CARTESIAN_POINT('',(-10.19,-82.44,0.));
#8003=CARTESIAN_POINT('Origin',(66.51,7.56,0.));
#8004=CARTESIAN_POINT('',(64.81,7.56,1.5));
#8005=CARTESIAN_POINT('Origin',(66.51,7.56,1.5));
#8006=CARTESIAN_POINT('',(64.81,7.56,0.));
#8007=CARTESIAN_POINT('Origin',(71.51,12.56,0.));
#8008=CARTESIAN_POINT('',(18.51,12.56,1.5));
#8009=CARTESIAN_POINT('',(18.51,12.56,0.));
#8010=CARTESIAN_POINT('',(-13.49,12.56,1.5));
#8011=CARTESIAN_POINT('Origin',(-13.49,-87.44,0.));
#8012=CARTESIAN_POINT('',(71.51,-87.44,1.5));
#8013=CARTESIAN_POINT('Origin',(0.0099999999999989,12.56,0.));
#8014=CARTESIAN_POINT('',(0.00999999999999446,12.56,1.5));
#8015=CARTESIAN_POINT('',(-13.49,12.56,1.5));
#8016=CARTESIAN_POINT('',(0.0099999999999989,12.56,0.));
#8017=CARTESIAN_POINT('Origin',(0.0099999999999989,-18.44,0.));
#8018=CARTESIAN_POINT('',(0.00999999999999446,-18.44,1.5));
#8019=CARTESIAN_POINT('',(0.0099999999999989,-18.44,1.5));
#8020=CARTESIAN_POINT('',(0.0099999999999989,-18.44,0.));
#8021=CARTESIAN_POINT('Origin',(18.51,-18.44,0.));
#8022=CARTESIAN_POINT('',(18.51,-18.44,1.5));
#8023=CARTESIAN_POINT('',(18.51,-18.44,1.5));
#8024=CARTESIAN_POINT('',(18.51,-18.44,0.));
#8025=CARTESIAN_POINT('Origin',(18.51,12.56,0.));
#8026=CARTESIAN_POINT('',(18.51,12.56,1.5));
#8027=CARTESIAN_POINT('Origin',(29.01,-37.44,1.5));
#8028=UNCERTAINTY_MEASURE_WITH_UNIT(LENGTH_MEASURE(0.01),#8032,
'DISTANCE_ACCURACY_VALUE',
'Maximum model space distance between geometric entities at asserted c
onnectivities');
#8029=UNCERTAINTY_MEASURE_WITH_UNIT(LENGTH_MEASURE(0.01),#8032,
'DISTANCE_ACCURACY_VALUE',
'Maximum model space distance between geometric entities at asserted c
onnectivities');
#8030=(
GEOMETRIC_REPRESENTATION_CONTEXT(3)
GLOBAL_UNCERTAINTY_ASSIGNED_CONTEXT((#8028))
GLOBAL_UNIT_ASSIGNED_CONTEXT((#8032,#8034,#8035))
REPRESENTATION_CONTEXT('','3D')
);
#8031=(
GEOMETRIC_REPRESENTATION_CONTEXT(3)
GLOBAL_UNCERTAINTY_ASSIGNED_CONTEXT((#8029))
GLOBAL_UNIT_ASSIGNED_CONTEXT((#8032,#8034,#8035))
REPRESENTATION_CONTEXT('','3D')
);
#8032=(
LENGTH_UNIT()
NAMED_UNIT(*)
SI_UNIT(.MILLI.,.METRE.)
);
#8033=(
LENGTH_UNIT()
NAMED_UNIT(*)
SI_UNIT($,.METRE.)
);
#8034=(
NAMED_UNIT(*)
PLANE_ANGLE_UNIT()
SI_UNIT($,.RADIAN.)
);
#8035=(
NAMED_UNIT(*)
SI_UNIT($,.STERADIAN.)
SOLID_ANGLE_UNIT()
);
#8036=SHAPE_DEFINITION_REPRESENTATION(#8037,#8038);
#8037=PRODUCT_DEFINITION_SHAPE('',$,#8040);
#8038=SHAPE_REPRESENTATION('',(#4240),#8030);
#8039=PRODUCT_DEFINITION_CONTEXT('part definition',#8044,'design');
#8040=PRODUCT_DEFINITION('2025-12-17-15-46-04-432',
'Hackpad Upper model',#8041,#8039);
#8041=PRODUCT_DEFINITION_FORMATION('',$,#8046);
#8042=PRODUCT_RELATED_PRODUCT_CATEGORY('Hackpad Upper model',
'Hackpad Upper model',(#8046));
#8043=APPLICATION_PROTOCOL_DEFINITION('international standard',
'automotive_design',2009,#8044);
#8044=APPLICATION_CONTEXT(
'Core Data for Automotive Mechanical Design Process');
#8045=PRODUCT_CONTEXT('part definition',#8044,'mechanical');
#8046=PRODUCT('2025-12-17-15-46-04-432','Hackpad Upper model',$,(#8045));
#8047=PRESENTATION_STYLE_ASSIGNMENT((#8048));
#8048=SURFACE_STYLE_USAGE(.BOTH.,#8049);
#8049=SURFACE_SIDE_STYLE('',(#8050));
#8050=SURFACE_STYLE_FILL_AREA(#8051);
#8051=FILL_AREA_STYLE('Steel - Satin',(#8052));
#8052=FILL_AREA_STYLE_COLOUR('Steel - Satin',#8053);
#8053=COLOUR_RGB('Steel - Satin',0.627450980392157,0.627450980392157,0.627450980392157);
ENDSEC;
END-ISO-10303-21;
